series,part,tree,points
1,1,134,2
1,2,134,5
1,3,134,3
1,4,131,2
1,5,131,3
2,2,20,3
2,3,20,2
2,4,127,2
2,5,20,5
3,1,115,3
3,2,115,2
3,3,115,2
3,4,89,6
3,5,115,3
4,1,111,3
4,2,111,2
4,3,111,5
4,4,130,3
4,5,130,3
5,1,111,4
5,2,111,2
5,3,111,4
5,4,130,3
5,5,130,3
6,1,10,1
6,2,10,6
6,3,10,2
6,4,10,2
6,5,10,4
7,1,70,2
7,2,70,4
7,2,82,2
7,3,70,2
7,3,82,1
7,4,70,2
7,5,82,2
8,2,114,3
8,2,9,1
8,4,114,3
8,4,9,2
8,5,114,4
8,5,9,1
9,1,130,2
9,1,113,3
9,2,130,2
9,3,130,3
9,4,113,6
9,5,113,1
10,1,130,3
10,1,113,3
10,2,130,2
10,3,130,2
10,4,113,6
10,5,113,1
11,1,87,4
11,2,87,2
11,2,89,4
11,3,87,2
11,4,87,2
11,5,89,6
12,1,87,5
12,2,87,2
12,2,89,4
12,3,87,2
12,4,87,1
12,5,89,6
13,4,3,8
14,4,14,8
15,1,33,3
15,2,33,2
16,1,33,4
16,2,33,1
17,3,127,3
17,5,127,5
18,3,127,3
18,5,127,5
19,3,88,4
19,5,88,3
20,3,88,4
20,5,88,3
21,3,70,4
21,5,70,3
22,3,70,4
22,5,70,3
23,1,18,3
23,1,27,1
23,1,19,-2
23,2,18,3
23,2,19,-2
23,3,27,3
23,4,18,4
23,4,19,-2
23,5,27,2
24,1,18,3
24,1,27,2
24,1,19,-2
24,2,18,3
24,2,19,-2
24,3,27,2
24,4,18,4
24,4,19,-2
24,5,27,2
25,1,107,3
25,2,107,4
25,2,88,1
25,3,107,1
25,4,88,2
25,5,107,2
26,1,107,4
26,2,107,4
26,2,88,1
26,3,107,1
26,4,88,2
26,5,107,1
27,1,4,3
27,1,2,-3
27,2,4,4
27,2,2,-4
27,3,28,4
27,4,28,4
27,5,4,3
27,5,2,-3
28,1,4,4
28,1,2,-3
28,2,4,4
28,2,2,-4
28,3,28,4
28,4,28,4
28,5,4,2
28,5,2,-3
29,1,30,3
29,1,8,3
29,1,3,-3
29,2,30,5
29,3,8,2
29,3,3,-2
29,4,8,5
29,4,3,-5
30,1,30,3
30,1,8,4
30,1,3,-3
30,2,30,5
30,3,8,2
30,3,3,-2
30,4,8,4
30,4,3,-5
31,1,2,2
31,1,1,-2
31,2,29,3
31,2,2,3
31,2,1,-3
31,3,2,3
31,3,1,-3
31,4,2,2
31,4,1,-2
31,5,29,5
32,1,2,3
32,1,1,-2
32,2,29,3
32,2,2,3
32,2,1,-3
32,3,2,3
32,3,1,-3
32,4,2,1
32,4,1,-2
32,5,29,5
33,1,33,1
33,1,32,-2
33,2,42,2
33,3,42,3
33,4,42,5
33,5,33,2
33,5,32,-1
34,1,33,2
34,1,32,-2
34,2,42,2
34,3,42,3
34,4,42,5
34,5,33,1
34,5,32,-1
35,1,31,3
35,2,31,4
35,2,25,1
35,3,25,3
35,4,25,4
35,5,31,3
35,5,25,3
36,1,31,4
36,2,31,4
36,2,25,1
36,3,25,3
36,4,25,4
36,5,31,2
36,5,25,3
37,1,36,1
37,1,21,-2
37,2,36,2
37,2,33,2
37,2,21,-2
37,3,36,2
37,3,21,-2
37,4,33,3
37,4,21,-2
37,5,36,5
37,5,21,-3
38,1,69,1
38,1,21,-2
38,2,69,2
38,2,33,2
38,2,21,-2
38,3,69,2
38,3,21,-2
38,4,33,3
38,4,21,-2
38,5,69,5
38,5,21,-3
39,1,85,2
39,1,79,-2
39,3,85,4
39,3,79,-2
40,1,47,2
40,1,79,-2
40,3,47,4
40,3,79,-2
41,1,122,6
41,2,122,2
41,3,122,4
41,4,122,1
41,5,122,3
42,1,90,5
42,2,90,1
42,2,28,3
42,3,28,2
42,4,90,1
42,4,28,1
42,5,90,3
43,1,90,6
43,2,90,1
43,2,28,3
43,3,28,2
43,4,90,1
43,4,28,1
43,5,90,2
44,1,98,3
44,1,18,2
44,1,115,-3
44,2,98,4
44,2,115,-4
44,3,18,3
44,4,98,3
44,4,115,-3
44,5,18,3
45,1,98,3
45,1,18,3
45,1,115,-3
45,2,98,4
45,2,115,-4
45,3,18,2
45,4,98,3
45,4,115,-3
45,5,18,3
46,1,98,7
46,1,115,-3
47,1,132,3
47,2,19,2
47,2,132,2
47,2,18,-2
47,3,19,3
47,3,132,3
47,3,18,-3
47,5,19,5
47,5,132,2
47,5,18,-5
48,1,132,4
48,2,19,2
48,2,132,2
48,2,18,-2
48,3,19,3
48,3,132,2
48,3,18,-3
48,5,19,5
48,5,132,2
48,5,18,-5
49,1,9,2
49,1,28,2
49,1,10,-2
49,2,28,4
49,3,9,2
49,3,10,-2
49,4,9,5
49,4,10,-5
49,5,9,1
49,5,28,3
49,5,10,-1
50,1,9,2
50,1,28,3
50,1,10,-2
50,2,28,4
50,3,9,2
50,3,10,-2
50,4,9,5
50,4,10,-5
50,5,9,1
50,5,28,2
50,5,10,-1
51,1,27,3
51,2,106,3
51,3,106,5
51,4,106,2
51,4,27,3
51,5,27,4
52,1,34,3
52,1,6,2
52,2,34,2
52,3,34,4
52,3,6,2
52,4,6,3
52,5,34,1
53,1,45,3
53,1,6,2
53,2,45,2
53,3,45,4
53,3,6,2
53,4,6,3
53,5,45,1
54,1,18,2
54,2,85,2
54,3,85,1
54,3,18,2
54,4,85,4
54,4,18,2
54,5,85,3
55,1,18,3
55,2,46,2
55,3,46,1
55,3,18,2
55,4,46,4
55,4,18,1
55,5,46,3
56,1,30,3
56,2,6,4
56,2,30,1
56,2,135,-2
56,3,30,5
56,4,6,1
56,4,30,1
56,4,135,-1
56,5,6,5
56,5,135,-2
57,1,30,4
57,2,6,4
57,2,30,1
57,2,135,-2
57,3,30,4
57,4,6,1
57,4,30,1
57,4,135,-1
57,5,6,5
57,5,135,-2
58,1,5,3
58,1,115,-3
58,2,5,1
58,2,23,4
58,3,5,2
58,3,23,2
58,3,115,-1
58,4,5,2
58,4,115,-1
58,5,5,1
58,5,23,4
59,1,5,4
59,1,115,-3
59,2,5,1
59,2,23,4
59,3,5,2
59,3,23,2
59,3,115,-1
59,4,5,2
59,4,115,-1
59,5,5,1
59,5,23,4
60,5,27,7
61,5,27,7
62,1,131,2
62,2,131,2
62,3,131,3
62,3,127,3
62,4,131,2
62,5,131,4
62,5,127,2
63,1,131,3
63,2,131,2
63,3,131,3
63,3,127,3
63,4,131,1
63,5,131,4
63,5,127,2
64,1,128,3
64,1,119,1
64,2,128,2
64,2,119,2
64,3,119,5
64,4,128,4
64,5,128,1
65,1,128,4
65,1,119,1
65,2,128,2
65,2,119,2
65,3,119,5
65,4,128,3
65,5,128,1
66,1,123,2
66,1,117,-1
66,2,123,2
66,2,117,-1
66,4,123,2
66,4,117,-1
67,1,123,3
67,1,117,-1
67,2,123,2
67,2,117,-1
67,4,123,1
67,4,117,-1
68,1,18,3
68,1,79,2
68,1,78,-1
68,2,79,1
68,3,18,5
68,4,79,3
68,4,78,-2
68,5,18,2
68,5,79,4
68,5,78,-2
69,1,18,3
69,1,79,3
69,1,78,-1
69,2,79,1
69,3,18,5
69,4,79,3
69,4,78,-2
69,5,18,2
69,5,79,3
69,5,78,-2
70,1,18,3
70,1,79,2
70,1,78,-1
70,2,79,1
70,3,18,5
70,4,79,3
70,4,78,-2
70,5,18,2
70,5,79,4
70,5,78,-2
71,1,18,3
71,1,79,3
71,1,78,-1
71,2,79,1
71,3,18,5
71,4,79,3
71,4,78,-2
71,5,18,2
71,5,79,3
71,5,78,-2
72,1,15,2
72,1,31,2
72,1,82,-2
72,2,31,3
72,3,15,3
72,3,82,-1
72,4,15,5
72,4,82,-3
72,5,31,5
73,1,15,3
73,1,31,2
73,1,82,-2
73,2,31,3
73,3,15,2
73,3,82,-1
73,4,15,5
73,4,82,-3
73,5,31,5
74,1,104,4
74,2,90,3
74,2,104,4
75,1,104,5
75,2,90,3
75,2,104,3
76,1,27,4
76,2,77,3
76,2,27,2
76,2,79,-3
76,3,77,2
76,3,79,-1
76,4,27,4
76,5,77,5
76,5,79,-3
77,1,27,5
77,2,77,3
77,2,27,2
77,2,79,-3
77,3,77,2
77,3,79,-1
77,4,27,3
77,5,77,5
77,5,79,-3
78,1,127,3
78,2,120,3
78,3,127,4
78,4,120,4
78,5,120,3
78,5,127,3
79,1,127,4
79,2,120,3
79,3,127,4
79,4,120,4
79,5,120,3
79,5,127,2
80,1,73,1
80,1,70,2
80,1,18,-1
80,2,70,5
80,3,73,4
80,3,18,-2
80,4,73,3
80,4,70,3
80,4,18,-2
80,5,73,2
80,5,18,-1
81,1,73,2
81,1,70,2
81,1,18,-1
81,2,70,5
81,3,73,3
81,3,18,-2
81,4,73,3
81,4,70,3
81,4,18,-2
81,5,73,2
81,5,18,-1
82,1,73,1
82,1,70,2
82,1,18,-1
82,2,70,5
82,3,73,4
82,3,18,-2
82,4,73,3
82,4,70,3
82,4,18,-2
82,5,73,2
82,5,18,-1
83,1,73,2
83,1,70,2
83,1,18,-1
83,2,70,5
83,3,73,3
83,3,18,-2
83,4,73,3
83,4,70,3
83,4,18,-2
83,5,73,2
83,5,18,-1
84,2,124,3
84,4,124,2
84,5,124,2
85,2,124,3
85,4,124,2
85,5,124,2
86,2,86,3
86,4,86,4
87,2,68,3
87,4,68,4
88,1,111,7
89,1,112,7
90,1,10,3
90,2,29,2
90,2,10,3
90,3,29,5
90,4,29,4
90,4,10,2
91,1,10,4
91,2,29,2
91,2,10,3
91,3,29,5
91,4,29,4
91,4,10,1
92,1,92,7
93,1,135,2
93,1,115,-2
93,2,135,2
93,2,115,-2
93,3,135,2
93,3,115,-2
93,5,135,2
93,5,115,-2
94,1,135,3
94,1,115,-2
94,2,135,1
94,2,115,-2
94,3,135,2
94,3,115,-2
94,5,135,2
94,5,115,-2
95,1,135,2
95,1,115,-2
95,2,135,2
95,2,115,-2
95,3,135,2
95,3,115,-2
95,5,135,2
95,5,115,-2
96,1,135,3
96,1,115,-2
96,2,135,1
96,2,115,-2
96,3,135,2
96,3,115,-2
96,5,135,2
96,5,115,-2
97,1,135,2
97,1,115,-2
97,2,135,2
97,2,115,-2
97,3,135,2
97,3,115,-2
97,5,135,2
97,5,115,-2
98,1,135,3
98,1,115,-2
98,2,135,1
98,2,115,-2
98,3,135,2
98,3,115,-2
98,5,135,2
98,5,115,-2
99,1,135,2
99,1,115,-2
99,2,135,2
99,2,115,-2
99,3,135,2
99,3,115,-2
99,4,135,2
99,4,115,-2
99,5,135,2
99,5,115,-2
100,1,135,3
100,1,115,-2
100,2,135,1
100,2,115,-2
100,3,135,2
100,3,115,-2
100,4,135,2
100,4,115,-2
100,5,135,2
100,5,115,-2
101,1,112,2
101,2,1,2
101,2,112,2
101,2,4,-2
101,3,1,2
101,3,112,2
101,3,4,-2
101,4,1,1
101,4,112,2
101,4,4,-1
101,5,1,5
101,5,4,-5
102,1,112,3
102,2,1,2
102,2,112,2
102,2,4,-2
102,3,1,2
102,3,112,2
102,3,4,-2
102,4,1,1
102,4,112,1
102,4,4,-1
102,5,1,5
102,5,4,-5
103,1,27,2
103,1,18,3
103,1,19,-3
103,2,27,2
103,2,18,3
103,2,19,-3
103,3,27,7
103,4,18,2
103,4,19,-2
103,5,18,1
103,5,19,-1
104,1,27,3
104,1,18,3
104,1,19,-3
104,2,27,2
104,2,18,3
104,2,19,-3
104,3,27,7
104,4,18,2
104,4,19,-2
104,5,18,1
104,5,19,-1
105,1,82,1
105,1,8,3
105,1,20,-1
105,2,82,2
105,2,8,3
105,2,20,-2
105,3,82,1
105,3,8,4
105,3,20,-1
105,4,82,2
105,4,20,-2
105,5,82,3
105,5,20,-3
106,1,82,1
106,1,8,4
106,1,20,-1
106,2,82,2
106,2,8,3
106,2,20,-2
106,3,82,1
106,3,8,3
106,3,20,-1
106,4,82,2
106,4,20,-2
106,5,82,3
106,5,20,-3
107,1,1,2
107,1,78,2
107,1,121,-2
107,2,1,4
107,2,78,1
107,2,121,-1
107,3,1,4
107,3,78,1
107,3,121,-1
107,4,1,3
107,4,78,3
107,4,121,-3
107,5,78,3
107,5,121,-3
108,1,1,3
108,1,78,2
108,1,121,-2
108,2,1,3
108,2,78,1
108,2,121,-1
108,3,1,4
108,3,78,1
108,3,121,-1
108,4,1,3
108,4,78,3
108,4,121,-3
108,5,78,3
108,5,121,-3
109,1,20,3
109,1,7,2
109,1,3,-3
109,2,20,2
109,2,7,1
109,2,3,-1
109,3,20,5
109,4,7,3
109,4,3,-3
109,5,7,4
109,5,3,-3
110,1,20,3
110,1,7,3
110,1,3,-3
110,2,20,2
110,2,7,1
110,2,3,-1
110,3,20,5
110,4,7,3
110,4,3,-3
110,5,7,3
110,5,3,-3
111,1,85,2
111,1,19,3
111,1,79,-2
111,2,85,3
111,2,20,2
111,2,79,-3
111,3,85,1
111,3,19,2
111,3,79,-1
111,4,85,4
111,4,79,-3
112,1,46,2
112,1,19,3
112,1,45,-2
112,2,46,3
112,2,20,2
112,2,45,-3
112,3,46,1
112,3,19,2
112,3,45,-1
112,4,46,4
112,4,45,-3
113,1,77,4
113,1,16,1
113,1,80,-2
113,2,77,1
113,2,16,3
113,2,80,-2
113,3,77,1
113,3,16,2
113,3,80,-2
113,4,16,4
113,4,80,-2
113,5,77,2
113,5,80,-2
114,1,77,4
114,1,16,2
114,1,80,-2
114,2,77,1
114,2,16,3
114,2,80,-2
114,3,77,1
114,3,16,2
114,3,80,-2
114,4,16,3
114,4,80,-2
114,5,77,2
114,5,80,-2
115,1,80,1
115,1,121,3
115,1,82,-2
115,2,80,3
115,2,82,-3
115,3,80,1
115,3,121,4
115,4,80,4
115,4,82,-3
115,5,80,1
115,5,121,3
116,1,80,2
116,1,121,3
116,1,82,-2
116,2,80,2
116,2,82,-3
116,3,80,1
116,3,121,4
116,4,80,4
116,4,82,-3
116,5,80,1
116,5,121,3
117,1,71,2
117,1,3,4
117,2,71,2
117,2,3,1
117,3,71,2
117,3,3,1
117,4,71,2
117,4,3,4
117,5,71,2
118,1,71,3
118,1,3,4
118,2,71,2
118,2,3,1
118,3,71,2
118,3,3,1
118,4,71,2
118,4,3,4
118,5,71,1
119,1,118,3
119,2,118,2
119,2,117,3
119,3,118,1
119,4,117,4
119,5,118,4
119,5,117,1
120,1,118,4
120,2,118,1
120,2,117,3
120,3,118,1
120,4,117,4
120,5,118,4
120,5,117,1
121,1,117,1
121,1,20,2
121,1,118,-1
121,2,117,2
121,2,20,2
121,2,118,-2
121,3,117,1
121,3,20,3
121,3,118,-1
121,4,117,2
121,4,20,2
121,4,118,-2
121,5,117,3
121,5,20,1
121,5,118,-3
122,1,117,2
122,1,20,2
122,1,118,-1
122,2,117,2
122,2,20,2
122,2,118,-2
122,3,117,1
122,3,20,3
122,3,118,-1
122,4,117,1
122,4,20,2
122,4,118,-2
122,5,117,3
122,5,20,1
122,5,118,-3
123,1,123,4
123,1,117,-2
123,2,123,3
123,2,122,3
123,2,117,-1
123,3,123,1
123,3,122,2
123,3,117,-1
123,4,122,4
123,4,117,-1
123,5,123,2
123,5,122,2
123,5,117,-1
124,1,123,4
124,1,117,-2
124,2,123,3
124,2,122,3
124,2,117,-1
124,3,123,1
124,3,122,2
124,3,117,-1
124,4,122,4
124,4,117,-1
124,5,123,2
124,5,122,2
124,5,117,-1
125,1,79,2
125,1,30,3
125,1,78,-2
125,2,79,4
125,2,78,-2
125,3,79,2
125,3,30,2
125,3,78,-1
125,4,79,2
125,4,30,2
125,4,78,-2
125,5,30,6
126,1,79,3
126,1,30,3
126,1,78,-2
126,2,79,4
126,2,78,-2
126,3,79,1
126,3,30,2
126,3,78,-1
126,4,79,2
126,4,30,2
126,4,78,-2
126,5,30,6
127,1,36,1
127,1,70,5
127,1,23,-2
127,2,36,2
127,2,70,2
127,2,23,-2
127,3,36,4
127,3,23,-2
127,4,36,2
127,4,70,3
127,4,23,-2
127,5,36,1
127,5,70,3
127,5,23,-2
128,1,69,1
128,1,70,5
128,1,23,-2
128,2,69,2
128,2,70,2
128,2,23,-2
128,3,69,4
128,3,23,-2
128,4,69,2
128,4,70,3
128,4,23,-2
128,5,69,1
128,5,70,3
128,5,23,-2
129,1,5,4
129,1,137,1
129,1,115,-2
129,2,5,3
129,2,137,1
129,2,115,-2
129,3,5,2
129,3,137,2
129,3,115,-1
129,4,5,1
129,4,137,3
129,4,115,-1
129,5,137,3
130,1,5,4
130,1,137,2
130,1,115,-2
130,2,5,3
130,2,137,1
130,2,115,-2
130,3,5,2
130,3,137,2
130,3,115,-1
130,4,5,1
130,4,137,2
130,4,115,-1
130,5,137,3
131,1,83,3
131,1,70,2
131,1,25,-2
131,2,83,2
131,2,70,3
131,2,25,-2
131,3,83,1
131,3,70,3
131,3,25,-2
131,5,83,4
132,1,83,3
132,1,70,3
132,1,25,-2
132,2,83,2
132,2,70,3
132,2,25,-2
132,3,83,1
132,3,70,2
132,3,25,-2
132,5,83,4
133,1,137,2
133,1,16,3
133,1,98,-2
133,2,137,3
133,2,98,-2
133,3,137,1
133,3,16,3
133,3,98,-2
133,4,137,3
133,4,16,3
133,4,98,-2
133,5,137,1
133,5,16,4
133,5,98,-2
134,1,137,3
134,1,16,3
134,1,98,-2
134,2,137,2
134,2,98,-2
134,3,137,1
134,3,16,3
134,3,98,-2
134,4,137,3
134,4,16,3
134,4,98,-2
134,5,137,1
134,5,16,4
134,5,98,-2
135,1,28,2
135,1,92,2
135,2,28,2
135,2,92,2
135,3,28,5
135,4,92,4
135,5,28,5
136,1,28,2
136,1,92,3
136,2,28,2
136,2,92,1
136,3,28,5
136,4,92,4
136,5,28,5
139,1,70,5
139,2,70,2
139,2,80,1
139,3,70,1
139,3,80,3
139,4,70,5
139,4,80,1
139,5,80,5
140,1,70,6
140,2,70,2
140,2,80,1
140,3,70,1
140,3,80,3
140,4,70,4
140,4,80,1
140,5,80,5
141,1,70,5
141,2,70,2
141,2,80,1
141,3,70,1
141,3,80,3
141,4,70,5
141,4,80,1
141,5,80,5
142,1,70,6
142,2,70,2
142,2,80,1
142,3,70,1
142,3,80,3
142,4,70,4
142,4,80,1
142,5,80,5
143,2,14,5
143,2,29,1
143,3,14,3
143,3,29,3
143,5,29,6
144,2,14,5
144,2,29,1
144,3,14,3
144,3,29,3
144,5,29,6
145,1,5,2
145,1,37,2
145,1,22,-2
145,2,5,2
145,2,37,3
145,2,22,-2
145,3,5,2
145,3,37,1
145,3,22,-2
145,4,5,1
145,4,37,2
145,4,22,-2
145,5,5,3
145,5,22,-4
146,1,5,2
146,1,68,2
146,1,22,-2
146,2,5,2
146,2,68,3
146,2,22,-2
146,3,5,2
146,3,68,1
146,3,22,-2
146,4,5,1
146,4,68,2
146,4,22,-2
146,5,5,3
146,5,22,-4
147,1,5,7
147,1,115,-5
148,1,17,5
148,2,41,4
148,3,41,1
148,3,17,3
148,4,41,2
148,4,17,2
148,5,41,3
149,1,17,6
149,2,50,4
149,3,50,1
149,3,17,2
149,4,50,2
149,4,17,2
149,5,50,3
150,1,71,4
150,1,18,2
150,1,19,-2
150,2,71,3
150,3,71,1
150,3,18,4
150,3,19,-3
150,4,71,2
150,4,18,2
150,5,18,4
150,5,19,-3
151,1,71,4
151,1,18,3
151,1,19,-2
151,2,71,3
151,3,71,1
151,3,18,4
151,3,19,-3
151,4,71,2
151,4,18,1
151,5,18,4
151,5,19,-3
152,1,80,2
152,1,33,-2
152,2,80,2
152,2,33,-2
152,3,80,1
152,3,85,3
152,3,33,-2
152,4,80,3
152,4,85,2
152,4,33,-2
152,5,80,2
152,5,85,3
152,5,33,-2
153,1,80,3
153,1,33,-2
153,2,80,2
153,2,33,-2
153,3,80,1
153,3,49,3
153,3,33,-2
153,4,80,2
153,4,49,2
153,4,33,-2
153,5,80,2
153,5,49,3
153,5,33,-2
154,1,93,1
154,1,74,2
154,1,24,-2
154,2,93,1
154,2,74,2
154,2,24,-2
154,3,93,3
154,3,74,2
154,3,24,-2
154,4,93,2
154,4,74,2
154,4,24,-2
154,5,93,3
154,5,74,2
154,5,24,-2
155,1,93,2
155,1,74,2
155,1,24,-2
155,2,93,1
155,2,74,2
155,2,24,-2
155,3,93,3
155,3,74,2
155,3,24,-2
155,4,93,2
155,4,74,2
155,4,24,-2
155,5,93,2
155,5,74,2
155,5,24,-2
156,1,84,2
156,1,121,2
156,1,23,-2
156,2,84,3
156,2,121,1
156,2,23,-2
156,3,84,1
156,3,121,2
156,3,23,-2
156,4,84,2
156,4,121,2
156,4,23,-2
156,5,84,2
156,5,121,3
156,5,23,-2
157,1,84,2
157,1,121,3
157,1,23,-2
157,2,84,3
157,2,121,1
157,2,23,-2
157,3,84,1
157,3,121,1
157,3,23,-2
157,4,84,2
157,4,121,2
157,4,23,-2
157,5,84,2
157,5,121,3
157,5,23,-2
158,1,72,2
158,1,4,2
158,1,24,-2
158,2,72,3
158,2,4,2
158,2,24,-2
158,3,72,2
158,3,4,1
158,3,24,-2
158,4,72,2
158,4,4,2
158,4,24,-2
158,5,72,1
158,5,4,3
158,5,24,-2
159,1,72,3
159,1,4,2
159,1,24,-2
159,2,72,3
159,2,4,2
159,2,24,-2
159,3,72,1
159,3,4,1
159,3,24,-2
159,4,72,2
159,4,4,2
159,4,24,-2
159,5,72,1
159,5,4,3
159,5,24,-2
160,1,11,1
160,1,127,2
160,1,21,-2
160,2,11,3
160,2,127,2
160,2,21,-2
160,3,11,1
160,3,21,-2
160,4,11,3
160,4,127,2
160,4,21,-2
160,5,11,2
160,5,127,4
160,5,21,-2
161,1,11,2
161,1,127,2
161,1,21,-2
161,2,11,3
161,2,127,2
161,2,21,-2
161,3,11,1
161,3,21,-2
161,4,11,2
161,4,127,2
161,4,21,-2
161,5,11,2
161,5,127,4
161,5,21,-2
162,1,38,3
162,1,37,1
162,1,22,-2
162,2,38,3
162,2,37,1
162,2,22,-2
162,3,38,2
162,3,37,3
162,3,22,-2
162,4,38,1
162,4,37,3
162,4,22,-2
162,5,38,1
162,5,37,1
162,5,22,-2
163,1,38,3
163,1,46,1
163,1,22,-2
163,2,38,3
163,2,46,1
163,2,22,-2
163,3,38,2
163,3,46,3
163,3,22,-2
163,4,38,1
163,4,46,3
163,4,22,-2
163,5,38,1
163,5,46,1
163,5,22,-2
164,1,15,5
164,1,85,-2
164,2,15,2
164,2,82,2
164,2,85,-2
164,3,82,3
164,3,85,-2
164,4,15,3
164,4,82,1
164,4,85,-2
164,5,82,3
164,5,85,-2
165,1,15,6
165,1,85,-2
165,2,15,1
165,2,82,2
165,2,85,-2
165,3,82,3
165,3,85,-2
165,4,15,3
165,4,82,1
165,4,85,-2
165,5,82,3
165,5,85,-2
166,1,40,3
166,1,78,-2
166,2,40,1
166,2,79,3
166,2,78,-2
166,3,40,3
166,3,79,3
166,3,78,-2
166,4,40,2
166,4,79,1
166,4,78,-2
166,5,40,1
166,5,79,3
166,5,78,-2
167,1,66,3
167,1,78,-2
167,2,66,1
167,2,79,3
167,2,78,-2
167,3,66,3
167,3,79,3
167,3,78,-2
167,4,66,2
167,4,79,1
167,4,78,-2
167,5,66,1
167,5,79,3
167,5,78,-2
168,1,123,3
168,1,5,1
168,1,117,-2
168,2,123,3
168,2,5,2
168,2,117,-2
168,3,123,3
168,3,5,2
168,3,117,-2
168,4,123,3
168,4,5,2
168,4,117,-2
168,5,123,2
168,5,5,2
168,5,117,-1
169,1,123,4
169,1,5,1
169,1,117,-2
169,2,123,3
169,2,5,2
169,2,117,-2
169,3,123,2
169,3,5,2
169,3,117,-2
169,4,123,3
169,4,5,2
169,4,117,-2
169,5,123,2
169,5,5,2
169,5,117,-1
170,1,32,2
170,1,115,2
170,1,119,-2
170,2,32,3
170,2,115,1
170,2,119,-2
170,3,32,1
170,3,115,2
170,3,119,-2
170,4,32,1
170,4,115,3
170,4,119,-2
170,5,32,3
170,5,115,1
170,5,119,-2
171,1,32,2
171,1,115,3
171,1,119,-2
171,2,32,3
171,2,115,1
171,2,119,-2
171,3,32,1
171,3,115,2
171,3,119,-2
171,4,32,1
171,4,115,2
171,4,119,-2
171,5,32,3
171,5,115,1
171,5,119,-2
172,1,94,3
172,1,16,3
172,1,106,-2
172,2,94,1
172,2,16,2
172,2,106,-2
172,3,94,2
172,3,16,4
172,3,106,-2
172,4,94,3
172,4,16,1
172,4,106,-2
172,5,94,1
172,5,16,1
172,5,106,-2
173,1,94,3
173,1,16,4
173,1,106,-2
173,2,94,1
173,2,16,2
173,2,106,-2
173,3,94,2
173,3,16,3
173,3,106,-2
173,4,94,3
173,4,16,1
173,4,106,-2
173,5,94,1
173,5,16,1
173,5,106,-2
174,1,95,3
174,2,95,1
174,2,35,2
174,3,95,2
174,3,35,2
174,4,95,2
174,4,35,1
174,5,95,2
174,5,35,3
175,1,95,3
175,2,95,1
175,2,35,2
175,3,95,2
175,3,35,2
175,4,95,2
175,4,35,1
175,5,95,2
175,5,35,3
176,1,95,3
176,1,48,1
176,2,95,1
176,2,48,2
176,3,95,2
176,3,48,2
176,4,95,2
176,5,95,2
176,5,48,2
177,1,95,3
177,1,48,1
177,2,95,1
177,2,48,2
177,3,95,2
177,3,48,2
177,4,95,2
177,5,95,2
177,5,48,2
178,1,9,2
178,1,91,2
178,2,9,3
178,2,91,1
178,3,9,2
178,3,91,3
178,4,9,1
178,4,91,3
178,5,9,2
178,5,91,2
179,1,9,3
179,1,91,2
179,2,9,2
179,2,91,1
179,3,9,2
179,3,91,3
179,4,9,1
179,4,91,3
179,5,9,2
179,5,91,2
180,1,5,3
180,1,6,2
180,2,5,2
180,2,6,2
180,3,5,1
180,3,6,2
180,4,5,2
180,4,6,3
180,5,5,2
180,5,6,1
181,1,5,3
181,1,6,3
181,2,5,2
181,2,6,2
181,3,5,1
181,3,6,2
181,4,5,2
181,4,6,2
181,5,5,2
181,5,6,1
182,1,12,2
182,1,13,5
182,2,12,2
182,2,1,2
182,3,12,2
182,3,13,5
182,4,12,2
182,4,1,2
182,5,12,2
182,5,1,2
183,1,12,2
183,1,13,6
183,2,12,2
183,2,1,2
183,3,12,2
183,3,13,4
183,4,12,2
183,4,1,2
183,5,12,2
183,5,1,2
184,1,100,2
184,1,99,2
184,2,100,2
184,2,99,2
184,3,100,2
184,3,99,2
184,4,100,2
184,4,99,2
184,5,100,2
184,5,99,2
185,1,100,3
185,1,99,2
185,2,100,1
185,2,99,2
185,3,100,2
185,3,99,2
185,4,100,2
185,4,99,2
185,5,100,2
185,5,99,2
186,1,26,2
186,1,77,3
186,2,26,2
186,2,77,1
186,3,26,2
186,3,77,2
186,4,26,3
186,4,77,2
186,5,26,1
186,5,77,2
187,1,26,2
187,1,77,4
187,2,26,2
187,2,77,1
187,3,26,2
187,3,77,2
187,4,26,3
187,4,77,2
187,5,26,1
187,5,77,1
188,2,75,3
188,2,135,-3
188,4,75,2
188,4,135,-1
189,2,75,3
189,2,135,-3
189,4,75,2
189,4,135,-1
190,1,135,2
190,1,105,2
190,1,134,-2
190,2,135,2
190,2,105,2
190,2,134,-2
190,3,135,2
190,3,105,2
190,3,134,-2
190,4,135,2
190,4,105,2
190,4,134,-2
190,5,135,2
190,5,105,2
190,5,134,-2
191,1,135,3
191,1,105,2
191,1,134,-2
191,2,135,2
191,2,105,2
191,2,134,-2
191,3,135,2
191,3,105,2
191,3,134,-2
191,4,135,2
191,4,105,2
191,4,134,-2
191,5,135,1
191,5,105,2
191,5,134,-2
192,1,135,2
192,1,104,2
192,1,134,-2
192,2,135,2
192,2,104,2
192,2,134,-2
192,3,135,2
192,3,104,2
192,3,134,-2
192,4,135,2
192,4,104,2
192,4,134,-2
192,5,135,2
192,5,104,2
192,5,134,-2
193,1,135,3
193,1,104,2
193,1,134,-2
193,2,135,2
193,2,104,2
193,2,134,-2
193,3,135,2
193,3,104,2
193,3,134,-2
193,4,135,2
193,4,104,2
193,4,134,-2
193,5,135,1
193,5,104,2
193,5,134,-2
194,1,120,3
194,1,117,1
194,1,118,-1
194,2,120,3
194,2,117,1
194,2,118,-1
194,3,120,3
194,3,117,1
194,3,118,-1
194,4,120,3
194,4,117,1
194,4,118,-1
194,5,120,3
194,5,117,1
194,5,118,-1
195,1,120,2
195,1,117,2
195,1,103,-1
195,2,120,2
195,2,117,2
195,2,103,-1
195,3,120,2
195,3,117,2
195,3,103,-1
195,4,120,2
195,4,117,2
195,4,103,-1
195,5,120,2
195,5,117,2
195,5,103,-1
196,1,111,2
196,1,112,2
196,2,111,2
196,2,112,2
196,3,111,2
196,3,112,2
196,4,111,2
196,4,112,2
196,5,111,2
196,5,112,2
197,1,111,2
197,1,112,3
197,2,111,2
197,2,112,1
197,3,111,2
197,3,112,2
197,4,111,2
197,4,112,2
197,5,111,2
197,5,112,2
198,1,136,3
198,2,136,2
198,3,136,3
198,5,136,3
199,1,117,1
199,2,117,2
199,2,34,2
199,3,34,5
199,4,117,3
199,4,34,3
199,5,117,2
200,1,117,2
200,2,117,2
200,2,69,2
200,3,69,5
200,4,117,2
200,4,69,3
200,5,117,2
201,1,134,2
201,1,131,3
201,2,134,5
201,3,134,3
201,3,131,2
201,4,134,1
201,4,131,2
201,5,134,1
201,5,131,3
202,1,20,1
202,2,20,3
202,3,20,3
202,3,124,2
202,4,124,3
202,5,20,5
203,1,115,3
203,1,120,2
203,2,115,2
203,2,120,1
203,3,115,2
203,3,120,2
203,4,89,6
203,4,120,1
203,5,115,3
203,5,120,1
204,1,115,3
204,1,120,3
204,2,115,2
204,2,120,1
204,3,115,2
204,3,120,1
204,4,89,6
204,4,120,1
204,5,115,3
204,5,120,1
205,1,111,3
205,1,92,2
205,2,111,2
205,2,92,2
205,3,111,5
205,4,130,3
205,4,92,2
205,5,130,3
205,5,92,1
206,1,111,4
206,1,92,2
206,2,111,2
206,2,92,2
206,3,111,4
206,4,130,3
206,4,92,2
206,5,130,3
206,5,92,1
207,1,10,1
207,1,77,2
207,2,10,6
207,2,77,1
207,3,10,2
207,3,77,2
207,4,10,2
207,4,77,3
207,5,10,4
207,5,77,2
208,1,10,1
208,1,77,3
208,2,10,6
208,2,77,1
208,3,10,2
208,3,77,2
208,4,10,2
208,4,77,2
208,5,10,4
208,5,77,2
209,1,70,3
209,1,82,1
209,2,70,5
209,2,82,1
209,3,70,3
209,3,82,2
209,4,70,1
209,4,82,2
209,5,70,3
209,5,82,2
210,1,70,4
210,1,82,1
210,2,70,5
210,2,82,1
210,3,70,3
210,3,82,2
210,4,70,1
210,4,82,2
210,5,70,2
210,5,82,2
211,2,114,3
211,2,9,2
211,4,114,3
211,4,9,4
211,5,114,4
211,5,9,4
212,1,130,2
212,1,113,3
212,1,137,2
212,2,130,2
212,2,137,2
212,3,130,3
212,3,137,2
212,4,113,6
212,4,137,2
212,5,113,1
212,5,137,2
213,1,130,3
213,1,113,3
213,1,137,2
213,2,130,2
213,2,137,2
213,3,130,2
213,3,137,2
213,4,113,6
213,4,137,2
213,5,113,1
213,5,137,2
214,1,94,4
214,1,85,-4
214,2,94,2
214,2,112,2
214,2,85,-2
214,3,94,3
214,3,112,2
214,3,85,-2
214,4,112,3
214,5,94,1
214,5,112,3
214,5,85,-1
215,1,94,4
215,1,112,1
215,1,46,-4
215,2,94,2
215,2,112,2
215,2,46,-2
215,3,94,3
215,3,112,2
215,3,46,-2
215,4,112,3
215,5,94,1
215,5,112,2
215,5,46,-1
216,1,87,4
216,1,39,2
216,1,18,-1
216,2,87,2
216,2,89,4
216,3,87,2
216,3,39,3
216,3,18,-1
216,4,87,2
216,4,39,2
216,4,18,-1
216,5,89,6
216,5,39,3
216,5,18,-2
217,1,87,4
217,1,68,2
217,1,18,-1
217,2,87,2
217,2,89,4
217,3,87,2
217,3,68,2
217,3,18,-1
217,4,87,2
217,4,68,2
217,4,18,-1
217,5,89,6
217,5,68,3
217,5,18,-2
218,4,3,10
219,4,14,10
220,5,27,8
220,5,32,-2
221,5,27,8
221,5,32,-2
222,1,33,4
222,1,73,-3
222,2,33,2
222,2,73,-2
223,1,33,5
223,1,73,-3
223,2,33,1
223,2,73,-2
224,1,131,2
224,2,131,3
224,2,127,2
224,3,131,4
224,3,127,3
224,4,131,2
224,5,131,4
224,5,127,2
225,1,131,3
225,2,131,3
225,2,127,2
225,3,131,4
225,3,127,3
225,4,131,1
225,5,131,4
225,5,127,2
226,1,131,1
226,1,134,6
226,2,131,1
226,2,10,5
226,3,131,5
226,3,134,1
226,4,134,1
226,4,10,1
226,5,131,4
226,5,10,2
227,1,131,2
227,1,134,6
227,2,131,1
227,2,10,5
227,3,131,5
227,3,134,1
227,4,134,1
227,4,10,1
227,5,131,3
227,5,10,2
228,1,128,3
228,1,119,2
228,2,128,2
228,2,119,3
228,3,119,5
228,4,128,4
228,4,129,2
228,5,128,1
228,5,129,3
229,1,128,4
229,1,119,2
229,2,128,2
229,2,119,3
229,3,119,5
229,4,128,3
229,4,129,2
229,5,128,1
229,5,129,3
230,1,128,4
230,1,129,2
230,2,119,1
230,2,129,3
230,3,119,2
230,3,129,5
230,4,128,4
230,4,119,2
230,5,128,5
231,1,128,5
231,1,129,2
231,2,119,1
231,2,129,3
231,3,119,2
231,3,129,5
231,4,128,3
231,4,119,2
231,5,128,5
232,1,123,2
232,1,125,2
232,1,117,-1
232,2,123,2
232,2,125,2
232,2,117,-1
232,4,123,2
232,4,125,2
232,4,117,-1
233,1,123,3
233,1,125,2
233,1,117,-1
233,2,123,2
233,2,125,2
233,2,117,-1
233,4,123,2
233,4,125,2
233,4,117,-1
234,1,90,2
234,1,104,4
234,2,90,4
234,2,104,4
235,1,90,2
235,1,104,5
235,2,90,4
235,2,104,3
236,1,27,6
236,2,77,3
236,2,27,3
236,2,79,-2
236,3,77,2
236,3,79,-1
236,4,27,5
236,5,77,5
236,5,79,-2
237,1,27,7
237,2,77,3
237,2,27,3
237,2,79,-2
237,3,77,2
237,3,79,-1
237,4,27,4
237,5,77,5
237,5,79,-2
238,1,127,3
238,1,120,2
238,2,120,4
238,2,103,-1
238,3,127,4
238,3,120,2
238,4,120,4
238,4,103,-1
238,5,120,4
238,5,127,3
238,5,103,-2
239,1,127,4
239,1,120,2
239,2,120,3
239,2,103,-1
239,3,127,4
239,3,120,2
239,4,120,4
239,4,103,-1
239,5,120,3
239,5,127,2
239,5,103,-2
240,1,29,2
240,1,10,3
240,2,29,4
240,2,10,3
240,3,29,5
240,3,10,1
240,4,29,4
240,4,10,3
241,1,29,2
241,1,10,4
241,2,29,4
241,2,10,3
241,3,29,5
241,3,10,1
241,4,29,4
241,4,10,2
242,1,28,2
242,1,118,3
242,2,28,5
242,2,118,2
243,1,28,3
243,1,118,3
243,2,28,4
243,2,118,2
244,1,111,8
245,1,112,8
246,1,92,8
247,1,135,2
247,1,121,-2
247,2,135,2
247,2,121,-2
247,3,135,2
247,3,121,-2
247,5,135,2
247,5,121,-2
248,1,135,3
248,1,121,-2
248,2,135,1
248,2,121,-2
248,3,135,2
248,3,121,-2
248,5,135,2
248,5,121,-2
249,1,135,2
249,1,121,-2
249,2,135,2
249,2,121,-2
249,3,135,2
249,3,121,-2
249,5,135,2
249,5,121,-2
250,1,135,3
250,1,121,-2
250,2,135,1
250,2,121,-2
250,3,135,2
250,3,121,-2
250,5,135,2
250,5,121,-2
251,1,135,2
251,1,121,-2
251,2,135,2
251,2,121,-2
251,3,135,2
251,3,121,-2
251,5,135,2
251,5,121,-2
252,1,135,3
252,1,121,-2
252,2,135,1
252,2,121,-2
252,3,135,2
252,3,121,-2
252,5,135,2
252,5,121,-2
253,1,135,2
253,1,121,-2
253,2,135,2
253,2,121,-2
253,3,135,2
253,3,121,-2
253,4,135,2
253,4,121,-2
253,5,135,2
253,5,121,-2
254,1,135,3
254,1,121,-2
254,2,135,1
254,2,121,-2
254,3,135,2
254,3,121,-2
254,4,135,2
254,4,121,-2
254,5,135,2
254,5,121,-2
255,3,127,4
255,5,127,6
256,3,127,4
256,5,127,6
257,3,88,6
257,5,88,4
258,3,88,6
258,5,88,4
259,3,70,6
259,5,70,4
260,3,70,6
260,5,70,4
261,1,126,2
261,2,126,1
261,3,126,2
261,4,126,1
261,5,126,4
262,1,90,6
262,2,90,1
262,2,28,3
262,3,28,3
262,4,90,2
262,4,28,1
262,5,90,3
262,5,28,2
263,1,90,7
263,2,90,1
263,2,28,3
263,3,28,3
263,4,90,2
263,4,28,1
263,5,90,2
263,5,28,2
264,1,18,3
264,1,27,2
264,1,19,-2
264,2,18,3
264,2,19,-2
264,3,27,4
264,4,18,4
264,4,19,-1
264,5,27,3
265,1,18,3
265,1,27,3
265,1,19,-2
265,2,18,3
265,2,19,-2
265,3,27,3
265,4,18,4
265,4,19,-1
265,5,27,3
266,2,124,5
266,2,79,2
266,4,124,2
266,4,79,2
266,5,124,3
266,5,79,2
267,2,124,5
267,2,79,2
267,4,124,2
267,4,79,2
267,5,124,3
267,5,79,2
268,2,86,4
268,4,86,4
269,2,68,4
269,4,68,4
270,1,107,3
270,1,87,2
270,2,107,4
270,2,87,1
270,3,87,2
270,4,87,2
270,5,107,3
270,5,87,1
271,1,107,4
271,1,87,2
271,2,107,4
271,2,87,1
271,3,87,2
271,4,87,2
271,5,107,2
271,5,87,1
272,1,4,3
272,1,2,-2
272,2,4,5
272,2,2,-4
272,3,4,1
272,3,28,4
272,3,2,-1
272,4,4,1
272,4,28,4
272,4,2,-1
272,5,4,3
272,5,2,-1
273,1,4,4
273,1,2,-2
273,2,4,5
273,2,2,-4
273,3,4,1
273,3,28,4
273,3,2,-1
273,4,4,1
273,4,28,4
273,4,2,-1
273,5,4,2
273,5,2,-1
274,1,30,3
274,1,8,3
274,1,3,-2
274,2,30,5
274,3,30,3
274,3,8,2
274,3,3,-2
274,4,8,5
274,4,3,-4
275,1,30,3
275,1,8,4
275,1,3,-2
275,2,30,5
275,3,30,3
275,3,8,2
275,3,3,-2
275,4,8,4
275,4,3,-4
276,1,2,2
276,1,1,-2
276,2,29,3
276,2,2,3
276,2,1,-2
276,3,29,1
276,3,2,3
276,3,1,-3
276,4,29,1
276,4,2,2
276,4,1,-2
276,5,29,5
277,1,2,3
277,1,1,-2
277,2,29,3
277,2,2,3
277,2,1,-2
277,3,29,1
277,3,2,3
277,3,1,-3
277,4,29,1
277,4,2,1
277,4,1,-2
277,5,29,5
278,1,18,2
278,1,33,2
278,1,32,-2
278,2,18,2
278,2,33,2
278,2,32,-2
278,3,18,2
278,3,33,2
278,3,32,-2
278,4,18,2
278,4,33,2
278,4,32,-2
278,5,18,2
278,5,33,2
278,5,32,-2
279,1,18,2
279,1,33,3
279,1,32,-2
279,2,18,2
279,2,33,1
279,2,32,-2
279,3,18,2
279,3,33,2
279,3,32,-2
279,4,18,2
279,4,33,2
279,4,32,-2
279,5,18,2
279,5,33,2
279,5,32,-2
280,1,112,3
280,2,1,2
280,2,112,3
280,2,4,-2
280,3,1,2
280,3,112,2
280,3,4,-2
280,4,1,1
280,4,112,2
280,4,4,-1
280,5,1,5
280,5,4,-4
281,1,112,4
281,2,1,2
281,2,112,3
281,2,4,-2
281,3,1,2
281,3,112,2
281,3,4,-2
281,4,1,1
281,4,112,1
281,4,4,-1
281,5,1,5
281,5,4,-4
282,1,102,2
282,1,21,3
282,1,128,-2
282,2,102,2
282,2,21,3
282,2,128,-2
282,3,102,2
282,3,21,3
282,3,128,-2
282,4,102,2
282,4,21,3
282,4,128,-2
282,5,102,2
282,5,21,3
282,5,128,-2
283,1,102,2
283,1,21,4
283,1,128,-2
283,2,102,2
283,2,21,3
283,2,128,-2
283,3,102,2
283,3,21,3
283,3,128,-2
283,4,102,2
283,4,21,2
283,4,128,-2
283,5,102,2
283,5,21,3
283,5,128,-2
284,1,33,1
284,1,32,-2
284,2,42,2
284,3,42,3
284,4,42,5
284,5,33,3
284,5,32,-2
285,1,33,2
285,1,32,-2
285,2,42,2
285,3,42,3
285,4,42,5
285,5,33,2
285,5,32,-2
286,1,83,2
286,1,37,2
286,1,20,-2
286,2,83,2
286,2,37,2
286,2,20,-2
286,3,83,2
286,3,37,2
286,3,20,-2
286,4,83,2
286,4,37,2
286,4,20,-2
286,5,83,2
286,5,37,2
286,5,20,-2
287,1,83,2
287,1,50,2
287,1,20,-2
287,2,83,2
287,2,50,2
287,2,20,-2
287,3,83,2
287,3,50,2
287,3,20,-2
287,4,83,2
287,4,50,2
287,4,20,-2
287,5,83,2
287,5,50,2
287,5,20,-2
288,1,31,4
288,2,31,5
288,2,25,2
288,3,31,1
288,3,25,3
288,4,25,4
288,5,31,4
288,5,25,3
289,1,31,5
289,2,31,5
289,2,25,2
289,3,31,1
289,3,25,3
289,4,25,4
289,5,31,3
289,5,25,3
290,1,85,2
290,1,31,2
290,1,79,-2
290,2,85,2
290,2,31,2
290,2,79,-2
290,3,85,2
290,3,31,2
290,3,79,-2
290,4,85,2
290,4,31,2
290,4,79,-2
290,5,85,2
290,5,31,2
290,5,79,-2
291,1,47,2
291,1,31,2
291,1,79,-2
291,2,47,2
291,2,31,2
291,2,79,-2
291,3,47,2
291,3,31,2
291,3,79,-2
291,4,47,2
291,4,31,2
291,4,79,-2
291,5,47,2
291,5,31,2
291,5,79,-2
292,1,25,7
292,2,101,3
292,2,1,-5
292,3,31,4
292,3,25,3
292,4,101,2
292,4,25,2
292,5,31,6
292,5,25,1
293,1,25,8
293,2,101,3
293,2,1,-5
293,3,31,4
293,3,25,2
293,4,101,2
293,4,25,2
293,5,31,6
293,5,25,1
294,1,36,2
294,1,21,-2
294,2,36,1
294,2,33,3
294,2,21,-2
294,3,36,2
294,3,21,-2
294,4,33,4
294,4,21,-2
294,5,36,5
294,5,21,-2
295,1,69,2
295,1,21,-2
295,2,69,1
295,2,33,3
295,2,21,-2
295,3,69,2
295,3,21,-2
295,4,33,4
295,4,21,-2
295,5,69,5
295,5,21,-2
296,1,85,2
296,1,39,3
296,1,79,-2
296,3,85,4
296,3,39,3
296,3,79,-2
297,1,47,2
297,1,51,3
297,1,79,-2
297,3,47,4
297,3,51,3
297,3,79,-2
298,1,98,3
298,1,18,3
298,1,115,-3
298,2,98,4
298,2,18,1
298,2,115,-4
298,3,18,3
298,4,98,3
298,4,18,1
298,4,115,-3
298,5,18,4
299,1,98,3
299,1,18,4
299,1,115,-3
299,2,98,4
299,2,18,1
299,2,115,-4
299,3,18,2
299,4,98,3
299,4,18,1
299,4,115,-3
299,5,18,4
300,1,98,8
300,1,115,-3
301,1,79,3
301,2,19,2
301,2,79,2
301,2,18,-2
301,3,19,3
301,3,79,3
301,3,18,-3
301,5,19,5
301,5,79,2
301,5,18,-5
302,1,79,4
302,2,19,2
302,2,79,2
302,2,18,-2
302,3,19,3
302,3,79,2
302,3,18,-3
302,5,19,5
302,5,79,2
302,5,18,-5
303,1,9,2
303,1,28,2
303,1,21,2
303,2,28,4
303,3,9,2
303,3,21,2
303,4,9,5
303,4,21,5
303,5,9,1
303,5,28,3
303,5,21,1
304,1,9,2
304,1,28,3
304,1,21,2
304,2,28,4
304,3,9,2
304,3,21,2
304,4,9,5
304,4,21,5
304,5,9,1
304,5,28,2
304,5,21,1
305,1,7,2
305,1,28,3
305,1,3,2
305,2,7,2
305,2,28,2
305,2,3,2
305,3,7,2
305,3,28,3
305,3,3,2
305,4,7,2
305,4,28,3
305,4,3,2
305,5,7,2
305,5,28,3
305,5,3,2
306,1,7,2
306,1,28,3
306,1,3,3
306,2,7,2
306,2,28,2
306,2,3,2
306,3,7,2
306,3,28,3
306,3,3,2
306,4,7,2
306,4,28,3
306,4,3,2
306,5,7,2
306,5,28,3
306,5,3,1
307,1,27,2
307,1,18,3
307,1,19,-3
307,2,27,2
307,2,18,3
307,2,19,-3
307,3,27,7
307,4,27,3
307,4,18,2
307,4,19,-2
307,5,18,2
307,5,19,-2
308,1,27,3
308,1,18,3
308,1,19,-3
308,2,27,2
308,2,18,3
308,2,19,-3
308,3,27,7
308,4,27,2
308,4,18,2
308,4,19,-2
308,5,18,2
308,5,19,-2
309,1,79,2
309,1,80,4
309,1,78,-1
309,2,79,1
309,2,80,2
309,2,78,-1
309,3,79,3
309,3,80,2
309,3,78,-2
309,4,79,3
309,4,80,2
309,4,78,-2
309,5,79,4
309,5,78,-3
310,1,79,2
310,1,80,5
310,1,78,-1
310,2,79,1
310,2,80,1
310,2,78,-1
310,3,79,3
310,3,80,2
310,3,78,-2
310,4,79,3
310,4,80,2
310,4,78,-2
310,5,79,4
310,5,78,-3
311,1,82,2
311,1,107,3
311,1,20,-2
311,2,82,2
311,2,107,3
311,2,20,-2
311,3,82,1
311,3,107,4
311,3,20,-1
311,4,82,3
311,4,20,-2
311,5,82,4
311,5,20,-3
312,1,82,2
312,1,107,4
312,1,20,-2
312,2,82,2
312,2,107,3
312,2,20,-2
312,3,82,1
312,3,107,3
312,3,20,-1
312,4,82,3
312,4,20,-2
312,5,82,4
312,5,20,-3
313,1,1,3
313,1,78,1
313,1,121,-2
313,2,1,4
313,2,78,1
313,2,121,-1
313,3,1,4
313,3,78,1
313,3,121,-1
313,4,1,3
313,4,78,3
313,4,121,-3
313,5,78,4
313,5,121,-3
314,1,1,4
314,1,78,1
314,1,121,-2
314,2,1,3
314,2,78,1
314,2,121,-1
314,3,1,4
314,3,78,1
314,3,121,-1
314,4,1,3
314,4,78,3
314,4,121,-3
314,5,78,4
314,5,121,-3
315,1,1,7
315,1,4,1
315,2,78,4
315,2,121,-5
315,3,4,5
315,3,2,-3
315,4,4,4
315,4,2,-3
315,5,78,6
315,5,121,-5
316,1,1,7
316,1,4,2
316,2,78,4
316,2,121,-5
316,3,4,4
316,3,2,-3
316,4,4,4
316,4,2,-3
316,5,78,6
316,5,121,-5
317,1,41,3
317,1,7,2
317,1,3,-3
317,2,41,2
317,2,7,1
317,2,3,-1
317,3,41,4
317,4,7,3
317,4,3,-3
317,5,41,1
317,5,7,4
317,5,3,-3
318,1,66,3
318,1,7,3
318,1,3,-3
318,2,66,2
318,2,7,1
318,2,3,-1
318,3,66,4
318,4,7,3
318,4,3,-3
318,5,66,1
318,5,7,3
318,5,3,-3
319,1,85,3
319,1,19,3
319,1,79,-2
319,2,85,4
319,2,20,2
319,2,79,-3
319,3,85,2
319,3,19,2
319,3,79,-1
319,4,85,4
319,4,79,-3
319,5,85,1
319,5,79,-1
320,1,46,3
320,1,19,3
320,1,45,-2
320,2,46,4
320,2,20,2
320,2,45,-3
320,3,46,2
320,3,19,2
320,3,45,-1
320,4,46,4
320,4,45,-3
320,5,46,1
320,5,45,-1
321,1,86,3
321,1,101,1
321,1,78,-2
321,2,86,1
321,2,101,3
321,2,78,-1
321,3,86,1
321,3,101,2
321,3,78,-1
321,4,86,4
321,4,101,1
321,4,78,-3
322,1,60,3
322,1,101,1
322,1,70,-2
322,2,60,1
322,2,101,3
322,2,70,-1
322,3,60,1
322,3,101,2
322,3,70,-1
322,4,60,4
322,4,101,1
322,4,70,-3
323,1,19,5
323,1,18,-4
323,3,19,6
323,3,18,-4
323,4,85,6
323,4,79,-5
323,5,85,6
323,5,79,-5
324,1,19,6
324,1,18,-4
324,3,19,5
324,3,18,-4
324,4,46,6
324,4,45,-5
324,5,46,6
324,5,45,-5
325,1,77,4
325,1,16,2
325,1,80,-2
325,2,77,2
325,2,16,4
325,2,80,-2
325,3,77,1
325,3,16,3
325,3,80,-2
325,4,16,4
325,4,80,-2
325,5,77,3
325,5,80,-2
326,1,77,4
326,1,16,3
326,1,80,-2
326,2,77,2
326,2,16,4
326,2,80,-2
326,3,77,1
326,3,16,3
326,3,80,-2
326,4,16,3
326,4,80,-2
326,5,77,3
326,5,80,-2
327,1,80,1
327,1,78,3
327,1,82,-2
327,2,80,3
327,2,82,-3
327,3,80,1
327,3,78,4
327,3,82,-1
327,4,80,4
327,4,82,-3
327,5,80,1
327,5,78,3
327,5,82,-1
328,1,80,2
328,1,78,3
328,1,82,-2
328,2,80,2
328,2,82,-3
328,3,80,1
328,3,78,4
328,3,82,-1
328,4,80,4
328,4,82,-3
328,5,80,1
328,5,78,3
328,5,82,-1
329,1,80,3
329,1,82,-3
329,2,80,4
329,2,82,-3
329,3,80,4
329,3,82,-3
329,4,78,5
329,4,121,-5
329,5,78,5
329,5,121,-5
330,1,80,4
330,1,82,-3
330,2,80,4
330,2,82,-3
330,3,80,3
330,3,82,-3
330,4,78,5
330,4,121,-5
330,5,78,5
330,5,121,-5
331,1,15,1
331,1,111,4
331,1,123,-2
331,2,15,3
331,2,111,4
331,2,123,-2
331,3,15,3
331,3,111,1
331,3,123,-2
331,4,15,3
331,4,111,1
331,4,123,-2
331,5,111,4
331,5,123,-2
332,1,15,2
332,1,111,4
332,1,123,-2
332,2,15,2
332,2,111,4
332,2,123,-2
332,3,15,3
332,3,111,1
332,3,123,-2
332,4,15,3
332,4,111,1
332,4,123,-2
332,5,111,4
332,5,123,-2
333,1,34,3
333,1,6,3
333,1,70,3
333,2,34,2
333,2,6,1
333,2,70,2
333,3,34,4
333,3,6,3
333,3,70,1
333,4,6,3
333,4,70,1
333,5,34,1
333,5,70,1
334,1,45,3
334,1,6,3
334,1,70,3
334,2,45,2
334,2,6,1
334,2,70,2
334,3,45,4
334,3,6,3
334,3,70,1
334,4,6,3
334,4,70,1
334,5,45,1
334,5,70,1
335,1,70,6
335,2,34,4
335,2,35,-2
335,3,6,5
335,3,135,-2
335,4,70,6
335,5,34,6
335,5,35,-3
336,1,70,7
336,2,45,4
336,2,46,-2
336,3,6,5
336,3,135,-2
336,4,70,5
336,5,45,6
336,5,46,-3
337,1,18,2
337,1,13,2
337,2,85,2
337,2,13,3
337,3,85,1
337,3,18,2
337,3,13,1
337,4,85,4
337,4,18,2
337,4,13,3
337,5,85,3
337,5,13,1
338,1,18,3
338,1,13,2
338,2,46,2
338,2,13,3
338,3,46,1
338,3,18,2
338,3,13,1
338,4,46,4
338,4,18,1
338,4,13,3
338,5,46,3
338,5,13,1
339,1,30,4
339,2,6,4
339,2,30,2
339,2,135,-2
339,3,30,6
339,4,6,1
339,4,30,1
339,4,135,-1
339,5,6,7
339,5,135,-3
340,1,30,5
340,2,6,4
340,2,30,2
340,2,135,-2
340,3,30,5
340,4,6,1
340,4,30,1
340,4,135,-1
340,5,6,7
340,5,135,-3
341,1,6,4
341,1,135,-2
341,2,30,5
341,3,6,4
341,3,30,2
341,3,135,-2
341,4,6,5
341,4,135,-2
341,5,30,7
342,1,6,5
342,1,135,-2
342,2,30,5
342,3,6,3
342,3,30,2
342,3,135,-2
342,4,6,5
342,4,135,-2
342,5,30,7
343,1,5,3
343,1,23,2
343,1,115,-3
343,2,5,1
343,2,23,4
343,3,5,2
343,3,23,3
343,3,115,-1
343,4,5,2
343,4,23,1
343,4,115,-1
343,5,5,1
343,5,23,5
344,1,5,4
344,1,23,2
344,1,115,-3
344,2,5,1
344,2,23,4
344,3,5,2
344,3,23,3
344,3,115,-1
344,4,5,2
344,4,23,1
344,4,115,-1
344,5,5,1
344,5,23,5
345,1,5,6
345,1,115,-3
345,2,40,3
345,2,70,-3
345,3,5,1
345,3,40,2
345,3,70,-3
345,4,40,5
345,4,70,-4
345,5,5,4
345,5,115,-2
346,1,5,7
346,1,115,-3
346,2,51,3
346,2,70,-3
346,3,5,1
346,3,51,2
346,3,70,-3
346,4,51,5
346,4,70,-4
346,5,5,3
346,5,115,-2
347,5,31,7
348,5,31,7
349,1,124,2
349,1,84,2
349,1,23,-3
349,2,124,2
349,2,84,2
349,2,23,-3
349,3,124,2
349,3,84,2
349,3,23,-3
349,4,124,2
349,4,84,2
349,4,23,-3
349,5,124,2
349,5,84,2
349,5,23,-3
350,1,124,3
350,1,84,2
350,1,23,-3
350,2,124,2
350,2,84,2
350,2,23,-3
350,3,124,2
350,3,84,2
350,3,23,-3
350,4,124,1
350,4,84,2
350,4,23,-3
350,5,124,2
350,5,84,2
350,5,23,-3
351,1,18,4
351,1,79,2
351,1,78,-1
351,2,79,2
351,2,78,-1
351,3,18,5
351,4,79,3
351,4,78,-1
351,5,18,3
351,5,79,4
351,5,78,-2
352,1,18,4
352,1,79,3
352,1,78,-1
352,2,79,2
352,2,78,-1
352,3,18,5
352,4,79,3
352,4,78,-1
352,5,18,3
352,5,79,3
352,5,78,-2
353,1,18,4
353,1,79,2
353,1,78,-1
353,2,79,2
353,2,78,-1
353,3,18,5
353,4,79,3
353,4,78,-1
353,5,18,3
353,5,79,4
353,5,78,-2
354,1,18,4
354,1,79,3
354,1,78,-1
354,2,79,2
354,2,78,-1
354,3,18,5
354,4,79,3
354,4,78,-1
354,5,18,3
354,5,79,3
354,5,78,-2
355,1,15,2
355,1,31,2
355,1,82,-2
355,2,31,3
355,3,15,3
355,3,82,-1
355,4,15,5
355,4,31,1
355,4,82,-3
355,5,31,5
356,1,15,3
356,1,31,2
356,1,82,-2
356,2,31,3
356,3,15,2
356,3,82,-1
356,4,15,5
356,4,31,1
356,4,82,-3
356,5,31,5
357,1,15,4
357,1,82,-3
357,2,74,4
357,2,18,-2
357,3,15,1
357,3,74,1
357,3,18,-1
357,4,74,5
357,4,18,-3
357,5,15,5
357,5,82,-3
358,1,15,5
358,1,82,-3
358,2,74,4
358,2,18,-2
358,3,15,1
358,3,74,1
358,3,18,-1
358,4,74,5
358,4,18,-3
358,5,15,4
358,5,82,-3
359,1,28,2
359,1,36,2
359,2,28,2
359,2,36,2
359,3,28,5
359,3,36,1
359,4,36,4
359,5,28,5
360,1,28,2
360,1,69,3
360,2,28,2
360,2,69,1
360,3,28,5
360,3,69,1
360,4,69,4
360,5,28,5
361,1,70,5
361,1,75,2
361,1,18,-2
361,2,70,2
361,2,75,1
361,2,18,-2
361,3,70,1
361,3,75,3
361,3,18,-2
361,4,70,5
361,4,75,1
361,4,18,-2
361,5,70,1
361,5,75,3
361,5,18,-2
362,1,70,6
362,1,75,2
362,1,18,-2
362,2,70,2
362,2,75,1
362,2,18,-2
362,3,70,1
362,3,75,3
362,3,18,-2
362,4,70,4
362,4,75,1
362,4,18,-2
362,5,70,1
362,5,75,3
362,5,18,-2
363,1,70,5
363,1,75,2
363,1,18,-2
363,2,70,2
363,2,75,1
363,2,18,-2
363,3,70,1
363,3,75,3
363,3,18,-2
363,4,70,5
363,4,75,1
363,4,18,-2
363,5,70,1
363,5,75,3
363,5,18,-2
364,1,70,6
364,1,75,2
364,1,18,-2
364,2,70,2
364,2,75,1
364,2,18,-2
364,3,70,1
364,3,75,3
364,3,18,-2
364,4,70,4
364,4,75,1
364,4,18,-2
364,5,70,1
364,5,75,3
364,5,18,-2
365,1,119,2
365,1,12,2
365,1,121,-2
365,2,119,2
365,2,12,2
365,2,121,-3
365,3,119,2
365,3,12,2
365,3,121,-1
365,4,119,2
365,4,12,2
365,4,121,-2
365,5,119,2
365,5,12,2
365,5,121,-2
366,1,119,3
366,1,12,2
366,1,121,-2
366,2,119,2
366,2,12,2
366,2,121,-3
366,3,119,2
366,3,12,2
366,3,121,-1
366,4,119,1
366,4,12,2
366,4,121,-2
366,5,119,2
366,5,12,2
366,5,121,-2
367,1,73,1
367,1,93,2
367,1,18,-1
367,2,93,3
367,3,73,4
367,3,93,1
367,3,18,-2
367,4,73,3
367,4,93,3
367,4,18,-2
367,5,73,2
367,5,93,1
367,5,18,-1
368,1,73,2
368,1,93,2
368,1,18,-1
368,2,93,3
368,3,73,3
368,3,93,1
368,3,18,-2
368,4,73,3
368,4,93,3
368,4,18,-2
368,5,73,2
368,5,93,1
368,5,18,-1
369,1,73,1
369,1,93,2
369,1,18,-1
369,2,93,3
369,3,73,4
369,3,93,1
369,3,18,-2
369,4,73,3
369,4,93,3
369,4,18,-2
369,5,73,2
369,5,93,1
369,5,18,-1
370,1,73,2
370,1,93,2
370,1,18,-1
370,2,93,3
370,3,73,3
370,3,93,1
370,3,18,-2
370,4,73,3
370,4,93,3
370,4,18,-2
370,5,73,2
370,5,93,1
370,5,18,-1
371,1,71,2
371,1,3,4
371,1,112,1
371,2,71,2
371,2,3,1
371,2,112,3
371,3,71,2
371,3,3,1
371,3,112,2
371,4,71,2
371,4,3,4
371,4,112,2
371,5,71,2
371,5,112,2
372,1,71,3
372,1,3,4
372,1,112,1
372,2,71,2
372,2,3,1
372,2,112,3
372,3,71,2
372,3,3,1
372,3,112,2
372,4,71,2
372,4,3,4
372,4,112,2
372,5,71,1
372,5,112,2
373,1,85,3
373,1,11,2
373,1,21,-2
373,2,85,4
373,2,11,1
373,2,21,-3
373,3,85,3
373,3,11,2
373,3,21,-1
373,4,85,2
373,4,11,3
373,4,21,-2
373,5,85,1
373,5,11,2
373,5,21,-2
374,1,46,3
374,1,11,2
374,1,21,-2
374,2,46,4
374,2,11,1
374,2,21,-3
374,3,46,3
374,3,11,2
374,3,21,-1
374,4,46,2
374,4,11,3
374,4,21,-2
374,5,46,1
374,5,11,2
374,5,21,-2
375,1,118,4
375,1,117,1
375,2,118,3
375,2,117,3
375,3,118,2
375,4,117,4
375,5,118,4
375,5,117,2
376,1,118,5
376,1,117,1
376,2,118,2
376,2,117,3
376,3,118,2
376,4,117,4
376,5,118,4
376,5,117,2
377,1,117,4
377,1,128,-2
377,2,118,5
377,2,128,-2
377,3,117,4
377,3,128,-2
377,4,118,3
377,4,117,1
377,4,128,-2
377,5,118,5
377,5,128,-2
378,1,117,5
378,1,128,-2
378,2,118,5
378,2,128,-2
378,3,117,3
378,3,128,-2
378,4,118,3
378,4,117,1
378,4,128,-2
378,5,118,5
378,5,128,-2
379,1,117,1
379,1,20,3
379,1,118,-1
379,2,117,2
379,2,20,3
379,2,118,-3
379,3,117,1
379,3,20,5
379,3,118,-1
379,4,117,2
379,4,20,2
379,4,118,-1
379,5,117,3
379,5,20,2
379,5,118,-2
380,1,117,2
380,1,20,3
380,1,118,-1
380,2,117,2
380,2,20,3
380,2,118,-3
380,3,117,1
380,3,20,5
380,3,118,-1
380,4,117,1
380,4,20,2
380,4,118,-1
380,5,117,3
380,5,20,2
380,5,118,-2
381,1,117,1
381,1,127,2
381,1,103,-2
381,2,117,2
381,2,127,2
381,2,103,-2
381,3,117,1
381,3,127,3
381,3,103,-2
381,4,117,3
381,4,127,2
381,4,103,-2
381,5,117,3
381,5,103,-2
382,1,117,2
382,1,127,2
382,1,103,-2
382,2,117,2
382,2,127,2
382,2,103,-2
382,3,117,1
382,3,127,3
382,3,103,-2
382,4,117,2
382,4,127,2
382,4,103,-2
382,5,117,3
382,5,103,-2
383,1,20,5
383,2,20,3
383,3,117,4
383,4,20,5
383,5,117,4
384,1,20,6
384,2,20,2
384,3,117,4
384,4,20,5
384,5,117,4
385,1,123,4
385,2,123,3
385,2,41,3
385,3,123,3
385,3,41,2
385,4,41,4
385,5,123,2
385,5,41,1
386,1,123,4
386,2,123,3
386,2,45,3
386,3,123,1
386,3,45,2
386,4,45,4
386,5,123,2
386,5,45,1
387,1,106,2
387,1,107,2
387,1,137,3
387,2,106,3
387,2,107,2
387,2,137,2
387,3,106,3
387,3,107,2
387,3,137,3
387,5,106,2
387,5,107,4
387,5,137,2
388,1,106,3
388,1,107,2
388,1,137,3
388,2,106,3
388,2,107,2
388,2,137,2
388,3,106,2
388,3,107,2
388,3,137,3
388,5,106,2
388,5,107,4
388,5,137,2
389,1,79,2
389,1,30,3
389,1,42,2
389,2,79,4
389,2,42,1
389,3,79,2
389,3,30,2
389,3,42,1
389,4,79,2
389,4,30,2
389,4,42,4
389,5,30,6
389,5,42,2
390,1,79,3
390,1,30,3
390,1,42,2
390,2,79,4
390,2,42,1
390,3,79,1
390,3,30,2
390,3,42,1
390,4,79,2
390,4,30,2
390,4,42,4
390,5,30,6
390,5,42,2
391,1,79,2
391,1,77,3
391,1,78,-2
391,2,79,4
391,2,78,-2
391,3,79,2
391,3,77,2
391,3,78,-1
391,4,79,2
391,4,77,2
391,4,78,-2
391,5,77,4
392,1,79,3
392,1,77,3
392,1,78,-2
392,2,79,4
392,2,78,-2
392,3,79,1
392,3,77,2
392,3,78,-1
392,4,79,2
392,4,77,2
392,4,78,-2
392,5,77,4
393,1,102,3
393,1,101,2
393,2,102,1
393,2,101,2
393,3,102,2
393,3,101,3
393,4,102,2
393,4,101,3
393,5,102,2
394,1,102,3
394,1,101,3
394,2,102,1
394,2,101,2
394,3,102,2
394,3,101,3
394,4,102,2
394,4,101,2
394,5,102,2
395,1,99,3
395,1,101,2
395,2,99,1
395,2,101,2
395,3,99,2
395,3,101,3
395,4,99,2
395,4,101,3
395,5,99,2
396,1,99,3
396,1,101,3
396,2,99,1
396,2,101,2
396,3,99,2
396,3,101,3
396,4,99,2
396,4,101,2
396,5,99,2
397,1,36,1
397,1,70,6
397,2,36,2
397,2,70,3
397,3,36,4
397,3,70,1
397,4,36,2
397,4,70,4
397,5,36,1
397,5,70,4
398,1,69,1
398,1,70,6
398,2,69,2
398,2,70,3
398,3,69,4
398,3,70,1
398,4,69,2
398,4,70,4
398,5,69,1
398,5,70,4
399,1,35,1
399,1,70,5
399,1,23,-2
399,2,35,2
399,2,70,2
399,2,23,-2
399,3,35,3
399,3,23,-2
399,4,35,2
399,4,70,3
399,4,23,-2
399,5,35,2
399,5,70,3
399,5,23,-2
400,1,48,1
400,1,70,5
400,1,23,-2
400,2,48,2
400,2,70,2
400,2,23,-2
400,3,48,3
400,3,23,-2
400,4,48,2
400,4,70,3
400,4,23,-2
400,5,48,2
400,5,70,3
400,5,23,-2
401,1,35,3
401,1,70,2
401,2,35,1
401,2,36,3
401,2,70,2
401,3,35,3
401,3,70,2
401,4,36,4
401,4,70,2
401,5,35,3
401,5,70,2
402,1,48,3
402,1,70,2
402,2,48,1
402,2,69,3
402,2,70,2
402,3,48,3
402,3,70,2
402,4,69,4
402,4,70,2
402,5,48,3
402,5,70,2
403,1,5,4
403,1,137,1
403,1,2,1
403,2,5,3
403,2,137,1
403,2,2,1
403,3,5,2
403,3,137,2
403,3,2,3
403,4,5,1
403,4,137,3
403,4,2,2
403,5,137,3
403,5,2,3
404,1,5,4
404,1,137,2
404,1,2,1
404,2,5,3
404,2,137,1
404,2,2,1
404,3,5,2
404,3,137,2
404,3,2,3
404,4,5,1
404,4,137,2
404,4,2,2
404,5,137,3
404,5,2,3
405,1,83,3
405,1,70,2
405,1,82,2
405,2,83,2
405,2,70,3
405,2,82,1
405,3,83,1
405,3,70,3
405,3,82,1
405,4,70,2
405,5,83,4
405,5,82,1
406,1,83,3
406,1,70,3
406,1,82,2
406,2,83,2
406,2,70,3
406,2,82,1
406,3,83,1
406,3,70,2
406,3,82,1
406,4,70,2
406,5,83,4
406,5,82,1
407,1,5,2
407,1,37,3
407,1,131,-2
407,2,5,2
407,2,37,3
407,2,131,-3
407,3,5,2
407,3,37,2
407,3,131,-1
407,4,5,1
407,4,37,2
407,4,131,-1
407,5,5,3
407,5,131,-3
408,1,5,2
408,1,68,3
408,1,131,-2
408,2,5,2
408,2,68,3
408,2,131,-3
408,3,5,2
408,3,68,2
408,3,131,-1
408,4,5,1
408,4,68,2
408,4,131,-1
408,5,5,3
408,5,131,-3
409,1,5,7
410,1,17,5
410,1,19,3
410,2,41,4
410,2,19,1
410,3,41,1
410,3,17,3
410,3,19,1
410,4,41,2
410,4,17,2
410,4,19,2
410,5,41,3
410,5,19,3
411,1,17,6
411,1,19,3
411,2,50,4
411,2,19,1
411,3,50,1
411,3,17,2
411,3,19,1
411,4,50,2
411,4,17,2
411,4,19,2
411,5,50,3
411,5,19,3
412,2,75,3
412,2,93,2
412,4,75,2
412,4,93,2
413,2,75,3
413,2,93,2
413,4,75,2
413,4,93,2
414,1,85,1
414,1,34,4
414,1,103,-2
414,2,85,3
414,2,34,2
414,2,103,-2
414,3,85,2
414,3,34,3
414,3,103,-2
414,4,85,3
414,4,34,1
414,4,103,-2
414,5,85,3
414,5,103,-2
415,1,85,1
415,1,45,4
415,1,103,-2
415,2,85,3
415,2,45,2
415,2,103,-2
415,3,85,2
415,3,45,3
415,3,103,-2
415,4,85,3
415,4,45,1
415,4,103,-2
415,5,85,3
415,5,103,-2
416,1,85,1
416,1,90,4
416,1,103,-2
416,2,85,3
416,2,90,2
416,2,103,-2
416,3,85,2
416,3,90,3
416,3,103,-2
416,4,85,3
416,4,90,1
416,4,103,-2
416,5,85,3
416,5,90,2
416,5,103,-2
417,1,85,1
417,1,46,4
417,1,103,-2
417,2,85,3
417,2,46,2
417,2,103,-2
417,3,85,2
417,3,46,3
417,3,103,-2
417,4,85,3
417,4,46,1
417,4,103,-2
417,5,85,3
417,5,46,2
417,5,103,-2
418,1,82,1
418,1,89,4
418,1,103,-2
418,2,82,3
418,2,89,2
418,2,103,-2
418,3,82,2
418,3,89,3
418,3,103,-2
418,4,82,3
418,4,89,1
418,4,103,-2
418,5,82,3
418,5,103,-2
419,1,82,1
419,1,47,4
419,1,103,-2
419,2,82,3
419,2,47,2
419,2,103,-2
419,3,82,3
419,3,47,3
419,3,103,-2
419,4,82,3
419,4,47,1
419,4,103,-2
419,5,82,3
419,5,103,-2
420,1,82,1
420,1,77,4
420,1,103,-2
420,2,82,3
420,2,77,2
420,2,103,-2
420,3,82,2
420,3,77,3
420,3,103,-2
420,4,82,3
420,4,77,1
420,4,103,-2
420,5,82,3
420,5,103,-2
421,1,82,2
421,1,77,4
421,1,103,-2
421,2,82,3
421,2,77,2
421,2,103,-2
421,3,82,2
421,3,77,3
421,3,103,-2
421,4,82,2
421,4,77,1
421,4,103,-2
421,5,82,3
421,5,103,-2
422,1,136,3
422,1,84,2
422,2,136,2
422,2,84,3
422,3,136,3
422,3,84,2
422,5,136,3
422,5,84,2
423,1,180,3
423,1,18,-3
423,2,180,2
423,2,18,-2
423,3,180,2
423,3,18,-2
423,5,180,3
423,5,18,-3
424,1,180,3
424,1,18,-2
424,2,180,2
424,2,18,-3
424,3,180,2
424,3,18,-2
424,5,180,3
424,5,18,-3
425,1,129,8
426,1,27,3
426,1,94,2
426,2,106,3
426,2,94,2
426,3,106,5
426,3,94,1
426,4,106,2
426,4,27,3
426,4,94,2
426,5,27,4
426,5,94,3
427,1,27,3
427,1,94,3
427,2,106,3
427,2,94,2
427,3,106,5
427,3,94,1
427,4,106,2
427,4,27,3
427,4,94,2
427,5,27,4
427,5,94,2
428,1,31,3
428,1,26,2
428,2,4,3
428,2,26,2
428,3,4,5
428,3,26,1
428,4,4,2
428,4,31,3
428,4,26,2
428,5,31,4
428,5,26,3
429,1,31,4
429,1,26,2
429,2,4,3
429,2,26,2
429,3,4,5
429,3,26,1
429,4,4,2
429,4,31,3
429,4,26,2
429,5,31,3
429,5,26,3
430,1,108,3
430,1,40,2
430,2,108,1
430,2,40,3
430,2,8,3
430,3,108,2
430,3,40,3
430,3,8,2
430,4,108,3
430,4,40,1
430,4,8,1
430,5,108,1
430,5,40,1
430,5,8,3
431,1,108,3
431,1,49,2
431,2,108,1
431,2,49,3
431,2,8,3
431,3,108,2
431,3,49,3
431,3,8,2
431,4,108,3
431,4,49,1
431,4,8,1
431,5,108,1
431,5,49,1
431,5,8,3
432,1,108,4
432,2,40,4
432,3,108,3
432,3,40,2
432,4,40,4
432,5,108,3
433,1,108,4
433,1,49,1
433,2,49,4
433,3,108,3
433,3,49,1
433,4,49,4
433,5,108,3
436,5,33,5
437,5,33,5
438,5,32,5
439,5,32,5
440,2,14,5
440,2,29,1
440,3,14,3
440,3,29,3
440,3,130,3
440,4,130,5
440,5,29,6
440,5,130,2
441,1,29,1
441,2,14,5
441,3,14,3
441,3,29,3
441,3,130,3
441,4,130,5
441,5,29,6
441,5,130,2
442,1,130,7
442,2,14,6
442,3,14,3
442,3,130,3
442,4,29,7
442,5,29,7
443,1,130,8
443,2,14,6
443,3,14,3
443,3,130,2
443,4,29,7
443,5,29,7
444,1,36,3
444,1,90,2
444,1,116,2
444,2,36,4
444,2,90,1
444,2,116,1
444,3,36,2
444,3,90,6
444,3,116,2
444,4,36,1
444,4,90,4
444,4,116,2
444,5,90,2
444,5,116,3
445,1,69,3
445,1,90,2
445,1,116,2
445,2,69,4
445,2,90,1
445,2,116,1
445,3,69,2
445,3,90,6
445,3,116,2
445,4,69,1
445,4,90,4
445,4,116,2
445,5,90,2
445,5,116,3
446,1,71,4
446,1,18,3
446,2,71,3
446,2,18,1
446,3,71,1
446,3,18,4
446,4,71,2
446,4,18,3
446,5,18,4
447,1,71,4
447,1,18,4
447,2,71,3
447,2,18,1
447,3,71,1
447,3,18,4
447,4,71,2
447,4,18,2
447,5,18,4
448,1,12,4
448,1,98,2
448,1,115,-2
448,2,12,3
448,3,12,1
448,3,98,4
448,3,115,-3
448,4,12,2
448,4,98,2
448,5,98,4
448,5,115,-3
449,1,12,4
449,1,98,3
449,1,115,-2
449,2,12,3
449,3,12,1
449,3,98,4
449,3,115,-3
449,4,12,2
449,4,98,1
449,5,98,4
449,5,115,-3
450,1,71,5
450,2,71,2
450,2,18,3
450,3,18,6
450,4,18,7
450,5,71,3
450,5,18,1
451,1,71,6
451,2,71,2
451,2,18,3
451,3,18,6
451,4,18,7
451,5,71,2
451,5,18,1
452,1,80,2
452,1,32,2
452,2,80,2
452,2,32,2
452,3,80,1
452,3,85,3
452,3,32,2
452,4,80,3
452,4,85,2
452,4,32,2
452,5,80,2
452,5,85,3
452,5,32,2
453,1,80,3
453,1,32,2
453,2,80,2
453,2,32,2
453,3,80,1
453,3,49,3
453,3,32,2
453,4,80,2
453,4,49,2
453,4,32,2
453,5,80,2
453,5,49,3
453,5,32,2
454,1,32,4
454,2,80,4
454,3,32,3
454,3,85,3
454,4,32,3
454,4,85,5
454,5,80,5
454,5,85,2
455,1,32,5
455,2,80,4
455,3,32,3
455,3,49,3
455,4,32,2
455,4,49,5
455,5,80,5
455,5,49,2
456,1,93,5
456,2,74,4
456,3,93,5
456,4,74,4
456,5,93,5
456,5,74,2
457,1,93,5
457,1,74,2
457,2,74,4
457,3,93,5
457,4,74,4
457,5,93,5
458,1,93,1
458,1,72,2
458,1,103,-1
458,2,93,2
458,2,72,2
458,2,103,-2
458,3,93,3
458,3,72,2
458,3,103,-1
458,4,93,3
458,4,72,2
458,4,103,-2
458,5,93,3
458,5,72,2
458,5,103,-1
459,1,93,2
459,1,72,2
459,1,103,-1
459,2,93,2
459,2,72,2
459,2,103,-2
459,3,93,3
459,3,72,2
459,3,103,-1
459,4,93,3
459,4,72,2
459,4,103,-2
459,5,93,2
459,5,72,2
459,5,103,-1
460,1,84,2
460,1,121,2
460,1,101,1
460,2,84,3
460,2,121,1
460,2,101,2
460,3,84,1
460,3,121,2
460,3,101,3
460,4,84,2
460,4,121,2
460,4,101,2
460,5,84,2
460,5,121,3
460,5,101,1
461,1,84,2
461,1,121,3
461,1,101,1
461,2,84,3
461,2,121,1
461,2,101,2
461,3,84,1
461,3,121,1
461,3,101,3
461,4,84,2
461,4,121,2
461,4,101,2
461,5,84,2
461,5,121,3
461,5,101,1
462,1,72,2
462,1,4,2
462,1,80,2
462,2,72,3
462,2,4,2
462,2,80,2
462,3,72,2
462,3,4,1
462,3,80,2
462,4,72,2
462,4,4,2
462,4,80,2
462,5,72,1
462,5,4,3
462,5,80,2
463,1,72,3
463,1,4,2
463,1,80,2
463,2,72,3
463,2,4,2
463,2,80,2
463,3,72,1
463,3,4,1
463,3,80,2
463,4,72,2
463,4,4,2
463,4,80,2
463,5,72,1
463,5,4,3
463,5,80,2
464,1,11,1
464,1,7,2
464,1,91,1
464,2,11,3
464,2,7,2
464,2,91,2
464,3,11,1
464,3,91,2
464,4,11,3
464,4,7,2
464,4,91,1
464,5,11,2
464,5,7,4
464,5,91,2
465,1,11,2
465,1,51,2
465,1,91,1
465,2,11,3
465,2,51,2
465,2,91,2
465,3,11,1
465,3,91,2
465,4,11,2
465,4,51,2
465,4,91,1
465,5,11,2
465,5,51,4
465,5,91,2
466,1,38,3
466,1,35,2
466,2,38,3
466,2,35,2
466,3,38,2
466,3,35,3
466,4,38,1
466,4,35,3
466,5,38,1
466,5,35,2
467,1,38,3
467,1,66,1
467,2,38,3
467,2,66,1
467,3,38,2
467,3,66,3
467,4,38,1
467,4,66,3
467,5,38,1
467,5,66,2
468,1,12,1
468,1,85,2
468,2,12,3
468,2,85,2
468,3,12,1
468,4,12,3
468,4,85,2
468,5,12,2
468,5,85,4
469,1,12,2
469,1,46,2
469,2,12,3
469,2,46,2
469,3,12,1
469,4,12,2
469,4,46,2
469,5,12,2
469,5,46,4
470,1,15,5
470,2,15,2
470,2,82,3
470,3,82,4
470,4,15,3
470,4,82,3
470,5,82,4
471,1,15,6
471,2,15,1
471,2,82,3
471,3,82,4
471,4,15,3
471,4,82,3
471,5,82,4
472,1,94,4
472,1,16,1
472,2,94,3
472,2,16,3
472,3,94,2
472,3,16,4
472,4,94,3
472,4,16,3
472,5,16,4
473,1,94,5
473,1,16,1
473,2,94,2
473,2,16,3
473,3,94,2
473,3,16,4
473,4,94,3
473,4,16,3
473,5,16,4
474,1,94,3
474,1,15,3
474,2,15,4
474,3,15,4
474,4,94,4
474,5,94,6
475,1,94,4
475,1,15,3
475,2,15,4
475,3,15,4
475,4,94,4
475,5,94,5
476,1,40,3
476,2,40,1
476,2,79,4
476,3,40,3
476,3,79,4
476,4,40,2
476,4,79,2
476,5,40,1
476,5,79,4
477,1,66,3
477,2,66,1
477,2,79,4
477,3,66,3
477,3,79,4
477,4,66,2
477,4,79,2
477,5,66,1
477,5,79,4
478,1,91,5
478,2,91,2
478,2,77,2
478,3,77,3
478,4,91,3
478,4,77,1
478,5,77,3
479,1,91,6
479,2,91,1
479,2,77,2
479,3,77,3
479,4,91,3
479,4,77,1
479,5,77,3
480,1,123,3
480,1,5,2
480,1,117,-2
480,2,123,3
480,2,5,3
480,2,117,-2
480,3,123,3
480,3,5,3
480,3,117,-2
480,4,123,4
480,4,5,3
480,4,117,-2
480,5,123,2
480,5,5,3
480,5,117,-1
481,1,123,4
481,1,5,2
481,1,117,-2
481,2,123,3
481,2,5,3
481,2,117,-2
481,3,123,3
481,3,5,3
481,3,117,-2
481,4,123,3
481,4,5,3
481,4,117,-2
481,5,123,2
481,5,5,3
481,5,117,-1
482,1,123,3
482,1,100,2
482,1,125,3
482,2,123,3
482,2,100,2
482,2,125,1
482,3,123,3
482,3,100,1
482,3,125,2
482,4,123,3
482,4,100,2
482,4,125,2
482,5,123,1
482,5,100,3
482,5,125,2
483,1,123,4
483,1,100,2
483,1,125,3
483,2,123,3
483,2,100,2
483,2,125,1
483,3,123,2
483,3,100,1
483,3,125,2
483,4,123,3
483,4,100,2
483,4,125,2
483,5,123,1
483,5,100,3
483,5,125,2
484,1,123,5
484,2,123,3
484,3,123,3
484,3,5,2
484,4,5,5
484,5,5,5
485,1,123,6
485,2,123,3
485,3,123,2
485,3,5,2
485,4,5,5
485,5,5,5
486,1,32,2
486,1,115,2
486,1,78,2
486,2,32,3
486,2,115,1
486,2,78,2
486,3,32,1
486,3,115,2
486,3,78,2
486,4,32,1
486,4,115,3
486,4,78,2
486,5,32,3
486,5,115,2
486,5,78,2
487,1,32,2
487,1,115,3
487,1,78,2
487,2,32,3
487,2,115,1
487,2,78,2
487,3,32,1
487,3,115,2
487,3,78,2
487,4,32,1
487,4,115,2
487,4,78,2
487,5,32,3
487,5,115,2
487,5,78,2
488,1,115,4
488,2,115,3
488,3,32,5
488,4,32,5
488,5,115,3
489,1,115,5
489,2,115,2
489,3,32,5
489,4,32,5
489,5,115,3
490,1,94,4
490,1,16,3
490,2,94,2
490,2,16,3
490,3,94,3
490,3,16,2
490,4,94,4
490,4,16,1
490,5,94,2
490,5,16,1
491,1,94,4
491,1,16,4
491,2,94,2
491,2,16,3
491,3,94,3
491,3,16,1
491,4,94,4
491,4,16,1
491,5,94,2
491,5,16,1
492,1,92,4
492,1,35,3
492,2,92,1
492,2,35,2
492,3,92,2
492,3,35,4
492,4,92,1
492,4,35,1
492,5,92,3
492,5,35,1
493,1,92,4
493,1,65,3
493,2,92,1
493,2,65,2
493,3,92,2
493,3,65,4
493,4,92,1
493,4,65,1
493,5,92,3
493,5,65,1
494,1,108,2
494,1,18,3
494,1,103,-2
494,2,108,1
494,2,18,3
494,2,103,-2
494,3,108,2
494,3,18,5
494,3,103,-2
494,4,108,3
494,4,18,1
494,4,103,-2
494,5,108,2
494,5,18,3
494,5,103,-2
495,1,108,2
495,1,18,4
495,1,103,2
495,2,108,1
495,2,18,3
495,2,103,2
495,3,108,2
495,3,18,4
495,3,103,2
495,4,108,3
495,4,18,1
495,4,103,2
495,5,108,2
495,5,18,3
495,5,103,2
496,1,71,2
496,1,91,2
496,1,121,-2
496,2,71,2
496,2,91,1
496,2,121,-3
496,3,71,2
496,3,91,3
496,3,121,-2
496,4,71,2
496,4,91,2
496,4,121,-2
496,5,71,2
496,5,91,2
496,5,121,-2
497,1,71,2
497,1,91,3
497,1,121,-2
497,2,71,2
497,2,91,1
497,2,121,-3
497,3,71,2
497,3,91,2
497,3,121,-2
497,4,71,2
497,4,91,2
497,4,121,-2
497,5,71,2
497,5,91,2
497,5,121,-2
498,1,135,2
498,1,104,2
498,2,135,2
498,2,104,2
498,3,135,2
498,3,104,2
498,4,135,2
498,4,104,2
498,5,135,2
498,5,104,2
499,1,135,3
499,1,104,2
499,2,135,2
499,2,104,2
499,3,135,2
499,3,104,2
499,4,135,2
499,4,104,2
499,5,135,1
499,5,104,2
500,1,135,2
500,1,104,2
500,2,135,2
500,2,104,2
500,3,135,2
500,3,104,2
500,4,135,2
500,4,104,2
500,5,135,2
500,5,104,2
501,1,135,3
501,1,104,2
501,2,135,2
501,2,104,2
501,3,135,2
501,3,104,2
501,4,135,2
501,4,104,2
501,5,135,1
501,5,104,2
502,1,133,2
502,1,104,2
502,2,133,2
502,2,104,2
502,3,133,2
502,3,104,2
502,4,133,2
502,4,104,2
502,5,133,2
502,5,104,2
503,1,133,3
503,1,104,2
503,2,133,2
503,2,104,2
503,3,133,2
503,3,104,2
503,4,133,2
503,4,104,2
503,5,133,1
503,5,104,2
504,1,136,2
504,1,104,2
504,2,136,2
504,2,104,2
504,3,136,2
504,3,104,2
504,4,136,2
504,4,104,2
504,5,136,2
504,5,104,2
505,1,136,3
505,1,104,2
505,2,136,2
505,2,104,2
505,3,136,2
505,3,104,2
505,4,136,2
505,4,104,2
505,5,136,1
505,5,104,2
506,1,120,3
506,1,117,1
506,2,120,3
506,2,117,2
506,3,120,3
506,3,117,2
506,4,120,3
506,4,117,2
506,5,120,3
506,5,117,3
507,1,120,4
507,1,117,2
507,2,120,2
507,2,117,2
507,3,120,3
507,3,117,2
507,4,120,3
507,4,117,2
507,5,120,3
507,5,117,2
508,1,120,3
508,1,91,2
508,1,112,2
508,2,120,3
508,2,91,2
508,2,112,2
508,3,120,3
508,3,91,2
508,3,112,2
508,5,120,2
508,5,91,3
508,5,112,2
509,1,117,3
509,1,91,2
509,1,111,2
509,2,117,3
509,2,91,2
509,2,111,2
509,3,117,2
509,3,91,2
509,3,111,3
509,5,117,2
509,5,91,3
509,5,111,2
510,1,135,2
510,1,105,2
510,2,135,2
510,2,105,2
510,3,135,2
510,3,105,2
510,4,135,2
510,4,105,2
510,5,135,2
510,5,105,2
511,1,135,3
511,1,105,2
511,2,135,2
511,2,105,2
511,3,135,2
511,3,105,2
511,4,135,2
511,4,105,2
511,5,135,1
511,5,105,2
515,1,111,2
515,1,112,2
515,1,108,2
515,2,111,2
515,2,112,2
515,2,108,2
515,3,111,2
515,3,112,2
515,3,108,2
515,4,111,2
515,4,112,2
515,4,108,2
515,5,111,2
515,5,112,2
515,5,108,2
516,1,111,2
516,1,112,3
516,1,108,2
516,2,111,2
516,2,112,1
516,2,108,2
516,3,111,2
516,3,112,2
516,3,108,2
516,4,111,2
516,4,112,2
516,4,108,2
516,5,111,2
516,5,112,2
516,5,108,2
517,1,36,2
517,1,37,2
517,1,80,2
517,2,36,2
517,2,37,2
517,2,80,1
517,3,36,2
517,3,37,2
517,3,80,2
517,4,36,2
517,4,37,2
517,4,80,2
517,5,36,2
517,5,37,2
517,5,80,3
518,1,69,2
518,1,67,2
518,1,80,3
518,2,69,2
518,2,67,2
518,2,80,1
518,3,69,2
518,3,67,2
518,3,80,2
518,4,69,2
518,4,67,2
518,4,80,2
518,5,69,2
518,5,67,2
518,5,80,2
519,1,36,2
519,1,37,2
519,1,80,2
519,2,36,2
519,2,37,2
519,2,80,1
519,3,36,2
519,3,37,2
519,3,80,2
519,4,36,2
519,4,37,2
519,4,80,2
519,5,36,2
519,5,37,2
519,5,80,3
520,1,69,2
520,1,67,2
520,1,80,3
520,2,69,2
520,2,67,2
520,2,80,1
520,3,69,2
520,3,67,2
520,3,80,2
520,4,69,2
520,4,67,2
520,4,80,2
520,5,69,2
520,5,67,2
520,5,80,2
521,1,15,1
521,1,79,4
521,1,123,2
521,2,15,3
521,2,79,4
521,2,123,1
521,3,15,3
521,3,79,1
521,3,123,2
521,4,15,3
521,4,79,1
521,4,123,2
521,5,79,4
521,5,123,2
522,1,15,2
522,1,79,4
522,1,123,2
522,2,15,2
522,2,79,4
522,2,123,1
522,3,15,3
522,3,79,1
522,3,123,2
522,4,15,3
522,4,79,1
522,4,123,2
522,5,79,4
522,5,123,2
523,1,117,1
523,1,78,1
523,2,117,2
523,2,34,2
523,2,78,2
523,3,34,4
523,3,78,3
523,4,117,3
523,4,34,3
523,4,78,2
523,5,117,2
523,5,78,2
524,1,117,2
524,1,78,1
524,2,117,2
524,2,69,2
524,2,78,2
524,3,69,4
524,3,78,3
524,4,117,2
524,4,69,3
524,4,78,2
524,5,117,2
524,5,78,2
526,1,137,2
526,1,16,3
526,2,137,3
526,3,137,1
526,3,16,3
526,4,137,3
526,4,16,3
526,5,137,1
526,5,16,4
527,1,137,3
527,1,16,3
527,2,137,2
527,3,137,1
527,3,16,3
527,4,137,3
527,4,16,3
527,5,137,1
527,5,16,4
528,1,18,3
528,1,80,2
528,2,107,2
528,2,80,3
528,3,107,1
528,3,18,3
528,3,80,1
528,4,107,4
528,4,18,3
528,4,80,3
528,5,107,3
528,5,18,1
528,5,80,1
529,1,18,4
529,1,80,2
529,2,107,2
529,2,80,3
529,3,107,1
529,3,18,3
529,3,80,1
529,4,107,4
529,4,18,2
529,4,80,3
529,5,107,3
529,5,18,1
529,5,80,1
530,1,121,7
530,1,103,2
530,2,71,3
530,2,103,2
530,3,71,4
530,3,103,2
530,4,71,3
530,4,103,2
530,5,121,8
530,5,103,2
531,1,121,8
531,1,103,2
531,2,71,3
531,2,103,2
531,3,71,4
531,3,103,2
531,4,71,3
531,4,103,2
531,5,121,7
531,5,103,2
532,1,33,5
532,1,72,2
532,2,73,3
532,2,72,2
532,3,73,4
532,3,72,2
532,4,73,3
532,4,72,2
532,5,33,6
532,5,72,2
533,1,33,6
533,1,72,2
533,2,73,3
533,2,72,2
533,3,73,4
533,3,72,2
533,4,73,3
533,4,72,2
533,5,33,5
533,5,72,2
534,1,11,2
534,1,12,2
534,1,38,2
534,2,11,2
534,2,12,2
534,2,38,1
534,3,11,2
534,3,12,2
534,3,38,2
534,4,11,2
534,4,12,2
534,4,38,3
534,5,11,2
534,5,12,2
534,5,38,2
535,1,11,2
535,1,12,2
535,1,38,3
535,2,11,2
535,2,12,2
535,2,38,1
535,3,11,2
535,3,12,2
535,3,38,2
535,4,11,2
535,4,12,2
535,4,38,2
535,5,11,2
535,5,12,2
535,5,38,2
536,1,108,2
536,1,116,2
536,1,115,2
536,2,108,2
536,2,116,2
536,2,115,1
536,3,108,2
536,3,116,2
536,3,115,2
536,4,108,2
536,4,116,2
536,4,115,3
536,5,108,2
536,5,116,2
536,5,115,2
537,1,108,2
537,1,116,2
537,1,115,3
537,2,108,2
537,2,116,2
537,2,115,1
537,3,108,2
537,3,116,2
537,3,115,2
537,4,108,2
537,4,116,2
537,4,115,2
537,5,108,2
537,5,116,2
537,5,115,2
538,1,26,2
538,1,77,3
538,1,40,2
538,2,26,2
538,2,77,1
538,2,40,2
538,3,26,2
538,3,77,2
538,3,40,2
538,4,26,3
538,4,77,2
538,4,40,2
538,5,26,1
538,5,77,2
538,5,40,2
539,1,26,2
539,1,77,4
539,1,49,2
539,2,26,2
539,2,77,1
539,2,49,2
539,3,26,2
539,3,77,2
539,3,49,2
539,4,26,3
539,4,77,2
539,4,49,2
539,5,26,1
539,5,77,1
539,5,49,2
540,1,72,2
540,1,75,2
540,1,74,2
540,2,72,2
540,2,75,1
540,2,74,2
540,3,72,2
540,3,75,3
540,3,74,2
540,4,72,2
540,4,75,2
540,4,74,2
540,5,72,2
540,5,75,2
540,5,74,2
541,1,72,2
541,1,75,3
541,1,74,2
541,2,72,2
541,2,75,1
541,2,74,2
541,3,72,2
541,3,75,2
541,3,74,2
541,4,72,2
541,4,75,2
541,4,74,2
541,5,72,2
541,5,75,2
541,5,74,2
542,1,86,1
542,1,85,3
542,1,102,2
542,2,86,2
542,2,85,3
542,2,102,2
542,3,86,1
542,3,85,5
542,3,102,2
542,4,86,3
542,4,85,2
542,4,102,2
542,5,86,3
542,5,85,2
542,5,102,2
543,1,86,2
543,1,85,3
543,1,102,2
543,2,86,2
543,2,85,3
543,2,102,2
543,3,86,1
543,3,85,5
543,3,102,2
543,4,86,2
543,4,85,2
543,4,102,2
543,5,86,3
543,5,85,2
543,5,102,2
544,1,71,4
544,1,18,2
544,1,12,2
544,2,71,3
544,2,18,1
544,2,12,2
544,3,71,1
544,3,18,3
544,3,12,2
544,4,71,2
544,4,18,2
544,4,12,1
544,5,18,3
544,5,12,3
545,1,71,4
545,1,18,3
545,1,12,2
545,2,71,3
545,2,18,1
545,2,12,2
545,3,71,1
545,3,18,3
545,3,12,2
545,4,71,2
545,4,18,1
545,4,12,1
545,5,18,3
545,5,12,3
546,1,80,2
546,1,79,4
546,2,78,4
546,2,80,1
546,2,79,2
546,3,78,3
546,3,80,3
546,3,79,1
546,4,80,4
546,4,79,3
546,5,78,3
546,5,79,2
547,1,80,3
547,1,79,4
547,2,78,4
547,2,80,1
547,2,79,2
547,3,78,3
547,3,80,3
547,3,79,1
547,4,80,3
547,4,79,3
547,5,78,3
547,5,79,2
548,1,95,3
548,1,35,2
548,1,124,1
548,2,95,1
548,2,35,2
548,2,124,2
548,3,95,2
548,3,35,2
548,3,124,3
548,4,95,2
548,4,35,1
548,4,124,2
548,5,95,2
548,5,35,4
548,5,124,2
549,1,95,3
549,1,35,2
549,1,124,1
549,2,95,1
549,2,35,2
549,2,124,2
549,3,95,2
549,3,35,2
549,3,124,3
549,4,95,2
549,4,35,1
549,4,124,2
549,5,95,2
549,5,35,4
549,5,124,2
550,1,95,3
550,1,48,2
550,1,124,1
550,2,95,1
550,2,48,2
550,2,124,2
550,3,95,2
550,3,48,1
550,3,124,3
550,4,95,2
550,4,48,1
550,4,124,2
550,5,95,2
550,5,48,4
550,5,124,2
551,1,95,3
551,1,48,2
551,1,124,1
551,2,95,1
551,2,48,2
551,2,124,2
551,3,95,2
551,3,48,1
551,3,124,3
551,4,95,2
551,4,48,1
551,4,124,2
551,5,95,2
551,5,48,4
551,5,124,2
552,1,96,3
552,1,85,2
552,1,124,1
552,2,96,1
552,2,85,3
552,2,124,2
552,3,96,2
552,3,85,2
552,3,124,3
552,4,96,2
552,4,85,1
552,4,124,2
552,5,96,2
552,5,85,4
552,5,124,2
553,1,96,3
553,1,85,2
553,1,124,1
553,2,96,1
553,2,85,3
553,2,124,2
553,3,96,2
553,3,85,2
553,3,124,3
553,4,96,2
553,4,85,1
553,4,124,2
553,5,96,2
553,5,85,4
553,5,124,2
554,1,96,3
554,1,46,2
554,1,124,1
554,2,96,1
554,2,46,3
554,2,124,2
554,3,96,2
554,3,46,2
554,3,124,3
554,4,96,2
554,4,46,1
554,4,124,2
554,5,96,2
554,5,46,4
554,5,124,2
555,1,96,3
555,1,46,2
555,1,124,1
555,2,96,1
555,2,46,3
555,2,124,2
555,3,96,2
555,3,46,2
555,3,124,3
555,4,96,2
555,4,46,1
555,4,124,2
555,5,96,2
555,5,46,4
555,5,124,2
556,1,95,5
556,1,35,1
556,2,95,3
556,3,35,5
556,4,95,2
556,4,35,1
556,5,35,5
557,1,95,5
557,1,35,1
557,2,95,3
557,3,35,5
557,4,95,2
557,4,35,1
557,5,35,5
558,1,95,5
558,2,95,3
558,3,48,5
558,4,95,2
558,5,48,5
559,1,95,5
559,2,95,3
559,3,48,5
559,4,95,2
559,5,48,5
560,1,9,2
560,1,35,4
560,1,1,-2
560,2,9,1
560,2,35,2
560,2,1,-2
560,3,9,2
560,3,35,3
560,3,1,-2
560,4,9,3
560,4,35,3
560,4,1,-2
560,5,9,2
560,5,35,3
560,5,1,-2
561,1,9,3
561,1,65,2
561,1,1,-2
561,2,9,1
561,2,65,2
561,2,1,-2
561,3,9,2
561,3,65,2
561,3,1,-2
561,4,9,2
561,4,65,2
561,4,1,-2
561,5,9,2
561,5,65,2
561,5,1,-2
562,1,85,4
562,1,107,2
562,2,85,2
562,2,107,1
562,2,72,4
562,3,85,1
562,3,107,3
562,3,72,3
562,4,85,3
562,4,107,4
562,5,85,2
562,5,72,3
563,1,45,4
563,1,107,2
563,2,45,2
563,2,107,1
563,2,72,4
563,3,45,1
563,3,107,3
563,3,72,3
563,4,45,3
563,4,107,4
563,5,45,2
563,5,72,3
564,1,12,4
564,1,1,-4
564,2,12,4
564,2,1,-4
564,3,35,4
564,3,1,-4
564,4,35,4
564,4,1,-4
564,5,12,2
564,5,35,2
564,5,1,-4
565,1,12,4
565,1,1,-4
565,2,12,4
565,2,1,-4
565,3,67,4
565,3,1,-4
565,4,67,4
565,4,1,-4
565,5,12,2
565,5,67,2
565,5,1,-4
566,1,6,3
566,1,5,2
566,1,33,2
566,2,6,3
566,2,5,2
566,2,33,2
566,3,6,3
566,3,5,2
566,3,33,2
566,4,6,2
566,4,5,1
566,4,33,2
566,5,6,4
566,5,5,3
566,5,33,2
567,1,6,4
567,1,5,2
567,1,33,2
567,2,6,2
567,2,5,2
567,2,33,2
567,3,6,3
567,3,5,2
567,3,33,2
567,4,6,2
567,4,5,1
567,4,33,2
567,5,6,4
567,5,5,3
567,5,33,2
568,1,5,3
568,1,126,2
568,1,89,2
568,2,5,3
568,2,126,1
568,2,89,2
568,3,5,3
568,3,126,2
568,3,89,2
568,4,5,3
568,4,126,3
568,4,89,2
568,5,5,3
568,5,126,2
568,5,89,2
569,1,5,3
569,1,126,3
569,1,103,2
569,2,5,3
569,2,126,1
569,2,103,2
569,3,5,3
569,3,126,2
569,3,103,2
569,4,5,3
569,4,126,2
569,4,103,2
569,5,5,3
569,5,126,2
569,5,103,2
570,1,94,3
570,1,80,2
570,1,1,2
570,2,94,2
570,2,80,2
570,2,1,2
570,3,94,3
570,3,80,2
570,3,1,2
570,4,94,4
570,4,80,2
570,4,1,2
570,5,94,3
570,5,80,2
570,5,1,2
571,1,94,4
571,1,80,2
571,1,1,2
571,2,94,2
571,2,80,2
571,2,1,2
571,3,94,3
571,3,80,2
571,3,1,2
571,4,94,3
571,4,80,2
571,4,1,2
571,5,94,3
571,5,80,2
571,5,1,2
572,1,70,4
572,1,82,2
572,1,5,2
572,2,70,4
572,2,82,1
572,2,5,2
572,3,70,4
572,3,82,2
572,3,5,2
572,4,70,4
572,4,82,3
572,4,5,2
572,5,70,4
572,5,82,2
572,5,5,2
573,1,70,4
573,1,82,3
573,1,5,2
573,2,70,4
573,2,82,1
573,2,5,2
573,3,70,4
573,3,82,2
573,3,5,2
573,4,70,4
573,4,82,2
573,4,5,2
573,5,70,4
573,5,82,2
573,5,5,2
574,1,71,2
574,1,75,2
574,1,4,-2
574,2,71,1
574,2,75,3
574,2,4,-2
574,3,71,2
574,3,75,2
574,3,4,-2
574,4,71,2
574,4,75,1
574,4,4,-2
574,5,71,3
574,5,75,2
574,5,4,-2
575,1,71,3
575,1,75,2
575,1,4,-2
575,2,71,1
575,2,75,3
575,2,4,-2
575,3,71,1
575,3,75,2
575,3,4,-2
575,4,71,2
575,4,75,1
575,4,4,-2
575,5,71,3
575,5,75,2
575,5,4,-2
576,1,136,3
576,1,133,3
576,1,37,-3
576,2,136,2
576,2,133,1
576,2,37,-3
576,3,136,3
576,3,133,2
576,3,37,-3
576,4,136,4
576,4,133,2
576,4,37,-3
576,5,136,3
576,5,133,2
576,5,37,-3
577,1,136,3
577,1,133,3
577,1,47,-3
577,2,136,2
577,2,133,1
577,2,47,-3
577,3,136,3
577,3,133,2
577,3,47,-3
577,4,136,4
577,4,133,2
577,4,47,-3
577,5,136,3
577,5,133,2
577,5,47,-3
578,1,35,4
578,1,36,-4
578,2,35,4
578,2,36,-4
578,3,75,4
578,3,36,-4
578,4,75,4
578,4,36,-4
578,5,35,2
578,5,75,2
578,5,36,-4
579,1,67,4
579,1,128,-4
579,2,67,4
579,2,128,-4
579,3,75,4
579,3,128,-4
579,4,75,4
579,4,128,-4
579,5,67,2
579,5,75,2
579,5,128,-4
580,1,115,2
580,1,117,4
580,1,124,2
580,2,115,4
580,2,119,3
580,2,124,2
580,3,115,1
580,3,119,4
580,3,124,2
580,4,115,3
580,4,117,3
580,4,124,2
580,5,119,3
580,5,117,3
580,5,124,2
581,1,115,3
581,1,117,4
581,1,124,2
581,2,115,4
581,2,119,3
581,2,124,2
581,3,119,4
581,3,124,2
581,4,115,3
581,4,117,3
581,4,124,2
581,5,119,3
581,5,117,3
581,5,124,2
582,1,135,4
582,1,133,3
582,1,20,-3
582,2,135,3
582,2,133,1
582,2,20,-3
582,3,135,4
582,3,133,2
582,3,20,-3
582,4,135,5
582,4,133,2
582,4,20,-3
582,5,135,4
582,5,133,2
582,5,20,-3
583,1,135,5
583,1,133,3
583,1,20,-3
583,2,135,3
583,2,133,1
583,2,20,-3
583,3,135,4
583,3,133,2
583,3,20,-3
583,4,135,4
583,4,133,2
583,4,20,-3
583,5,135,4
583,5,133,2
583,5,20,-3
584,1,108,2
584,1,77,3
584,1,103,-3
584,2,108,1
584,2,36,3
584,2,103,-4
584,3,108,2
584,3,77,5
584,3,36,3
584,4,108,3
584,4,77,2
584,4,36,1
584,5,108,2
584,5,36,3
584,5,103,-3
585,1,108,2
585,1,77,3
585,1,103,3
585,2,108,1
585,2,69,3
585,2,103,4
585,3,108,2
585,3,77,5
585,3,69,3
585,4,108,3
585,4,77,2
585,4,69,2
585,5,108,2
585,5,69,3
585,5,103,3
586,1,36,2
586,1,35,3
586,1,121,-2
586,2,36,1
586,2,35,3
586,2,121,-3
586,3,36,2
586,3,35,3
586,3,121,-2
586,4,36,3
586,4,35,3
586,4,121,-2
586,5,36,2
586,5,35,3
586,5,121,-2
587,1,66,2
587,1,48,2
587,1,121,-2
587,2,66,1
587,2,48,2
587,2,121,-3
587,3,66,2
587,3,48,2
587,3,121,-2
587,4,66,3
587,4,48,2
587,4,121,-2
587,5,66,2
587,5,48,2
587,5,121,-2
588,1,35,2
588,2,35,2
588,3,35,2
588,4,35,2
588,5,35,2
589,1,48,2
589,2,48,2
589,3,48,2
589,4,48,2
589,5,48,2
590,1,39,2
590,1,5,3
590,1,37,2
590,2,39,1
590,2,5,3
590,2,37,2
590,3,39,3
590,3,5,3
590,3,37,2
590,4,39,2
590,4,5,3
590,4,37,2
590,5,39,2
590,5,5,3
590,5,37,2
591,1,47,2
591,1,5,3
591,1,49,2
591,2,47,1
591,2,5,3
591,2,49,2
591,3,47,3
591,3,5,3
591,3,49,2
591,4,47,2
591,4,5,3
591,4,49,2
591,5,47,2
591,5,5,3
591,5,49,2
592,1,37,8
592,2,5,5
592,2,37,1
592,3,39,5
592,3,5,1
592,3,37,1
592,4,5,5
592,5,39,5
593,1,67,8
593,2,5,5
593,2,67,1
593,3,49,5
593,3,5,1
593,3,67,1
593,4,5,5
593,5,49,5
594,1,36,2
594,1,18,4
594,1,117,2
594,2,36,2
594,2,18,4
594,2,117,2
594,3,36,2
594,3,18,4
594,3,117,2
594,4,36,2
594,4,18,4
594,4,117,2
594,5,36,2
594,5,18,4
594,5,117,2
595,1,50,2
595,1,18,4
595,1,117,2
595,2,50,2
595,2,18,4
595,2,117,2
595,3,50,2
595,3,18,4
595,3,117,2
595,4,50,2
595,4,18,4
595,4,117,2
595,5,50,2
595,5,18,4
595,5,117,2
596,1,93,3
596,1,82,3
596,1,34,-2
596,2,93,2
596,2,82,2
596,2,34,-2
596,3,93,3
596,3,82,3
596,3,34,-2
596,4,93,4
596,4,82,3
596,4,34,-2
596,5,93,3
596,5,82,4
596,5,34,-2
597,1,93,4
597,1,82,3
597,1,47,-2
597,2,93,2
597,2,82,2
597,2,47,-2
597,3,93,3
597,3,82,3
597,3,47,-2
597,4,93,3
597,4,82,3
597,4,47,-2
597,5,93,3
597,5,82,4
597,5,47,-2
598,1,82,4
598,1,34,-2
598,2,93,5
598,2,34,-2
598,3,93,2
598,3,82,4
598,3,34,-2
598,4,93,5
598,4,34,-2
598,5,93,2
598,5,82,5
598,5,34,-2
599,1,82,5
599,1,47,-2
599,2,93,5
599,2,47,-2
599,3,93,2
599,3,82,3
599,3,47,-2
599,4,93,5
599,4,47,-2
599,5,93,2
599,5,82,5
599,5,47,-2
600,1,100,2
600,1,101,2
600,1,118,-3
600,2,100,1
600,2,101,2
600,2,118,-3
600,3,100,3
600,3,101,2
600,3,118,-3
600,4,100,2
600,4,101,2
600,4,118,-3
600,5,100,2
600,5,101,2
600,5,118,-3
601,1,100,3
601,1,101,2
601,1,118,-3
601,2,100,1
601,2,101,2
601,2,118,-3
601,3,100,2
601,3,101,2
601,3,118,-3
601,4,100,2
601,4,101,2
601,4,118,-3
601,5,100,2
601,5,101,2
601,5,118,-3
602,1,96,2
602,1,108,2
602,1,134,-2
602,2,96,2
602,2,108,1
602,2,134,-2
602,3,96,2
602,3,108,2
602,3,134,-2
602,4,96,2
602,4,108,2
602,4,134,-2
602,5,96,2
602,5,108,3
602,5,134,-2
603,1,96,2
603,1,108,3
603,1,134,-2
603,2,96,2
603,2,108,1
603,2,134,-2
603,3,96,2
603,3,108,2
603,3,134,-2
603,4,96,2
603,4,108,2
603,4,134,-2
603,5,96,2
603,5,108,2
603,5,134,-2
604,1,32,2
604,1,26,2
604,1,74,2
604,2,32,2
604,2,26,1
604,2,74,2
604,3,32,2
604,3,26,2
604,3,74,2
604,4,32,2
604,4,26,3
604,4,74,2
604,5,32,2
604,5,26,2
604,5,74,2
605,1,32,2
605,1,26,3
605,1,74,2
605,2,32,2
605,2,26,1
605,2,74,2
605,3,32,2
605,3,26,2
605,3,74,2
605,4,32,2
605,4,26,2
605,4,74,2
605,5,32,2
605,5,26,2
605,5,74,2
606,1,32,5
606,2,26,4
606,2,74,2
606,3,32,5
606,3,74,2
606,4,26,5
606,4,74,1
606,5,26,1
606,5,74,5
607,1,32,6
607,2,26,4
607,2,74,2
607,3,32,4
607,3,74,2
607,4,26,5
607,4,74,1
607,5,26,1
607,5,74,5
608,3,115,6
609,1,12,4
610,1,111,15
611,1,70,15
612,1,20,15
613,1,37,10
614,1,67,10
615,1,91,2
615,1,89,2
615,1,20,3
615,2,91,1
615,2,89,2
615,2,20,3
615,3,91,2
615,3,89,2
615,3,20,3
615,4,91,2
615,4,89,2
615,4,20,3
615,5,91,3
615,5,89,2
615,5,20,3
616,1,91,3
616,1,89,2
616,1,20,3
616,2,91,1
616,2,89,2
616,2,20,3
616,3,91,2
616,3,89,2
616,3,20,3
616,4,91,2
616,4,89,2
616,4,20,3
616,5,91,2
616,5,89,2
616,5,20,3
617,1,144,2
617,1,19,2
617,1,79,3
617,1,162,2
617,2,144,1
617,2,19,2
617,2,79,3
617,2,162,1
617,3,144,3
617,3,19,2
617,3,79,3
617,3,162,3
617,4,144,2
617,4,19,2
617,4,79,3
617,4,162,2
617,5,144,2
617,5,19,2
617,5,79,3
617,5,162,2
618,1,144,3
618,1,19,2
618,1,79,3
618,1,162,3
618,2,144,1
618,2,19,2
618,2,79,3
618,2,162,1
618,3,144,2
618,3,19,2
618,3,79,3
618,3,162,2
618,4,144,2
618,4,19,2
618,4,79,3
618,4,162,2
618,5,144,2
618,5,19,2
618,5,79,3
618,5,162,2
619,1,145,2
619,1,107,2
619,1,118,3
619,1,163,2
619,2,145,1
619,2,107,2
619,2,118,3
619,2,163,1
619,3,145,2
619,3,107,2
619,3,118,3
619,3,163,2
619,4,145,2
619,4,107,2
619,4,118,3
619,4,163,2
619,5,145,3
619,5,107,2
619,5,118,3
619,5,163,3
620,1,145,3
620,1,107,2
620,1,118,3
620,1,163,3
620,2,145,1
620,2,107,2
620,2,118,3
620,2,163,1
620,3,145,2
620,3,107,2
620,3,118,3
620,3,163,2
620,4,145,2
620,4,107,2
620,4,118,3
620,4,163,2
620,5,145,2
620,5,107,2
620,5,118,3
620,5,163,2
621,1,146,2
621,1,101,2
621,1,84,2
621,1,164,2
621,2,146,1
621,2,101,2
621,2,84,1
621,2,164,1
621,3,146,2
621,3,101,2
621,3,84,2
621,3,164,2
621,4,146,3
621,4,101,2
621,4,84,2
621,4,164,3
621,5,146,2
621,5,101,2
621,5,84,3
621,5,164,2
622,1,146,3
622,1,101,2
622,1,84,2
622,1,164,3
622,2,146,1
622,2,101,2
622,2,84,1
622,2,164,1
622,3,146,2
622,3,101,2
622,3,84,2
622,3,164,2
622,4,146,2
622,4,101,2
622,4,84,2
622,4,164,2
622,5,146,2
622,5,101,2
622,5,84,3
622,5,164,2
623,1,148,2
623,1,73,2
623,1,70,3
623,1,166,2
623,2,148,1
623,2,73,2
623,2,70,3
623,2,166,1
623,3,148,2
623,3,73,2
623,3,70,3
623,3,166,2
623,4,148,3
623,4,73,2
623,4,70,3
623,4,166,3
623,5,148,2
623,5,73,2
623,5,70,3
623,5,166,2
624,1,148,3
624,1,73,2
624,1,70,3
624,1,166,3
624,2,148,1
624,2,73,2
624,2,70,3
624,2,166,1
624,3,148,2
624,3,73,2
624,3,70,3
624,3,166,2
624,4,148,2
624,4,73,2
624,4,70,3
624,4,166,2
624,5,148,2
624,5,73,2
624,5,70,3
624,5,166,2
625,1,147,2
625,1,71,2
625,1,85,3
625,1,165,2
625,2,147,1
625,2,71,1
625,2,85,3
625,2,165,1
625,3,147,3
625,3,71,2
625,3,85,3
625,3,165,3
625,4,147,2
625,4,71,2
625,4,85,3
625,4,165,2
625,5,147,2
625,5,71,3
625,5,85,3
625,5,165,2
626,1,147,3
626,1,71,2
626,1,45,3
626,1,165,3
626,2,147,1
626,2,71,1
626,2,45,3
626,2,165,1
626,3,147,2
626,3,71,2
626,3,45,3
626,3,165,2
626,4,147,2
626,4,71,2
626,4,45,3
626,4,165,2
626,5,147,2
626,5,71,3
626,5,45,3
626,5,165,2
627,1,150,2
627,1,83,2
627,1,75,2
627,1,168,2
627,2,150,1
627,2,83,2
627,2,75,2
627,2,168,1
627,3,150,2
627,3,83,2
627,3,75,2
627,3,168,2
627,4,150,2
627,4,83,2
627,4,75,2
627,4,168,2
627,5,150,3
627,5,83,2
627,5,75,2
627,5,168,3
628,1,150,3
628,1,83,2
628,1,75,2
628,1,168,3
628,2,150,1
628,2,83,2
628,2,75,2
628,2,168,1
628,3,150,2
628,3,83,2
628,3,75,2
628,3,168,2
628,4,150,2
628,4,83,2
628,4,75,2
628,4,168,2
628,5,150,2
628,5,83,2
628,5,75,2
628,5,168,2
629,1,149,2
629,1,96,2
629,1,135,3
629,1,167,2
629,2,149,1
629,2,96,1
629,2,135,3
629,2,167,1
629,3,149,3
629,3,96,2
629,3,135,3
629,3,167,3
629,4,149,2
629,4,96,3
629,4,135,3
629,4,167,2
629,5,149,2
629,5,96,2
629,5,135,3
629,5,167,2
630,1,149,3
630,1,96,2
630,1,135,3
630,1,167,3
630,2,149,1
630,2,96,1
630,2,135,3
630,2,167,1
630,3,149,2
630,3,96,2
630,3,135,3
630,3,167,2
630,4,149,2
630,4,96,3
630,4,135,3
630,4,167,2
630,5,149,2
630,5,96,2
630,5,135,3
630,5,167,2
631,1,151,2
631,1,102,2
631,1,72,2
631,1,169,2
631,2,151,1
631,2,102,1
631,2,72,2
631,2,169,1
631,3,151,2
631,3,102,2
631,3,72,2
631,3,169,2
631,4,151,2
631,4,102,3
631,4,72,2
631,4,169,2
631,5,151,3
631,5,102,2
631,5,72,2
631,5,169,3
632,1,151,3
632,1,102,2
632,1,72,2
632,1,169,3
632,2,151,1
632,2,102,1
632,2,72,2
632,2,169,1
632,3,151,2
632,3,102,2
632,3,72,2
632,3,169,2
632,4,151,2
632,4,102,3
632,4,72,2
632,4,169,2
632,5,151,2
632,5,102,2
632,5,72,2
632,5,169,2
633,1,152,2
633,1,71,2
633,1,5,3
633,1,170,2
633,2,152,1
633,2,71,1
633,2,5,3
633,2,170,1
633,3,152,2
633,3,71,3
633,3,5,3
633,3,170,2
633,4,152,3
633,4,71,2
633,4,5,3
633,4,170,3
633,5,152,2
633,5,71,2
633,5,5,3
633,5,170,2
634,1,152,3
634,1,71,2
634,1,5,3
634,1,170,3
634,2,152,1
634,2,71,1
634,2,5,3
634,2,170,1
634,3,152,2
634,3,71,3
634,3,5,3
634,3,170,2
634,4,152,2
634,4,71,2
634,4,5,3
634,4,170,2
634,5,152,2
634,5,71,2
634,5,5,3
634,5,170,2
635,1,153,2
635,1,78,2
635,1,15,2
635,1,171,2
635,2,153,1
635,2,78,2
635,2,15,2
635,2,171,1
635,3,153,2
635,3,78,2
635,3,15,2
635,3,171,2
635,4,153,2
635,4,78,2
635,4,15,2
635,4,171,3
635,5,153,3
635,5,78,2
635,5,15,2
635,5,171,2
636,1,153,3
636,1,78,2
636,1,15,2
636,1,171,3
636,2,153,1
636,2,78,2
636,2,15,2
636,2,171,1
636,3,153,2
636,3,78,2
636,3,15,2
636,3,171,2
636,4,153,2
636,4,78,2
636,4,15,2
636,4,171,2
636,5,153,2
636,5,78,2
636,5,15,2
636,5,171,2
637,1,154,2
637,1,91,2
637,1,40,2
637,1,172,2
637,2,154,1
637,2,91,2
637,2,40,1
637,2,172,1
637,3,154,3
637,3,91,2
637,3,40,2
637,3,172,2
637,4,154,2
637,4,91,2
637,4,40,2
637,4,172,3
637,5,154,2
637,5,91,2
637,5,40,3
637,5,172,2
638,1,154,3
638,1,91,2
638,1,48,2
638,1,172,3
638,2,154,1
638,2,91,2
638,2,48,1
638,2,172,1
638,3,154,2
638,3,91,2
638,3,48,2
638,3,172,2
638,4,154,2
638,4,91,2
638,4,48,2
638,4,172,2
638,5,154,2
638,5,91,2
638,5,48,3
638,5,172,2
639,1,155,2
639,1,38,2
639,1,115,2
639,1,173,2
639,2,155,1
639,2,38,2
639,2,115,2
639,2,173,1
639,3,155,2
639,3,38,2
639,3,115,2
639,3,173,2
639,4,155,3
639,4,38,2
639,4,115,2
639,4,173,3
639,5,155,2
639,5,38,2
639,5,115,2
639,5,173,2
640,1,155,3
640,1,38,2
640,1,115,2
640,1,173,3
640,2,155,1
640,2,38,2
640,2,115,2
640,2,173,1
640,3,155,2
640,3,38,2
640,3,115,2
640,3,173,2
640,4,155,2
640,4,38,2
640,4,115,2
640,4,173,2
640,5,155,2
640,5,38,2
640,5,115,2
640,5,173,2
641,1,4,8
642,5,98,6
642,5,4,2
643,5,98,6
643,5,4,2
644,1,79,8
645,1,79,8
646,2,11,3
646,2,113,5
647,2,11,3
647,2,113,5
648,2,84,3
648,2,113,5
649,2,84,3
649,2,113,5
650,2,38,3
650,2,113,5
651,2,38,3
651,2,113,5
652,2,72,3
652,2,113,5
653,2,72,3
653,2,113,5
654,2,18,5
654,2,103,-5
654,4,18,5
654,4,80,2
654,4,103,-3
654,5,18,3
654,5,80,5
654,5,103,-2
655,2,18,5
655,2,103,-5
655,4,18,5
655,4,80,2
655,4,103,-3
655,5,18,3
655,5,80,5
655,5,103,-2
656,2,99,10
657,2,99,10
658,1,93,4
658,1,125,4
658,1,103,-4
658,2,93,3
658,2,125,3
658,2,103,-3
658,5,93,4
658,5,125,3
658,5,103,-3
659,1,93,4
659,1,125,4
659,1,103,-4
659,2,93,3
659,2,125,3
659,2,103,-3
659,5,93,4
659,5,125,3
659,5,103,-3
660,1,94,3
660,1,123,3
660,1,103,-2
660,2,94,3
660,2,123,3
660,2,103,-2
660,3,94,3
660,3,123,3
660,3,103,-2
660,4,94,3
660,4,123,3
660,4,103,-2
660,5,94,3
660,5,123,3
660,5,103,-2
661,1,94,3
661,1,123,3
661,1,103,-2
661,2,94,3
661,2,123,3
661,2,103,-2
661,3,94,3
661,3,123,3
661,3,103,-2
661,4,94,3
661,4,123,3
661,4,103,-2
661,5,94,3
661,5,123,3
661,5,103,-2
662,1,108,2
662,1,107,3
662,1,82,2
662,2,108,2
662,2,107,2
662,2,82,1
662,3,108,2
662,3,107,3
662,3,82,1
662,4,108,2
662,4,107,1
662,4,82,3
662,5,108,2
662,5,107,1
662,5,82,3
663,1,108,2
663,1,107,3
663,1,82,3
663,2,108,2
663,2,107,2
663,2,82,1
663,3,108,2
663,3,107,3
663,3,82,1
663,4,108,2
663,4,107,1
663,4,82,3
663,5,108,2
663,5,107,1
663,5,82,2
664,1,135,3
664,1,133,2
664,1,134,-2
664,2,135,2
664,2,133,2
664,2,134,-1
664,3,135,3
664,3,133,2
664,3,134,-2
664,4,135,3
664,4,133,2
664,4,134,-2
664,5,135,3
664,5,133,2
664,5,134,-2
665,1,135,4
665,1,133,2
665,1,134,-2
665,2,135,2
665,2,133,2
665,2,134,-1
665,3,135,3
665,3,133,2
665,3,134,-2
665,4,135,3
665,4,133,2
665,4,134,-2
665,5,135,3
665,5,133,2
665,5,134,-2
666,1,135,3
666,1,136,2
666,1,137,2
666,2,135,3
666,2,136,1
666,2,137,1
666,3,135,2
666,3,136,1
666,3,137,1
666,4,135,3
666,4,136,1
666,4,137,1
666,5,135,4
666,5,136,2
666,5,137,2
667,1,135,4
667,1,136,2
667,1,137,2
667,2,135,3
667,2,136,1
667,2,137,1
667,3,135,2
667,3,136,1
667,3,137,1
667,4,135,3
667,4,136,1
667,4,137,1
667,5,135,3
667,5,136,2
667,5,137,2
668,1,5,3
668,1,4,1
668,1,83,3
668,2,5,1
668,2,4,3
668,2,83,2
668,3,5,2
668,3,4,2
668,3,83,1
668,4,5,2
668,4,4,3
668,4,83,1
668,5,5,2
668,5,4,1
668,5,83,3
669,1,5,4
669,1,4,1
669,1,83,3
669,2,5,1
669,2,4,3
669,2,83,2
669,3,5,2
669,3,4,2
669,3,83,1
669,4,5,2
669,4,4,3
669,4,83,1
669,5,5,1
669,5,4,1
669,5,83,3
670,1,93,2
670,1,78,2
670,1,4,-2
670,2,93,2
670,2,78,2
670,2,4,-2
670,3,93,2
670,3,78,2
670,3,4,-2
670,4,93,2
670,4,78,2
670,4,4,-2
670,5,93,2
670,5,78,2
670,5,4,-2
671,1,93,2
671,1,78,2
671,1,4,-2
671,2,93,2
671,2,78,2
671,2,4,-2
671,3,93,2
671,3,78,2
671,3,4,-2
671,4,93,2
671,4,78,2
671,4,4,-2
671,5,93,2
671,5,78,2
671,5,4,-2
672,1,79,2
672,1,7,2
672,2,79,2
672,2,7,2
672,3,79,2
672,3,7,2
672,4,79,2
672,4,7,2
672,5,79,2
672,5,7,2
673,1,79,2
673,1,104,2
673,2,79,2
673,2,104,2
673,3,79,2
673,3,104,2
673,4,79,2
673,4,104,2
673,5,79,2
673,5,104,2
674,1,36,2
674,1,67,2
674,1,85,3
674,2,36,2
674,2,67,2
674,2,85,3
674,3,36,2
674,3,67,2
674,3,85,3
674,4,36,2
674,4,67,2
674,4,85,3
674,5,36,2
674,5,67,2
674,5,85,3
675,1,45,2
675,1,67,2
675,1,47,3
675,2,45,2
675,2,67,2
675,2,47,3
675,3,45,2
675,3,67,2
675,3,47,3
675,4,45,2
675,4,67,2
675,4,47,3
675,5,45,2
675,5,67,2
675,5,47,3
676,1,38,2
676,1,107,2
676,1,120,3
676,2,38,2
676,2,107,2
676,2,120,3
676,3,38,2
676,3,107,2
676,3,120,3
676,4,38,2
676,4,107,2
676,4,120,3
676,5,38,2
676,5,107,2
676,5,120,3
677,1,38,2
677,1,107,2
677,1,120,3
677,2,38,2
677,2,107,2
677,2,120,3
677,3,38,2
677,3,107,2
677,3,120,3
677,4,38,2
677,4,107,2
677,4,120,3
677,5,38,2
677,5,107,2
677,5,120,3
678,1,114,3
678,1,89,3
678,1,78,2
678,2,114,2
678,2,89,2
678,2,78,2
678,3,114,2
678,3,89,2
678,3,78,3
678,5,114,3
678,5,89,3
678,5,78,3
679,1,114,3
679,1,89,3
679,1,78,3
679,2,114,2
679,2,89,2
679,2,78,2
679,3,114,2
679,3,89,2
679,3,78,2
679,5,114,3
679,5,89,3
679,5,78,3
680,1,135,3
680,1,89,3
680,1,78,2
680,2,135,2
680,2,89,2
680,2,78,2
680,3,135,3
680,3,89,2
680,3,78,3
680,5,135,3
680,5,89,3
680,5,78,3
681,1,135,3
681,1,89,3
681,1,78,3
681,2,135,2
681,2,89,2
681,2,78,2
681,3,135,3
681,3,89,2
681,3,78,2
681,5,135,3
681,5,89,3
681,5,78,3
682,1,95,2
682,1,37,2
682,1,119,2
682,2,95,2
682,2,37,2
682,2,119,2
682,3,95,2
682,3,37,2
682,3,119,2
682,4,95,2
682,4,37,2
682,4,119,2
682,5,95,2
682,5,37,2
682,5,119,2
683,1,95,2
683,1,67,2
683,1,119,2
683,2,95,2
683,2,67,2
683,2,119,2
683,3,95,2
683,3,67,2
683,3,119,2
683,4,95,2
683,4,67,2
683,4,119,2
683,5,95,2
683,5,67,2
683,5,119,2
684,1,26,3
684,1,12,3
684,1,121,-3
684,2,26,2
684,2,12,2
684,2,121,-2
684,3,26,2
684,3,12,2
684,3,121,-2
684,5,26,3
684,5,12,3
684,5,121,-3
685,1,26,3
685,1,12,3
685,1,121,-3
685,2,26,2
685,2,12,2
685,2,121,-2
685,3,26,2
685,3,12,2
685,3,121,-2
685,5,26,3
685,5,12,3
685,5,121,-3
686,1,82,3
686,1,80,3
686,1,19,-3
686,2,82,2
686,2,80,2
686,2,19,-2
686,3,82,2
686,3,80,2
686,3,19,-2
686,5,82,3
686,5,80,3
686,5,19,-3
687,1,82,3
687,1,80,3
687,1,19,-3
687,2,82,2
687,2,80,2
687,2,19,-2
687,3,82,2
687,3,80,2
687,3,19,-2
687,5,82,3
687,5,80,3
687,5,19,-3
688,1,93,3
688,1,5,3
688,1,119,-3
688,2,93,3
688,2,5,3
688,2,119,-3
688,3,93,3
688,3,5,3
688,3,119,-3
688,5,93,3
688,5,5,3
688,5,119,-3
689,1,93,3
689,1,5,3
689,1,119,-3
689,2,93,3
689,2,5,3
689,2,119,-3
689,3,93,3
689,3,5,3
689,3,119,-3
689,5,93,3
689,5,5,3
689,5,119,-3
690,1,93,3
690,1,5,3
690,1,119,-3
690,2,93,3
690,2,5,3
690,2,119,-3
690,3,93,3
690,3,5,3
690,3,119,-3
690,5,93,3
690,5,5,3
690,5,119,-3
691,1,93,3
691,1,5,3
691,1,119,-3
691,2,93,3
691,2,5,3
691,2,119,-3
691,3,93,3
691,3,5,3
691,3,119,-3
691,5,93,3
691,5,5,3
691,5,119,-3
692,2,99,10
693,2,99,10
694,1,27,4
694,2,77,3
694,2,27,2
694,2,79,-3
694,3,77,2
694,3,79,-1
694,4,27,4
694,5,77,5
694,5,79,-3
695,1,27,5
695,2,77,3
695,2,27,2
695,2,79,-3
695,3,77,2
695,3,79,-1
695,4,27,3
695,5,77,5
695,5,79,-3
696,1,11,1
696,1,127,2
696,1,21,-2
696,2,11,3
696,2,127,2
696,2,21,-2
696,3,11,1
696,3,21,-2
696,4,11,3
696,4,127,2
696,4,21,-2
696,5,11,2
696,5,127,4
696,5,21,-2
697,1,11,2
697,1,127,2
697,1,21,-2
697,2,11,3
697,2,127,2
697,2,21,-2
697,3,11,1
697,3,21,-2
697,4,11,2
697,4,127,2
697,4,21,-2
697,5,11,2
697,5,127,4
697,5,21,-2
698,1,117,1
698,2,117,2
698,2,34,2
698,3,34,5
698,4,117,3
698,4,34,3
698,5,117,2
699,1,117,2
699,2,117,2
699,2,69,2
699,3,69,5
699,4,117,2
699,4,69,3
699,5,117,2
700,1,134,2
700,1,131,4
700,2,134,5
700,3,134,3
700,3,131,2
700,4,134,1
700,4,131,2
700,5,134,1
700,5,131,2
701,1,20,2
701,2,20,3
701,3,20,2
701,3,124,2
701,4,124,3
701,5,20,5
702,1,27,6
702,2,77,3
702,2,27,3
702,2,79,-2
702,3,77,2
702,3,79,-1
702,4,27,5
702,5,77,5
702,5,79,-2
703,1,27,7
703,2,77,3
703,2,27,3
703,2,79,-2
703,3,77,2
703,3,79,-1
703,4,27,4
703,5,77,5
703,5,79,-2
704,1,11,1
704,1,7,2
704,1,91,1
704,2,11,3
704,2,7,2
704,2,91,2
704,3,11,1
704,3,91,2
704,4,11,3
704,4,7,2
704,4,91,1
704,5,11,2
704,5,7,4
704,5,91,2
705,1,11,2
705,1,51,2
705,1,91,1
705,2,11,3
705,2,51,2
705,2,91,2
705,3,11,1
705,3,91,2
705,4,11,2
705,4,51,2
705,4,91,1
705,5,11,2
705,5,51,4
705,5,91,2
706,1,133,2
706,1,104,2
706,2,133,2
706,2,104,2
706,3,133,2
706,3,104,2
706,4,133,2
706,4,104,2
706,5,133,2
706,5,104,2
707,1,133,3
707,1,104,2
707,2,133,2
707,2,104,2
707,3,133,2
707,3,104,2
707,4,133,2
707,4,104,2
707,5,133,1
707,5,104,2
708,1,136,2
708,1,104,2
708,2,136,2
708,2,104,2
708,3,136,2
708,3,104,2
708,4,136,2
708,4,104,2
708,5,136,2
708,5,104,2
709,1,136,3
709,1,104,2
709,2,136,2
709,2,104,2
709,3,136,2
709,3,104,2
709,4,136,2
709,4,104,2
709,5,136,1
709,5,104,2
710,1,117,1
710,1,78,1
710,2,117,2
710,2,34,2
710,2,78,2
710,3,34,4
710,3,78,3
710,4,117,3
710,4,34,3
710,4,78,2
710,5,117,2
710,5,78,2
711,1,117,2
711,1,78,1
711,2,117,2
711,2,69,2
711,2,78,2
711,3,69,4
711,3,78,3
711,4,117,2
711,4,69,3
711,4,78,2
711,5,117,2
711,5,78,2
712,1,93,2
712,1,78,2
712,1,4,-2
712,2,93,2
712,2,78,2
712,2,4,-2
712,3,93,2
712,3,78,2
712,3,4,-2
712,4,93,2
712,4,78,2
712,4,4,-2
712,5,93,2
712,5,78,2
712,5,4,-2
713,1,93,2
713,1,78,2
713,1,4,-2
713,2,93,2
713,2,78,2
713,2,4,-2
713,3,93,2
713,3,78,2
713,3,4,-2
713,4,93,2
713,4,78,2
713,4,4,-2
713,5,93,2
713,5,78,2
713,5,4,-2
714,1,93,3
714,1,78,2
714,1,72,1
714,2,93,3
714,2,78,2
714,2,72,1
714,3,93,3
714,3,78,2
714,3,72,1
714,4,93,3
714,4,78,2
714,4,72,1
714,5,93,3
714,5,78,2
714,5,72,1
715,1,93,3
715,1,78,3
715,1,72,1
715,2,93,3
715,2,78,1
715,2,72,1
715,3,93,3
715,3,78,2
715,3,72,1
715,4,93,3
715,4,78,2
715,4,72,1
715,5,93,3
715,5,78,2
715,5,72,1
716,1,93,3
716,1,78,2
716,1,72,1
716,2,93,3
716,2,78,2
716,2,72,1
716,3,93,3
716,3,78,2
716,3,72,1
716,4,93,3
716,4,78,2
716,4,72,1
716,5,93,3
716,5,78,2
716,5,72,1
717,1,93,3
717,1,78,3
717,1,72,1
717,2,93,3
717,2,78,1
717,2,72,1
717,3,93,3
717,3,78,2
717,3,72,1
717,4,93,3
717,4,78,2
717,4,72,1
717,5,93,3
717,5,78,2
717,5,72,1
718,1,18,3
718,1,121,-2
718,2,18,1
718,2,122,2
718,2,121,-2
718,3,18,3
718,3,122,2
718,3,121,-2
718,4,122,4
718,4,121,-2
718,5,18,4
718,5,122,2
718,5,121,-2
719,1,18,4
719,1,121,-2
719,2,18,1
719,2,122,2
719,2,121,-2
719,3,18,3
719,3,122,2
719,3,121,-2
719,4,122,4
719,4,121,-2
719,5,18,3
719,5,122,2
719,5,121,-2
720,1,135,2
720,1,115,-2
720,2,135,2
720,2,115,-2
720,3,135,2
720,3,115,-2
720,5,135,2
720,5,115,-2
721,1,135,3
721,1,115,-2
721,2,135,1
721,2,115,-2
721,3,135,2
721,3,115,-2
721,5,135,2
721,5,115,-2
722,1,18,3
722,1,85,2
722,2,18,1
722,2,85,3
722,2,19,2
722,3,18,2
722,3,19,2
722,4,18,3
722,4,85,3
722,4,19,2
722,5,18,3
722,5,85,2
722,5,19,1
723,1,18,3
723,1,68,2
723,2,18,1
723,2,68,3
723,2,19,2
723,3,18,2
723,3,19,2
723,4,18,3
723,4,68,3
723,4,19,2
723,5,18,3
723,5,68,2
723,5,19,1
724,1,91,1
724,1,19,3
724,2,91,2
724,2,19,3
724,3,91,4
724,4,19,3
724,5,91,3
724,5,19,3
725,1,91,2
725,1,19,3
725,2,91,2
725,2,19,3
725,3,91,3
725,4,19,3
725,5,91,3
725,5,19,3
726,1,33,2
726,1,79,4
726,1,4,-2
726,2,33,1
726,2,79,3
726,2,4,-2
726,3,33,4
726,3,79,3
726,3,4,-2
726,4,79,2
726,4,4,-2
726,5,33,3
726,5,79,3
726,5,4,-2
727,1,33,3
727,1,79,4
727,1,4,-2
727,2,33,1
727,2,79,3
727,2,4,-2
727,3,33,3
727,3,79,3
727,3,4,-2
727,4,79,2
727,4,4,-2
727,5,33,3
727,5,79,3
727,5,4,-2
728,1,107,2
728,1,70,3
728,1,78,-2
728,2,107,1
728,2,70,2
728,2,79,3
728,2,78,-2
728,3,107,2
728,3,70,2
728,3,79,5
728,3,78,-2
728,4,107,3
728,4,70,1
728,4,78,-2
728,5,107,2
728,5,70,4
728,5,78,-2
729,1,107,3
729,1,70,3
729,1,78,-2
729,2,107,1
729,2,70,2
729,2,79,3
729,2,78,-2
729,3,107,1
729,3,70,2
729,3,79,5
729,3,78,-2
729,4,107,3
729,4,70,1
729,4,78,-2
729,5,107,2
729,5,70,4
729,5,78,-2
730,1,18,1
730,1,85,3
730,1,3,2
730,2,18,3
730,2,85,1
730,2,3,2
730,3,18,2
730,3,85,3
730,4,18,3
730,4,85,4
730,4,3,3
730,5,18,1
730,5,85,2
731,1,18,1
731,1,46,3
731,1,3,2
731,2,18,3
731,2,46,1
731,2,3,2
731,3,18,2
731,3,46,3
731,4,18,3
731,4,46,4
731,4,3,3
731,5,18,1
731,5,46,2
732,1,43,2
732,1,20,2
732,1,37,-2
732,2,43,1
732,2,20,3
732,2,37,-2
732,3,43,4
732,3,37,-2
732,4,20,4
732,4,37,-2
732,5,43,3
732,5,20,3
732,5,37,-2
733,1,66,2
733,1,20,3
733,1,47,-2
733,2,66,1
733,2,20,3
733,2,47,-2
733,3,66,4
733,3,47,-2
733,4,20,3
733,4,47,-2
733,5,66,3
733,5,20,3
733,5,47,-2
734,1,33,1
734,1,72,2
734,1,32,-2
734,2,33,2
734,2,72,1
734,2,32,-2
734,3,33,3
734,3,72,3
734,3,32,-2
734,4,33,2
734,4,72,1
734,4,32,-2
734,5,33,2
734,5,72,3
734,5,32,-2
735,1,33,2
735,1,65,2
735,1,32,-2
735,2,33,2
735,2,65,1
735,2,32,-2
735,3,33,3
735,3,65,3
735,3,32,-2
735,4,33,1
735,4,65,1
735,4,32,-2
735,5,33,2
735,5,65,3
735,5,32,-2
736,1,99,8
738,1,40,3
738,1,43,5
738,1,94,1
738,1,73,-3
738,2,40,1
738,2,94,2
738,2,73,-4
738,3,40,3
738,3,94,3
738,4,40,1
738,4,43,5
738,4,94,2
738,5,40,2
738,5,94,2
738,5,73,-3
739,1,45,3
739,1,42,5
739,1,94,2
739,1,73,-3
739,2,45,1
739,2,94,2
739,2,73,-4
739,3,45,3
739,3,94,3
739,4,45,1
739,4,42,5
739,4,94,1
739,5,45,2
739,5,94,2
739,5,73,-3
740,1,41,1
740,1,94,5
740,1,85,-5
740,2,41,1
740,2,43,4
740,3,41,2
740,3,94,5
740,3,85,-5
740,4,43,6
740,5,41,6
741,1,68,1
741,1,94,6
741,1,85,-6
741,2,68,1
741,2,42,4
741,3,68,2
741,3,94,4
741,3,85,-4
741,4,42,6
741,5,68,6
742,1,97,2
742,1,81,2
742,1,18,3
742,1,70,-2
742,2,97,1
742,2,81,1
742,2,18,2
742,2,70,-2
742,3,97,2
742,3,81,1
742,3,18,3
742,3,70,-2
742,4,97,2
742,4,81,2
742,4,18,3
742,4,70,-2
742,5,97,3
742,5,81,2
742,5,18,2
742,5,70,-2
743,1,97,3
743,1,81,2
743,1,18,3
743,1,70,-2
743,2,97,1
743,2,81,1
743,2,18,2
743,2,70,-2
743,3,97,1
743,3,81,1
743,3,18,3
743,3,70,-2
743,4,97,2
743,4,81,2
743,4,18,3
743,4,70,-2
743,5,97,3
743,5,81,2
743,5,18,2
743,5,70,-2
744,1,110,2
744,1,109,2
744,1,129,2
744,1,121,-2
744,2,110,1
744,2,129,1
744,2,109,2
744,2,121,-2
744,3,110,3
744,3,129,3
744,3,109,2
744,3,121,-2
744,4,110,1
744,4,129,1
744,4,109,2
744,4,121,-2
744,5,110,3
744,5,129,3
744,5,109,2
744,5,121,-2
745,1,110,3
745,1,109,2
745,1,129,2
745,1,121,-2
745,2,110,1
745,2,129,1
745,2,109,2
745,2,121,-2
745,3,110,3
745,3,129,3
745,3,109,2
745,3,121,-2
745,4,110,1
745,4,129,1
745,4,109,2
745,4,121,-2
745,5,110,2
745,5,129,3
745,5,109,2
745,5,121,-2
746,1,27,10
747,1,29,10
748,1,30,10
749,1,28,10
750,1,31,10
751,1,115,3
751,1,120,4
751,2,115,2
751,2,120,2
751,3,115,2
751,3,120,4
751,4,89,8
751,4,120,2
751,5,115,3
751,5,120,3
752,1,115,3
752,1,120,3
752,2,115,2
752,2,120,2
752,3,115,2
752,3,120,5
752,4,89,8
752,4,120,2
752,5,115,3
752,5,120,3
753,1,111,3
753,1,92,2
753,2,111,2
753,2,92,2
753,3,111,5
753,3,130,4
753,4,130,3
753,4,92,4
753,5,130,3
753,5,92,2
754,1,111,4
754,1,92,2
754,2,111,2
754,2,92,2
754,3,111,4
754,3,130,4
754,4,130,3
754,4,92,4
754,5,130,3
754,5,92,2
755,1,10,1
755,1,77,2
755,1,19,2
755,2,10,6
755,2,77,1
755,3,10,2
755,3,77,2
755,3,19,2
755,4,10,2
755,4,77,3
755,5,10,4
755,5,77,2
755,5,19,2
756,1,10,1
756,1,77,3
756,1,19,2
756,2,10,6
756,2,77,1
756,3,10,2
756,3,77,2
756,3,19,2
756,4,10,2
756,4,77,2
756,5,10,4
756,5,77,2
756,5,19,2
757,1,70,3
757,1,82,3
757,2,70,5
757,2,82,1
757,3,70,3
757,3,82,4
757,4,70,2
757,4,82,3
757,5,70,3
757,5,82,2
758,1,70,4
758,1,82,3
758,2,70,5
758,2,82,1
758,3,70,3
758,3,82,3
758,4,70,2
758,4,82,3
758,5,70,2
758,5,82,3
759,1,28,3
759,1,118,6
759,2,28,7
759,2,118,3
760,1,28,4
760,1,118,6
760,2,28,6
760,2,118,3
761,1,111,10
762,1,112,10
763,1,135,3
763,1,121,-2
763,2,135,2
763,2,121,-2
763,3,135,3
763,3,121,-2
763,5,135,3
763,5,121,-2
764,1,135,4
764,1,121,-2
764,2,135,1
764,2,121,-2
764,3,135,3
764,3,121,-2
764,5,135,3
764,5,121,-2
765,1,135,3
765,1,121,-2
765,2,135,2
765,2,121,-2
765,3,135,3
765,3,121,-2
765,5,135,3
765,5,121,-2
766,1,135,4
766,1,121,-2
766,2,135,1
766,2,121,-2
766,3,135,3
766,3,121,-2
766,5,135,3
766,5,121,-2
767,1,135,3
767,1,121,-2
767,2,135,2
767,2,121,-2
767,3,135,3
767,3,121,-2
767,5,135,3
767,5,121,-2
768,1,135,4
768,1,121,-2
768,2,135,1
768,2,121,-2
768,3,135,3
768,3,121,-2
768,5,135,3
768,5,121,-2
769,1,135,3
769,1,121,-2
769,2,135,2
769,2,121,-2
769,3,135,3
769,3,121,-2
769,4,135,2
769,4,121,-2
769,5,135,3
769,5,121,-2
770,1,135,4
770,1,121,-2
770,2,135,1
770,2,121,-2
770,3,135,3
770,3,121,-2
770,4,135,2
770,4,121,-2
770,5,135,3
770,5,121,-2
771,3,127,6
771,5,127,7
772,3,127,6
772,5,127,7
773,1,126,3
773,1,123,1
773,2,126,2
773,2,123,1
773,3,126,3
773,3,123,2
773,4,126,2
773,4,123,1
773,5,126,5
773,5,123,1
774,1,90,7
774,2,90,2
774,2,28,3
774,3,28,4
774,4,90,3
774,4,28,2
774,5,90,3
774,5,28,3
775,1,90,8
775,2,90,2
775,2,28,3
775,3,28,4
775,4,90,3
775,4,28,2
775,5,90,2
775,5,28,3
776,1,18,5
776,1,27,3
776,1,20,1
776,2,18,3
776,2,20,3
776,3,27,4
776,3,18,2
776,3,20,2
776,4,18,6
776,4,20,2
776,5,27,5
776,5,20,2
777,1,18,5
777,1,27,4
777,1,20,1
777,2,18,3
777,2,20,3
777,3,27,3
777,3,18,2
777,3,20,2
777,4,18,6
777,4,20,2
777,5,27,5
777,5,20,2
778,1,99,10
780,2,124,5
780,2,79,2
780,4,124,2
780,4,79,2
780,5,124,3
780,5,79,3
781,2,124,5
781,2,79,2
781,4,124,2
781,4,79,2
781,5,124,3
781,5,79,3
782,2,86,4
782,2,82,3
782,4,86,6
782,4,82,1
783,2,68,4
783,2,82,3
783,4,68,6
783,4,82,1
784,1,107,3
784,1,87,3
784,1,91,2
784,2,107,4
784,2,87,2
784,3,87,2
784,3,91,1
784,4,87,2
784,4,91,5
784,5,107,3
784,5,87,1
784,5,91,1
785,1,107,4
785,1,87,3
785,1,91,2
785,2,107,4
785,2,87,2
785,3,87,2
785,3,91,1
785,4,87,2
785,4,91,2
785,5,107,2
785,5,87,1
785,5,91,4
786,1,4,3
786,1,18,1
786,2,4,5
786,2,18,1
786,3,4,3
786,3,28,5
786,3,18,2
786,4,4,1
786,4,28,5
786,4,18,2
786,5,4,3
786,5,18,2
787,1,4,4
787,1,18,1
787,2,4,5
787,2,18,1
787,3,4,3
787,3,28,5
787,3,18,2
787,4,4,1
787,4,28,5
787,4,18,2
787,5,4,2
787,5,18,2
788,1,30,4
788,1,8,3
788,1,93,2
788,2,30,5
788,3,30,3
788,3,8,2
788,3,93,3
788,4,8,5
788,4,93,4
788,5,30,2
788,5,93,1
789,1,30,4
789,1,8,4
789,1,93,2
789,2,30,5
789,3,30,3
789,3,8,2
789,3,93,3
789,4,8,4
789,4,93,4
789,5,30,2
789,5,93,1
790,1,2,2
790,1,29,1
790,1,103,3
790,2,29,3
790,2,2,3
790,2,103,1
790,3,29,2
790,3,2,5
790,3,103,2
790,4,29,2
790,4,2,2
790,4,103,3
790,5,29,6
790,5,103,1
791,1,2,3
791,1,29,1
791,1,103,3
791,2,29,3
791,2,2,3
791,2,103,1
791,3,29,2
791,3,2,5
791,3,103,2
791,4,29,2
791,4,2,1
791,4,103,3
791,5,29,6
791,5,103,1
792,1,112,3
792,1,33,2
792,2,1,2
792,2,112,3
792,3,1,2
792,3,112,2
792,3,33,2
792,4,1,1
792,4,112,2
792,4,33,2
792,5,1,5
792,5,33,2
793,1,112,4
793,1,33,2
793,2,1,2
793,2,112,3
793,3,1,2
793,3,112,2
793,3,33,2
793,4,1,1
793,4,112,1
793,4,33,2
793,5,1,5
793,5,33,2
794,1,33,3
794,1,107,3
794,2,42,2
794,2,107,1
794,3,42,3
794,3,107,2
794,4,42,5
794,4,107,2
794,5,33,4
794,5,107,2
795,1,33,4
795,1,107,3
795,2,42,2
795,2,107,1
795,3,42,3
795,3,107,2
795,4,42,5
795,4,107,2
795,5,33,3
795,5,107,2
796,1,31,5
796,2,31,5
796,2,25,2
796,3,31,1
796,3,25,4
796,4,25,4
796,5,31,4
796,5,25,3
797,1,31,6
797,2,31,5
797,2,25,2
797,3,31,1
797,3,25,4
797,4,25,4
797,5,31,3
797,5,25,3
798,1,36,2
798,1,33,3
798,1,26,2
798,2,36,1
798,2,33,4
798,3,36,2
798,3,26,2
798,4,33,5
798,4,26,2
798,5,36,5
799,1,69,2
799,1,33,3
799,1,26,2
799,2,69,1
799,2,33,4
799,3,69,2
799,3,26,2
799,4,33,5
799,4,26,2
799,5,69,5
800,1,85,4
800,1,39,3
800,1,79,-2
800,3,85,5
800,3,39,3
800,3,79,-2
801,1,47,4
801,1,51,3
801,1,79,-2
801,3,47,5
801,3,51,3
801,3,79,-2
802,1,98,4
802,1,18,3
802,1,115,-3
802,2,98,4
802,2,18,2
802,2,115,-4
802,3,18,5
802,4,98,4
802,4,18,2
802,4,115,-3
802,5,18,5
803,1,98,4
803,1,18,4
803,1,115,-3
803,2,98,4
803,2,18,2
803,2,115,-4
803,3,18,4
803,4,98,4
803,4,18,2
803,4,115,-3
803,5,18,5
804,1,98,9
804,1,115,-3
805,1,79,4
805,1,115,2
805,2,19,4
805,2,79,3
805,2,115,1
805,3,19,4
805,3,79,4
805,3,115,4
805,4,79,2
805,5,19,5
805,5,79,2
805,5,115,3
806,1,79,5
806,1,115,2
806,2,19,4
806,2,79,3
806,2,115,1
806,3,19,4
806,3,79,3
806,3,115,4
806,4,79,2
806,5,19,5
806,5,79,2
806,5,115,3
807,1,28,2
807,1,21,2
807,1,18,3
807,2,28,4
807,2,9,10
807,3,21,2
807,3,18,3
807,4,21,5
807,4,18,3
807,5,28,3
807,5,21,1
807,5,18,1
808,1,28,3
808,1,21,2
808,1,18,3
808,2,28,4
808,2,9,10
808,3,21,2
808,3,18,3
808,4,21,5
808,4,18,3
808,5,28,2
808,5,21,1
808,5,18,1
809,1,27,3
809,1,18,4
809,1,19,-3
809,2,27,2
809,2,18,4
809,2,19,-3
809,3,27,7
809,4,27,3
809,4,18,3
809,4,19,-2
809,5,18,6
809,5,19,-2
810,1,27,4
810,1,18,4
810,1,19,-3
810,2,27,2
810,2,18,4
810,2,19,-3
810,3,27,7
810,4,27,2
810,4,18,3
810,4,19,-2
810,5,18,6
810,5,19,-2
811,1,79,2
811,1,80,4
811,1,83,2
811,1,89,2
811,2,79,2
811,2,80,2
811,2,83,2
811,2,89,1
811,3,79,4
811,3,80,2
811,3,83,2
811,3,89,1
811,4,79,3
811,4,80,2
811,4,83,2
811,4,89,2
811,5,79,4
811,5,83,2
811,5,89,2
812,1,79,2
812,1,80,5
812,1,83,2
812,1,129,2
812,2,79,2
812,2,80,1
812,2,83,2
812,2,129,1
812,3,79,4
812,3,80,2
812,3,83,2
812,3,129,1
812,4,79,3
812,4,80,2
812,4,83,2
812,4,129,2
812,5,79,4
812,5,83,2
812,5,129,2
813,1,82,2
813,1,107,3
813,1,78,2
813,2,82,2
813,2,107,3
813,2,78,1
813,3,82,1
813,3,107,4
813,3,78,1
813,4,82,3
813,4,78,2
813,5,82,4
813,5,78,4
814,1,82,2
814,1,107,4
814,1,78,2
814,2,82,2
814,2,107,3
814,2,78,1
814,3,82,1
814,3,107,3
814,3,78,1
814,4,82,3
814,4,78,2
814,5,82,4
814,5,78,4
815,1,1,3
815,1,78,1
815,1,19,2
815,2,1,4
815,2,78,1
815,2,19,1
815,3,1,4
815,3,78,1
815,3,19,3
815,4,1,3
815,4,78,3
815,4,19,2
815,5,78,4
815,5,19,2
816,1,1,4
816,1,78,1
816,1,19,2
816,2,1,3
816,2,78,1
816,2,19,1
816,3,1,4
816,3,78,1
816,3,19,3
816,4,1,3
816,4,78,3
816,4,19,2
816,5,78,4
816,5,19,2
817,1,41,3
817,1,7,2
817,1,80,1
817,2,41,2
817,2,7,1
817,2,80,2
817,3,41,4
817,3,80,2
817,4,7,3
817,4,80,2
817,5,41,1
817,5,7,4
817,5,80,3
818,1,66,3
818,1,7,3
818,1,80,1
818,2,66,2
818,2,7,1
818,2,80,2
818,3,66,4
818,3,80,2
818,4,7,3
818,4,80,2
818,5,66,1
818,5,7,3
818,5,80,3
819,1,85,4
819,1,19,4
819,1,36,1
819,2,85,4
819,2,19,2
819,3,85,2
819,3,19,4
819,3,36,1
819,4,85,4
819,4,36,3
819,5,85,1
819,5,36,1
820,1,46,4
820,1,19,4
820,1,66,1
820,2,46,4
820,2,19,2
820,3,46,2
820,3,19,4
820,3,66,1
820,4,46,4
820,4,66,3
820,5,46,1
820,5,66,1
821,1,80,1
821,1,78,3
821,1,28,2
821,2,80,3
821,2,28,1
821,3,80,1
821,3,78,4
821,3,28,3
821,4,80,4
821,4,28,1
821,5,80,1
821,5,78,3
821,5,28,1
822,1,80,2
822,1,78,3
822,1,28,2
822,2,80,2
822,2,28,1
822,3,80,1
822,3,78,4
822,3,28,3
822,4,80,4
822,4,28,1
822,5,80,1
822,5,78,3
822,5,28,1
823,1,117,1
823,1,78,1
823,1,182,1
823,2,117,2
823,2,34,2
823,2,78,2
823,2,182,1
823,3,34,4
823,3,78,3
823,3,182,3
823,4,117,3
823,4,34,4
823,4,78,2
823,4,182,2
823,5,117,2
823,5,78,2
823,5,182,3
824,1,117,2
824,1,78,1
824,1,182,1
824,2,117,2
824,2,69,2
824,2,78,2
824,2,182,1
824,3,69,4
824,3,78,3
824,3,182,3
824,4,117,2
824,4,69,4
824,4,78,2
824,4,182,2
824,5,117,2
824,5,78,2
824,5,182,3
825,1,117,1
825,1,78,1
825,1,182,1
825,2,117,2
825,2,34,2
825,2,78,2
825,2,182,1
825,3,34,4
825,3,78,3
825,3,182,3
825,4,117,3
825,4,34,4
825,4,78,2
825,4,182,2
825,5,117,2
825,5,78,2
825,5,182,3
826,1,117,2
826,1,78,1
826,1,182,1
826,2,117,2
826,2,69,2
826,2,78,2
826,2,182,1
826,3,69,4
826,3,78,3
826,3,182,3
826,4,117,2
826,4,69,4
826,4,78,2
826,4,182,2
826,5,117,2
826,5,78,2
826,5,182,3
827,1,29,2
827,1,10,3
827,1,100,3
827,2,29,4
827,2,10,3
827,2,100,2
827,3,29,5
827,3,10,1
827,3,100,2
827,4,29,4
827,4,10,3
827,4,100,3
828,1,29,2
828,1,10,4
828,1,100,3
828,2,29,4
828,2,10,3
828,2,100,2
828,3,29,5
828,3,10,1
828,3,100,2
828,4,29,4
828,4,10,2
828,4,100,3
829,1,127,3
829,1,120,3
829,2,120,4
829,3,127,8
829,3,120,3
829,4,120,5
829,5,120,5
829,5,127,3
830,1,127,4
830,1,120,3
830,2,120,4
830,3,127,8
830,3,120,3
830,4,120,5
830,5,120,5
830,5,127,2
831,1,90,6
831,1,104,4
831,1,67,3
831,2,90,4
831,2,104,4
831,2,67,2
832,1,90,6
832,1,104,5
832,1,67,3
832,2,90,4
832,2,104,3
832,2,67,2
833,1,15,2
833,1,31,4
833,2,31,4
833,3,15,3
833,4,15,5
833,4,31,2
833,5,31,5
834,1,15,3
834,1,31,4
834,2,31,4
834,3,15,2
834,4,15,5
834,4,31,2
834,5,31,5
835,1,73,1
835,1,93,3
835,1,71,2
835,2,93,4
835,2,71,2
835,3,73,4
835,3,93,2
835,3,71,2
835,4,73,3
835,4,93,4
835,4,71,1
835,5,73,2
835,5,93,2
835,5,71,1
836,1,73,2
836,1,93,3
836,1,71,2
836,2,93,4
836,2,71,2
836,3,73,3
836,3,93,2
836,3,71,2
836,4,73,3
836,4,93,4
836,4,71,1
836,5,73,2
836,5,93,2
836,5,71,1
837,1,73,1
837,1,93,3
837,1,71,2
837,2,93,4
837,2,71,2
837,3,73,4
837,3,93,2
837,3,71,2
837,4,73,3
837,4,93,4
837,4,71,1
837,5,73,2
837,5,93,2
837,5,71,1
838,1,73,2
838,1,93,3
838,1,71,2
838,2,93,4
838,2,71,2
838,3,73,3
838,3,93,2
838,3,71,2
838,4,73,3
838,4,93,4
838,4,71,1
838,5,73,2
838,5,93,2
838,5,71,1
839,1,94,5
839,1,85,-4
839,2,94,2
839,2,112,2
839,2,85,-2
839,3,94,5
839,3,112,3
839,3,85,-2
839,4,112,5
839,5,94,3
839,5,112,4
839,5,85,-1
840,1,94,5
840,1,112,2
840,1,46,-4
840,2,94,2
840,2,112,2
840,2,46,-2
840,3,94,5
840,3,112,3
840,3,46,-2
840,4,112,5
840,5,94,3
840,5,112,2
840,5,46,-1
841,1,77,3
841,1,16,3
841,1,79,3
841,2,77,4
841,2,16,4
841,2,79,1
841,3,77,1
841,3,16,3
841,3,79,3
841,4,16,5
841,5,77,2
841,5,79,3
842,1,77,4
842,1,16,4
842,1,79,3
842,2,77,4
842,2,16,4
842,2,79,1
842,3,77,1
842,3,16,3
842,3,79,3
842,4,16,4
842,5,77,1
842,5,79,3
843,1,18,4
843,1,16,2
843,2,18,1
843,2,122,2
843,2,16,2
843,3,18,5
843,3,122,2
843,3,16,2
843,4,122,4
843,4,16,2
843,5,18,5
843,5,122,2
843,5,16,2
844,1,18,5
844,1,16,2
844,2,18,1
844,2,122,2
844,2,16,2
844,3,18,5
844,3,122,2
844,3,16,2
844,4,122,4
844,4,16,2
844,5,18,4
844,5,122,2
844,5,16,2
845,1,18,3
845,1,85,2
845,1,8,2
845,1,86,1
845,2,18,2
845,2,85,3
845,2,8,2
845,2,86,1
845,3,18,4
845,3,8,2
845,3,86,1
845,4,18,3
845,4,85,3
845,4,8,2
845,4,86,1
845,5,18,3
845,5,85,2
845,5,8,2
846,1,18,3
846,1,68,2
846,1,8,2
846,1,47,1
846,2,18,2
846,2,68,3
846,2,8,2
846,2,47,1
846,3,18,4
846,3,8,2
846,3,47,1
846,4,18,3
846,4,68,3
846,4,8,2
846,4,47,1
846,5,18,3
846,5,68,2
846,5,8,2
847,1,91,2
847,1,19,4
847,1,88,2
847,2,91,1
847,2,19,3
847,2,88,2
847,3,91,4
847,3,88,2
847,4,19,3
847,4,88,2
847,5,91,3
847,5,19,5
847,5,88,2
848,1,91,3
848,1,19,4
848,1,88,2
848,2,91,1
848,2,19,3
848,2,88,2
848,3,91,3
848,3,88,2
848,4,19,3
848,4,88,2
848,5,91,3
848,5,19,5
848,5,88,2
849,1,71,2
849,1,3,4
849,1,112,1
849,1,33,2
849,2,71,2
849,2,3,1
849,2,112,3
849,2,33,1
849,3,71,2
849,3,3,1
849,3,112,2
849,3,33,2
849,4,71,2
849,4,3,4
849,4,112,2
849,4,33,2
849,5,71,2
849,5,112,2
849,5,33,3
850,1,71,3
850,1,3,4
850,1,112,1
850,1,33,2
850,2,71,2
850,2,3,1
850,2,112,3
850,2,33,1
850,3,71,2
850,3,3,1
850,3,112,2
850,3,33,2
850,4,71,2
850,4,3,4
850,4,112,2
850,4,33,2
850,5,71,1
850,5,112,2
850,5,33,3
851,1,85,4
851,1,11,2
851,1,90,3
851,2,85,4
851,2,11,1
851,2,90,2
851,3,85,3
851,3,11,2
851,3,90,2
851,4,85,3
851,4,11,3
851,4,90,2
851,5,85,1
851,5,11,2
851,5,90,2
852,1,46,4
852,1,11,2
852,1,90,3
852,2,46,4
852,2,11,1
852,2,90,2
852,3,46,3
852,3,11,2
852,3,90,2
852,4,46,3
852,4,11,3
852,4,90,2
852,5,46,1
852,5,11,2
852,5,90,2
853,1,118,4
853,1,117,1
853,1,115,2
853,2,118,3
853,2,117,3
853,2,115,1
853,3,118,4
853,3,115,2
853,4,117,4
853,4,115,3
853,5,118,4
853,5,117,2
853,5,115,2
854,1,118,5
854,1,117,1
854,1,115,2
854,2,118,2
854,2,117,3
854,2,115,1
854,3,118,4
854,3,115,2
854,4,117,4
854,4,115,3
854,5,118,4
854,5,117,2
854,5,115,2
855,1,33,2
855,1,79,4
855,1,183,2
855,2,33,1
855,2,79,3
855,2,183,2
855,3,33,4
855,3,79,3
855,3,183,2
855,4,79,2
855,4,183,2
855,5,33,3
855,5,79,3
855,5,183,2
856,1,33,3
856,1,79,4
856,1,183,2
856,2,33,1
856,2,79,3
856,2,183,2
856,3,33,3
856,3,79,3
856,3,183,2
856,4,79,2
856,4,183,2
856,5,33,3
856,5,79,3
856,5,183,2
857,1,117,1
857,1,20,3
857,1,81,2
857,2,117,2
857,2,20,3
857,2,81,1
857,3,117,2
857,3,20,5
857,3,81,2
857,4,117,2
857,4,20,2
857,4,81,3
857,5,117,3
857,5,20,2
857,5,81,2
858,1,117,2
858,1,20,3
858,1,81,2
858,2,117,2
858,2,20,3
858,2,81,1
858,3,117,2
858,3,20,5
858,3,81,2
858,4,117,1
858,4,20,2
858,4,81,3
858,5,117,3
858,5,20,2
858,5,81,2
859,1,123,6
859,1,42,1
859,2,123,3
859,2,41,3
859,3,123,3
859,3,41,2
859,4,41,4
859,4,42,2
859,5,123,3
859,5,41,1
859,5,42,2
860,1,123,6
860,2,123,3
860,2,45,3
860,3,123,2
860,3,45,3
860,4,45,5
860,5,123,4
860,5,45,4
861,1,106,2
861,1,107,2
861,1,137,3
861,1,80,2
861,2,106,3
861,2,107,2
861,2,137,2
861,2,80,2
861,3,106,3
861,3,107,2
861,3,137,3
861,3,80,3
861,5,106,2
861,5,107,4
861,5,137,2
861,5,80,3
862,1,106,3
862,1,107,2
862,1,137,3
862,1,80,2
862,2,106,3
862,2,107,2
862,2,137,2
862,2,80,2
862,3,106,2
862,3,107,2
862,3,137,3
862,3,80,3
862,5,106,2
862,5,107,4
862,5,137,2
862,5,80,3
863,1,79,2
863,1,30,4
863,1,42,2
863,2,79,4
863,2,42,1
863,3,79,2
863,3,30,2
863,3,42,1
863,4,79,4
863,4,30,3
863,4,42,4
863,5,30,6
863,5,42,2
864,1,79,3
864,1,30,4
864,1,42,2
864,2,79,4
864,2,42,1
864,3,79,1
864,3,30,2
864,3,42,1
864,4,79,4
864,4,30,3
864,4,42,4
864,5,30,6
864,5,42,2
865,1,36,1
865,1,70,6
865,2,36,2
865,2,70,3
865,3,36,4
865,3,70,1
865,4,36,2
865,4,70,5
865,5,36,1
865,5,70,5
866,1,69,1
866,1,70,6
866,2,69,2
866,2,70,3
866,3,69,4
866,3,70,1
866,4,69,2
866,4,70,5
866,5,69,1
866,5,70,5
867,1,5,5
867,1,137,1
867,1,2,1
867,2,5,4
867,2,137,1
867,2,2,1
867,3,5,4
867,3,137,2
867,3,2,3
867,4,5,2
867,4,137,3
867,4,2,2
867,5,137,3
867,5,2,3
868,1,5,5
868,1,137,2
868,1,2,1
868,2,5,4
868,2,137,1
868,2,2,1
868,3,5,4
868,3,137,2
868,3,2,3
868,4,5,2
868,4,137,2
868,4,2,2
868,5,137,3
868,5,2,3
869,1,83,3
869,1,70,3
869,1,82,3
869,2,83,2
869,2,70,4
869,2,82,1
869,3,83,1
869,3,70,4
869,3,82,2
869,4,70,3
869,5,83,4
869,5,82,2
870,1,83,3
870,1,70,4
870,1,82,3
870,2,83,2
870,2,70,4
870,2,82,1
870,3,83,1
870,3,70,3
870,3,82,2
870,4,70,3
870,5,83,4
870,5,82,2
871,1,1,9
871,1,4,2
871,2,78,6
871,2,121,-4
871,3,4,6
871,3,2,-3
871,3,78,1
871,4,4,7
871,4,2,-3
871,5,78,9
871,5,121,-5
872,1,1,9
872,1,4,3
872,2,78,6
872,2,121,-4
872,3,4,5
872,3,2,-3
872,3,78,1
872,4,4,7
872,4,2,-3
872,5,78,9
872,5,121,-5
873,1,19,7
873,1,18,-4
873,2,85,1
873,3,19,8
873,3,18,-4
873,4,85,7
873,4,79,-4
873,5,85,7
873,5,79,-5
874,1,19,8
874,1,18,-4
874,2,46,1
874,3,19,7
874,3,18,-4
874,4,46,7
874,4,45,-4
874,5,46,7
874,5,45,-5
875,1,80,5
875,1,82,-3
875,2,80,4
875,2,82,-3
875,3,80,6
875,3,82,-3
875,4,78,7
875,4,121,5
875,5,78,8
875,5,121,5
876,1,80,6
876,1,82,-3
876,2,80,4
876,2,82,-3
876,3,80,5
876,3,82,-3
876,4,78,7
876,4,121,5
876,5,78,8
876,5,121,5
877,1,91,2
877,1,89,2
877,1,20,3
877,1,184,2
877,2,91,1
877,2,89,2
877,2,20,3
877,2,184,2
877,3,91,2
877,3,89,2
877,3,20,3
877,3,184,2
877,4,91,2
877,4,89,2
877,4,20,3
877,4,184,2
877,5,91,3
877,5,89,2
877,5,20,3
877,5,184,2
878,1,91,3
878,1,89,2
878,1,20,3
878,1,184,2
878,2,91,1
878,2,89,2
878,2,20,3
878,2,184,2
878,3,91,2
878,3,89,2
878,3,20,3
878,3,184,2
878,4,91,2
878,4,89,2
878,4,20,3
878,4,184,2
878,5,91,2
878,5,89,2
878,5,20,3
878,5,184,2
879,1,123,3
879,1,125,4
879,1,117,-1
879,2,123,3
879,2,125,3
879,2,117,-1
879,4,123,4
879,4,125,3
879,4,117,-1
880,1,123,4
880,1,125,3
880,1,117,-1
880,2,123,3
880,2,125,3
880,2,117,-1
880,4,123,3
880,4,125,4
880,4,117,-1
881,1,15,1
881,1,111,4
881,1,71,2
881,2,15,3
881,2,111,4
881,2,71,1
881,3,15,3
881,3,111,2
881,3,71,2
881,4,15,3
881,4,111,1
881,4,71,3
881,5,111,4
881,5,71,2
882,1,15,2
882,1,111,4
882,1,71,2
882,2,15,2
882,2,111,4
882,2,71,1
882,3,15,3
882,3,111,2
882,3,71,2
882,4,15,3
882,4,111,1
882,4,71,3
882,5,111,4
882,5,71,2
883,1,119,2
883,1,12,2
883,1,124,2
883,2,119,2
883,2,12,2
883,2,124,2
883,3,119,2
883,3,12,2
883,3,124,2
883,4,119,2
883,4,12,2
883,4,124,2
883,5,119,2
883,5,12,2
883,5,124,2
884,1,119,3
884,1,12,2
884,1,124,2
884,2,119,2
884,2,12,2
884,2,124,2
884,3,119,2
884,3,12,2
884,3,124,2
884,4,119,1
884,4,12,2
884,4,124,2
884,5,119,2
884,5,12,2
884,5,124,2
885,1,136,3
885,1,84,3
885,1,28,3
885,2,136,3
885,2,84,3
885,2,28,1
885,3,136,4
885,3,84,2
885,3,28,2
885,5,136,5
885,5,84,2
885,5,28,3
886,1,135,2
886,1,104,2
886,1,194,2
886,2,135,2
886,2,104,2
886,2,194,1
886,3,135,2
886,3,104,2
886,3,194,2
886,4,135,2
886,4,104,2
886,4,194,3
886,5,135,2
886,5,104,2
886,5,194,2
887,1,135,2
887,1,104,2
887,1,186,2
887,2,135,2
887,2,104,2
887,2,186,1
887,3,135,2
887,3,104,2
887,3,186,2
887,4,135,2
887,4,104,2
887,4,186,3
887,5,135,2
887,5,104,2
887,5,186,2
888,1,111,2
888,1,112,2
888,1,108,2
888,1,109,2
888,2,111,2
888,2,112,2
888,2,108,2
888,2,109,2
888,3,111,2
888,3,112,2
888,3,108,2
888,3,109,2
888,4,111,2
888,4,112,2
888,4,108,2
888,4,109,2
888,5,111,2
888,5,112,2
888,5,108,2
888,5,109,2
889,1,111,2
889,1,112,3
889,1,108,2
889,1,109,2
889,2,111,2
889,2,112,1
889,2,108,2
889,2,109,2
889,3,111,2
889,3,112,2
889,3,108,2
889,3,109,2
889,4,111,2
889,4,112,2
889,4,108,2
889,4,109,2
889,5,111,2
889,5,112,2
889,5,108,2
889,5,109,2
890,1,18,3
890,1,126,1
890,1,33,2
890,2,18,1
890,2,126,1
890,2,33,2
890,3,18,3
890,3,126,2
890,3,33,2
890,4,126,4
890,4,33,2
890,5,18,3
890,5,126,2
890,5,33,2
891,1,18,4
891,1,126,1
891,1,33,2
891,2,18,1
891,2,126,1
891,2,33,2
891,3,18,3
891,3,126,2
891,3,33,2
891,4,126,4
891,4,33,2
891,5,18,2
891,5,126,2
891,5,33,2
892,1,70,7
892,2,34,6
892,3,6,9
892,4,70,8
892,5,34,7
893,1,70,8
893,2,45,6
893,3,6,9
893,4,70,7
893,5,45,7
894,1,6,8
894,1,135,-2
894,2,30,7
894,3,6,4
894,3,30,4
894,3,135,-2
894,4,6,7
894,4,135,-2
894,5,30,8
895,1,6,9
895,1,135,-2
895,2,30,7
895,3,6,3
895,3,30,4
895,3,135,-2
895,4,6,7
895,4,135,-2
895,5,30,8
896,2,29,1
896,2,193,2
896,3,29,5
896,3,130,3
896,4,130,5
896,4,193,5
896,5,29,6
896,5,130,2
896,5,193,3
897,1,29,1
897,2,193,2
897,3,29,5
897,3,130,3
897,4,130,5
897,4,193,5
897,5,29,6
897,5,130,2
897,5,193,3
898,1,124,2
898,1,84,2
898,1,82,2
898,1,23,-2
898,2,124,2
898,2,84,2
898,2,82,2
898,2,23,-2
898,3,124,2
898,3,84,2
898,3,82,2
898,3,23,-2
898,4,124,2
898,4,84,2
898,4,82,2
898,4,23,-2
898,5,124,2
898,5,84,2
898,5,82,2
898,5,23,-2
899,1,124,3
899,1,84,2
899,1,82,2
899,1,23,-2
899,2,124,2
899,2,84,2
899,2,82,2
899,2,23,-2
899,3,124,2
899,3,84,2
899,3,82,2
899,3,23,-2
899,4,124,1
899,4,84,2
899,4,82,2
899,4,23,-2
899,5,124,2
899,5,84,2
899,5,82,2
899,5,23,-2
900,1,117,4
900,1,128,-2
900,2,118,6
900,2,128,-2
900,3,117,7
900,3,128,-2
900,4,118,5
900,4,117,1
900,4,128,-2
900,5,118,8
900,5,128,-2
901,1,117,5
901,1,128,-2
901,2,118,6
901,2,128,-2
901,3,117,6
901,3,128,-2
901,4,118,5
901,4,117,1
901,4,128,-2
901,5,118,8
901,5,128,-2
902,1,35,3
902,1,70,6
902,2,35,1
902,2,36,5
902,2,70,2
902,3,35,4
902,3,70,5
902,4,36,6
902,4,70,5
902,5,35,3
902,5,70,2
903,1,48,3
903,1,70,6
903,2,48,1
903,2,69,5
903,2,70,2
903,3,48,4
903,3,70,5
903,4,69,6
903,4,70,5
903,5,48,3
903,5,70,2
904,1,20,8
904,2,20,3
904,3,117,6
904,4,20,8
904,5,117,8
905,1,20,9
905,2,20,2
905,3,117,6
905,4,20,8
905,5,117,8
906,1,102,3
906,1,101,2
906,1,18,2
906,2,102,1
906,2,101,2
906,2,18,3
906,3,102,2
906,3,101,3
906,3,18,3
906,4,102,2
906,4,101,3
906,4,18,3
906,5,102,2
906,5,18,4
907,1,102,3
907,1,101,3
907,1,18,2
907,2,102,1
907,2,101,2
907,2,18,3
907,3,102,2
907,3,101,3
907,3,18,3
907,4,102,2
907,4,101,2
907,4,18,3
907,5,102,2
907,5,18,4
908,1,5,3
908,1,37,3
908,1,43,3
908,1,131,-2
908,2,5,2
908,2,37,3
908,2,131,-3
908,3,5,3
908,3,37,2
908,3,43,2
908,3,131,-1
908,4,5,1
908,4,37,2
908,4,131,-1
908,4,43,1
908,5,5,3
908,5,131,-3
908,5,43,4
909,1,5,3
909,1,68,3
909,1,65,3
909,1,131,-2
909,2,5,2
909,2,68,3
909,2,131,-3
909,3,5,3
909,3,68,2
909,3,65,2
909,3,131,-1
909,4,5,1
909,4,68,2
909,4,131,-1
909,4,65,1
909,5,5,3
909,5,131,-3
909,5,65,4
910,1,17,5
910,1,19,3
910,1,18,2
910,2,41,4
910,2,19,1
910,2,18,2
910,3,41,1
910,3,17,3
910,3,19,1
910,3,18,2
910,4,41,2
910,4,17,2
910,4,19,2
910,4,18,2
910,5,41,3
910,5,19,3
910,5,18,2
911,1,17,6
911,1,19,3
911,1,18,2
911,2,50,4
911,2,19,1
911,2,18,2
911,3,50,1
911,3,17,2
911,3,19,1
911,3,18,2
911,4,50,2
911,4,17,2
911,4,19,2
911,4,18,2
911,5,50,3
911,5,19,3
911,5,18,2
912,1,107,2
912,1,70,3
912,1,82,2
912,2,107,1
912,2,70,3
912,2,79,3
912,2,82,2
912,3,107,2
912,3,70,3
912,3,79,5
912,3,82,2
912,4,107,3
912,4,70,3
912,4,79,2
912,4,82,2
912,5,107,2
912,5,70,3
912,5,82,2
913,1,107,3
913,1,70,3
913,1,82,2
913,2,107,1
913,2,70,3
913,2,79,3
913,2,82,2
913,3,107,1
913,3,70,3
913,3,79,5
913,3,82,2
913,4,107,3
913,4,70,3
913,4,79,2
913,4,82,2
913,5,107,2
913,5,70,3
913,5,82,2
914,1,36,3
914,1,90,2
914,1,116,2
914,1,85,2
914,2,36,4
914,2,90,1
914,2,116,1
914,2,85,2
914,3,36,2
914,3,90,6
914,3,116,2
914,3,85,2
914,4,36,1
914,4,90,4
914,4,116,2
914,4,85,2
914,5,90,2
914,5,116,3
914,5,85,2
915,1,69,3
915,1,90,2
915,1,116,2
915,1,85,2
915,2,69,4
915,2,90,1
915,2,116,1
915,2,85,2
915,3,69,2
915,3,90,6
915,3,116,2
915,3,85,2
915,4,69,1
915,4,90,4
915,4,116,2
915,4,85,2
915,5,90,2
915,5,116,3
915,5,85,2
916,1,71,4
916,1,18,4
916,1,5,1
916,2,71,3
916,2,18,3
916,2,5,1
916,3,71,1
916,3,18,6
916,3,5,1
916,4,71,2
916,4,18,3
916,4,5,1
916,5,18,4
916,5,5,1
917,1,71,4
917,1,18,5
917,1,5,1
917,2,71,3
917,2,18,3
917,2,5,1
917,3,71,1
917,3,18,6
917,3,5,1
917,4,71,2
917,4,18,2
917,4,5,1
917,5,18,4
917,5,5,1
918,1,80,2
918,1,32,2
918,2,80,2
918,2,32,2
918,2,85,1
918,3,80,1
918,3,85,3
918,3,32,2
918,4,80,3
918,4,85,3
918,4,32,2
918,5,80,2
918,5,85,3
918,5,32,2
919,1,80,3
919,1,32,2
919,2,80,2
919,2,32,2
919,2,49,1
919,3,80,1
919,3,49,3
919,3,32,2
919,4,80,2
919,4,49,3
919,4,32,2
919,5,80,2
919,5,49,3
919,5,32,2
920,1,93,5
920,1,70,2
920,2,74,4
920,2,70,1
920,3,93,5
920,3,70,4
920,4,74,4
920,4,70,4
920,5,93,5
920,5,70,2
920,5,74,2
921,1,93,5
921,1,70,1
921,1,74,2
921,2,74,4
921,2,70,1
921,3,93,5
921,3,70,4
921,4,74,4
921,4,70,4
921,5,93,5
921,5,70,3
922,1,18,1
922,1,85,3
922,1,195,3
922,1,3,2
922,2,18,3
922,2,85,1
922,2,195,2
922,2,3,2
922,3,18,2
922,3,85,3
922,3,195,2
922,4,18,3
922,4,85,4
922,4,3,4
922,5,18,1
922,5,85,2
922,5,195,3
923,1,18,1
923,1,46,3
923,1,195,3
923,1,3,2
923,2,18,3
923,2,46,1
923,2,195,2
923,2,3,2
923,3,18,2
923,3,46,3
923,3,195,2
923,4,18,3
923,4,46,4
923,4,3,4
923,5,18,1
923,5,46,2
923,5,195,3
924,1,84,2
924,1,121,3
924,1,101,2
924,2,84,3
924,2,121,2
924,2,101,2
924,3,84,1
924,3,121,3
924,3,101,3
924,4,84,2
924,4,121,3
924,4,101,2
924,5,84,2
924,5,121,4
924,5,101,1
925,1,84,2
925,1,121,4
925,1,101,2
925,2,84,3
925,2,121,2
925,2,101,2
925,3,84,1
925,3,121,2
925,3,101,3
925,4,84,2
925,4,121,3
925,4,101,2
925,5,84,2
925,5,121,4
925,5,101,1
926,1,72,2
926,1,4,3
926,1,80,2
926,2,72,3
926,2,4,3
926,2,80,2
926,3,72,2
926,3,4,2
926,3,80,2
926,4,72,2
926,4,4,3
926,4,80,2
926,5,72,1
926,5,4,4
926,5,80,2
927,1,72,3
927,1,4,3
927,1,80,2
927,2,72,3
927,2,4,3
927,2,80,2
927,3,72,1
927,3,4,2
927,3,80,2
927,4,72,2
927,4,4,3
927,4,80,2
927,5,72,1
927,5,4,4
927,5,80,2
928,1,11,1
928,1,76,2
928,1,91,2
928,2,11,3
928,2,76,2
928,2,91,2
928,3,11,1
928,3,91,3
928,4,11,3
928,4,76,2
928,4,91,1
928,5,11,2
928,5,76,4
928,5,91,2
929,1,11,2
929,1,76,2
929,1,91,2
929,2,11,3
929,2,76,2
929,2,91,2
929,3,11,1
929,3,91,3
929,4,11,2
929,4,76,2
929,4,91,1
929,5,11,2
929,5,76,4
929,5,91,2
930,1,38,3
930,1,35,3
930,1,82,2
930,2,38,3
930,2,35,2
930,3,38,2
930,3,35,4
930,4,38,1
930,4,35,3
930,4,82,2
930,5,38,1
930,5,35,3
931,1,38,3
931,1,66,1
931,1,67,2
931,2,38,3
931,2,66,1
931,2,67,1
931,3,38,2
931,3,66,3
931,3,67,2
931,4,38,1
931,4,66,3
931,4,67,2
931,5,38,1
931,5,66,2
931,5,67,3
932,1,15,5
932,1,79,2
932,2,15,2
932,2,82,3
932,2,79,2
932,3,82,5
932,4,15,3
932,4,82,3
932,4,79,3
932,5,82,4
932,5,79,3
933,1,15,6
933,1,79,2
933,2,15,1
933,2,82,3
933,2,79,2
933,3,82,5
933,4,15,3
933,4,82,3
933,4,79,3
933,5,82,4
933,5,79,3
934,1,32,2
934,1,115,2
934,1,78,2
934,1,74,2
934,2,32,3
934,2,115,1
934,2,78,2
934,2,74,1
934,3,32,1
934,3,115,2
934,3,78,2
934,3,74,3
934,4,32,1
934,4,115,3
934,4,78,2
934,4,74,2
934,5,32,3
934,5,115,2
934,5,78,2
934,5,74,2
935,1,32,2
935,1,115,3
935,1,78,2
935,1,74,2
935,2,32,3
935,2,115,1
935,2,78,2
935,2,74,1
935,3,32,1
935,3,115,2
935,3,78,2
935,3,74,3
935,4,32,1
935,4,115,2
935,4,78,2
935,4,74,2
935,5,32,3
935,5,115,2
935,5,78,2
935,5,74,2
936,1,115,7
936,2,115,5
936,3,32,8
936,4,32,5
936,5,115,7
937,1,115,8
937,2,115,5
937,3,32,8
937,4,32,5
937,5,115,6
938,1,181,2
938,1,83,2
938,1,98,1
938,2,181,1
938,2,83,2
938,2,98,2
938,3,181,2
938,3,83,2
938,3,98,2
938,4,181,3
938,4,83,2
938,4,98,3
938,5,181,2
938,5,83,2
938,5,98,2
939,1,181,2
939,1,83,2
939,1,98,1
939,2,181,1
939,2,83,2
939,2,98,2
939,3,181,2
939,3,83,2
939,3,98,2
939,4,181,3
939,4,83,2
939,4,98,3
939,5,181,2
939,5,83,2
939,5,98,2
940,1,186,2
940,1,77,2
940,1,98,2
940,2,186,1
940,2,77,2
940,2,98,2
940,3,186,2
940,3,77,2
940,3,98,2
940,4,186,3
940,4,77,2
940,4,98,2
940,5,186,2
940,5,77,2
940,5,98,2
941,1,186,2
941,1,77,2
941,1,98,2
941,2,186,1
941,2,77,2
941,2,98,2
941,3,186,2
941,3,77,2
941,3,98,2
941,4,186,3
941,4,77,2
941,4,98,2
941,5,186,2
941,5,77,2
941,5,98,2
942,1,181,2
942,1,42,2
942,1,100,1
942,2,181,1
942,2,42,2
942,2,100,2
942,3,181,2
942,3,42,2
942,3,100,1
942,4,181,3
942,4,42,2
942,4,100,3
942,5,181,2
942,5,42,2
942,5,100,3
943,1,181,2
943,1,42,2
943,1,100,1
943,2,181,1
943,2,42,2
943,2,100,2
943,3,181,2
943,3,42,2
943,3,100,1
943,4,181,3
943,4,42,2
943,4,100,3
943,5,181,2
943,5,42,2
943,5,100,3
944,1,186,2
944,1,79,2
944,1,100,2
944,2,186,1
944,2,79,2
944,2,100,2
944,3,186,2
944,3,79,2
944,3,100,1
944,4,186,3
944,4,79,2
944,4,100,2
944,5,186,2
944,5,79,2
944,5,100,3
945,1,186,2
945,1,79,2
945,1,100,2
945,2,186,1
945,2,79,2
945,2,100,2
945,3,186,2
945,3,79,2
945,3,100,1
945,4,186,3
945,4,79,2
945,4,100,2
945,5,186,2
945,5,79,2
945,5,100,3
946,1,36,8
946,1,82,1
946,2,36,2
946,2,82,1
946,2,98,5
946,3,36,3
946,3,82,4
946,3,98,3
946,4,36,2
946,4,98,8
946,5,98,2
946,5,82,7
947,1,36,8
947,1,82,1
947,2,36,2
947,2,82,1
947,2,98,5
947,3,36,3
947,3,82,4
947,3,98,3
947,4,36,2
947,4,98,8
947,5,98,2
947,5,82,7
948,1,67,8
948,1,79,1
948,2,67,2
948,2,79,1
948,2,71,5
948,3,67,3
948,3,79,4
948,3,71,3
948,4,67,2
948,4,71,8
948,5,71,2
948,5,79,7
949,1,67,8
949,1,79,1
949,2,67,2
949,2,79,1
949,2,71,5
949,3,67,3
949,3,79,4
949,3,71,3
949,4,67,2
949,4,71,8
949,5,71,2
949,5,79,7
950,1,82,2
950,1,89,4
950,1,103,-2
950,2,82,3
950,2,89,2
950,2,103,-2
950,3,82,4
950,3,89,3
950,3,103,-2
950,4,82,3
950,4,89,1
950,4,103,-2
950,5,82,3
950,5,103,-2
951,1,82,3
951,1,47,4
951,1,103,-2
951,2,82,3
951,2,47,2
951,2,103,-2
951,3,82,3
951,3,47,3
951,3,103,-2
951,4,82,3
951,4,47,1
951,4,103,-2
951,5,82,3
951,5,103,-2
952,1,82,3
952,1,77,4
952,1,103,-2
952,2,82,3
952,2,77,2
952,2,103,-2
952,3,82,2
952,3,77,3
952,3,103,-2
952,4,82,4
952,4,77,1
952,4,103,-2
952,5,82,3
952,5,103,-2
953,1,82,4
953,1,77,4
953,1,103,-2
953,2,82,3
953,2,77,2
953,2,103,-2
953,3,82,2
953,3,77,3
953,3,103,-2
953,4,82,3
953,4,77,1
953,4,103,-2
953,5,82,3
953,5,103,-2
954,1,15,1
954,1,79,5
954,1,123,2
954,2,15,3
954,2,79,4
954,2,123,3
954,3,15,3
954,3,79,1
954,3,123,4
954,4,15,3
954,4,79,1
954,4,123,3
954,5,79,4
954,5,123,3
955,1,15,2
955,1,79,5
955,1,123,2
955,2,15,2
955,2,79,4
955,2,123,3
955,3,15,3
955,3,79,1
955,3,123,4
955,4,15,3
955,4,79,1
955,4,123,3
955,5,79,4
955,5,123,3
956,1,137,2
956,1,16,4
956,2,137,3
956,3,137,3
956,3,16,3
956,4,137,4
956,4,16,4
956,5,137,3
956,5,16,4
957,1,137,3
957,1,16,4
957,2,137,2
957,3,137,3
957,3,16,3
957,4,137,4
957,4,16,4
957,5,137,3
957,5,16,4
958,1,137,2
958,1,128,5
958,1,129,2
958,1,120,3
958,2,137,1
958,2,128,3
958,2,129,2
958,2,120,3
958,3,137,3
958,3,128,2
958,3,129,2
958,3,120,3
958,4,137,1
958,4,128,2
958,4,129,2
958,4,120,3
958,5,137,3
958,5,128,3
958,5,129,2
958,5,120,3
959,1,137,3
959,1,128,5
959,1,129,2
959,1,120,3
959,2,137,1
959,2,128,3
959,2,129,2
959,2,120,3
959,3,137,3
959,3,128,2
959,3,129,2
959,3,120,3
959,4,137,1
959,4,128,2
959,4,129,2
959,4,120,3
959,5,137,2
959,5,128,3
959,5,129,2
959,5,120,3
960,1,71,7
960,2,71,3
960,2,18,4
960,3,18,8
960,4,18,9
960,5,71,6
960,5,18,2
961,1,71,8
961,2,71,3
961,2,18,4
961,3,18,8
961,4,18,9
961,5,71,5
961,5,18,2
962,1,32,7
962,2,80,7
962,3,32,4
962,3,85,5
962,4,32,3
962,4,85,7
962,5,80,7
962,5,85,3
963,1,32,8
963,2,80,7
963,3,32,3
963,3,49,5
963,4,32,3
963,4,49,7
963,5,80,7
963,5,49,3
964,1,94,3
964,1,15,4
964,2,15,6
964,3,15,8
964,4,94,7
964,5,94,8
965,1,94,4
965,1,15,4
965,2,15,6
965,3,15,8
965,4,94,6
965,5,94,8
966,1,12,1
966,1,85,3
966,1,86,2
966,2,12,3
966,2,85,4
966,2,86,2
966,3,12,1
966,3,86,1
966,4,12,3
966,4,85,4
966,4,86,2
966,5,12,2
966,5,85,4
966,5,86,3
967,1,12,2
967,1,46,3
967,1,86,2
967,2,12,3
967,2,46,4
967,2,86,2
967,3,12,1
967,3,86,1
967,4,12,2
967,4,46,4
967,4,86,2
967,5,12,2
967,5,46,4
967,5,86,3
968,1,40,3
968,1,44,3
968,2,40,1
968,2,79,4
968,2,44,2
968,3,40,3
968,3,79,4
968,3,44,1
968,4,40,2
968,4,79,2
968,4,44,2
968,5,40,1
968,5,79,5
968,5,44,2
969,1,66,3
969,1,44,3
969,2,66,1
969,2,79,4
969,2,44,2
969,3,66,3
969,3,79,4
969,3,44,1
969,4,66,2
969,4,79,2
969,4,44,2
969,5,66,1
969,5,79,5
969,5,44,2
970,1,91,5
970,1,184,2
970,2,91,2
970,2,77,2
970,2,184,1
970,3,77,4
970,3,184,3
970,4,91,3
970,4,77,1
970,4,184,2
970,5,77,3
970,5,184,2
971,1,91,6
971,1,184,2
971,2,91,1
971,2,77,2
971,2,184,1
971,3,77,4
971,3,184,3
971,4,91,3
971,4,77,1
971,4,184,2
971,5,77,3
971,5,184,2
972,1,123,3
972,1,5,2
972,1,95,2
972,2,123,3
972,2,5,4
972,2,95,2
972,3,123,3
972,3,5,3
972,3,95,3
972,4,123,4
972,4,5,3
972,4,95,2
972,5,123,2
972,5,5,3
972,5,95,1
973,1,123,4
973,1,5,2
973,1,95,2
973,2,123,3
973,2,5,4
973,2,95,2
973,3,123,3
973,3,5,3
973,3,95,3
973,4,123,3
973,4,5,3
973,4,95,2
973,5,123,2
973,5,5,3
973,5,95,1
974,1,123,7
974,2,123,5
974,3,123,4
974,3,5,2
974,4,5,6
974,5,5,7
975,1,123,8
975,2,123,5
975,3,123,3
975,3,5,2
975,4,5,6
975,5,5,7
976,1,40,3
976,1,43,5
976,1,94,1
976,1,91,2
976,2,40,1
976,2,94,2
976,2,91,2
976,3,40,3
976,3,94,3
976,3,91,2
976,4,40,1
976,4,43,5
976,4,94,2
976,4,91,2
976,5,40,2
976,5,94,2
976,5,91,2
977,1,45,3
977,1,42,5
977,1,94,2
977,1,91,2
977,2,45,1
977,2,94,2
977,2,91,2
977,3,45,3
977,3,94,3
977,3,91,2
977,4,45,1
977,4,42,5
977,4,94,1
977,4,91,2
977,5,45,2
977,5,94,2
977,5,91,2
978,1,41,1
978,1,94,6
978,2,41,2
978,2,43,5
978,3,41,2
978,3,94,6
978,4,43,8
978,5,41,8
979,1,68,1
979,1,94,7
979,2,68,2
979,2,42,5
979,3,68,2
979,3,94,5
979,4,42,8
979,5,68,8
980,1,94,4
980,1,16,3
980,1,43,3
980,2,94,2
980,2,16,3
980,2,43,1
980,3,94,3
980,3,16,3
980,3,43,2
980,4,94,4
980,4,16,2
980,4,43,4
980,5,94,2
980,5,16,4
981,1,94,4
981,1,16,4
981,1,68,3
981,2,94,2
981,2,16,3
981,2,68,1
981,3,94,3
981,3,16,3
981,3,68,2
981,4,94,4
981,4,16,2
981,4,68,4
981,5,94,2
981,5,16,3
982,1,196,3
982,1,35,2
982,1,124,1
982,2,196,1
982,2,35,2
982,2,124,2
982,3,196,2
982,3,35,2
982,3,124,3
982,4,196,3
982,4,35,1
982,4,124,2
982,5,196,1
982,5,35,4
982,5,124,2
983,1,196,3
983,1,35,2
983,1,124,1
983,2,196,1
983,2,35,2
983,2,124,2
983,3,196,2
983,3,35,2
983,3,124,3
983,4,196,3
983,4,35,1
983,4,124,2
983,5,196,1
983,5,35,4
983,5,124,2
984,1,196,3
984,1,48,2
984,1,124,1
984,2,196,1
984,2,48,2
984,2,124,2
984,3,196,2
984,3,48,1
984,3,124,3
984,4,196,3
984,4,48,1
984,4,124,2
984,5,196,1
984,5,48,4
984,5,124,2
985,1,196,3
985,1,48,2
985,1,124,1
985,2,196,1
985,2,48,2
985,2,124,2
985,3,196,2
985,3,48,1
985,3,124,3
985,4,196,3
985,4,48,1
985,4,124,2
985,5,196,1
985,5,48,4
985,5,124,2
986,1,117,1
986,1,95,6
986,1,35,1
986,2,117,2
986,2,95,3
986,3,35,5
986,4,117,7
986,4,95,2
986,4,35,1
986,5,35,8
987,1,117,1
987,1,95,6
987,1,35,1
987,2,117,2
987,2,95,3
987,3,35,5
987,4,117,7
987,4,95,2
987,4,35,1
987,5,35,8
988,1,117,1
988,1,95,6
988,2,117,2
988,2,95,3
988,3,48,5
988,4,117,7
988,4,95,2
988,5,48,8
989,1,117,1
989,1,95,6
989,2,117,2
989,2,95,3
989,3,48,5
989,4,117,7
989,4,95,2
989,5,48,8
990,1,97,2
990,1,81,2
990,1,18,4
990,1,101,2
990,2,97,1
990,2,81,1
990,2,18,2
990,2,101,2
990,3,97,2
990,3,81,2
990,3,18,3
990,3,101,2
990,4,97,2
990,4,81,3
990,4,18,5
990,4,101,2
990,5,97,3
990,5,81,2
990,5,18,3
990,5,101,2
991,1,97,3
991,1,81,2
991,1,18,4
991,1,101,2
991,2,97,1
991,2,81,1
991,2,18,2
991,2,101,2
991,3,97,1
991,3,81,2
991,3,18,3
991,3,101,2
991,4,97,2
991,4,81,3
991,4,18,5
991,4,101,2
991,5,97,3
991,5,81,2
991,5,18,3
991,5,101,2
992,1,108,2
992,1,18,3
992,1,103,-2
992,1,100,2
992,2,108,1
992,2,18,3
992,2,103,-2
992,2,100,2
992,3,108,3
992,3,18,5
992,3,103,-2
992,3,100,2
992,4,108,2
992,4,18,1
992,4,103,-2
992,4,100,2
992,5,108,2
992,5,18,3
992,5,103,-2
992,5,100,2
993,1,108,2
993,1,18,4
993,1,103,2
993,1,95,2
993,2,108,1
993,2,18,3
993,2,103,2
993,2,95,2
993,3,108,3
993,3,18,4
993,3,103,2
993,3,95,2
993,4,108,2
993,4,18,1
993,4,103,2
993,4,95,2
993,5,108,2
993,5,18,3
993,5,103,2
993,5,95,2
994,1,71,2
994,1,91,2
994,1,182,2
994,2,71,2
994,2,91,1
994,2,182,2
994,3,71,2
994,3,91,3
994,3,182,2
994,4,71,2
994,4,91,2
994,4,182,2
994,5,71,2
994,5,91,2
994,5,182,2
995,1,71,2
995,1,91,3
995,1,182,2
995,2,71,2
995,2,91,1
995,2,182,2
995,3,71,2
995,3,91,2
995,3,182,2
995,4,71,2
995,4,91,2
995,4,182,2
995,5,71,2
995,5,91,2
995,5,182,2
996,1,202,2
996,1,35,4
996,1,43,2
996,2,202,1
996,2,35,2
996,2,43,2
996,3,202,2
996,3,35,3
996,3,43,2
996,4,202,3
996,4,35,3
996,4,43,2
996,5,202,2
996,5,35,3
996,5,43,2
997,1,202,3
997,1,65,2
997,1,69,2
997,2,202,1
997,2,65,2
997,2,69,2
997,3,202,2
997,3,65,2
997,3,69,2
997,4,202,2
997,4,65,2
997,4,69,2
997,5,202,2
997,5,65,2
997,5,69,2
998,1,12,9
998,1,1,-2
998,2,12,5
998,2,1,-2
998,3,35,6
998,3,1,-2
998,4,35,6
998,4,1,-2
998,5,12,5
998,5,35,3
998,5,1,-2
999,1,12,9
999,1,1,-2
999,2,12,5
999,2,1,-2
999,3,67,6
999,3,1,-2
999,4,67,6
999,4,1,-2
999,5,12,5
999,5,67,3
999,5,1,-2
1000,1,200,2
1000,1,5,2
1000,1,33,2
1000,2,200,1
1000,2,5,2
1000,2,33,2
1000,3,200,2
1000,3,5,2
1000,3,33,2
1000,4,200,2
1000,4,5,1
1000,4,33,2
1000,5,200,3
1000,5,5,3
1000,5,33,2
1001,1,200,3
1001,1,5,2
1001,1,33,2
1001,2,200,1
1001,2,5,2
1001,2,33,2
1001,3,200,2
1001,3,5,2
1001,3,33,2
1001,4,200,1
1001,4,5,1
1001,4,33,2
1001,5,200,3
1001,5,5,3
1001,5,33,2
1002,1,94,3
1002,1,80,2
1002,1,201,2
1002,2,94,2
1002,2,80,2
1002,2,201,2
1002,3,94,3
1002,3,80,2
1002,3,201,2
1002,4,94,4
1002,4,80,2
1002,4,201,2
1002,5,94,3
1002,5,80,2
1002,5,201,2
1003,1,94,4
1003,1,80,2
1003,1,201,2
1003,2,94,2
1003,2,80,2
1003,2,201,2
1003,3,94,3
1003,3,80,2
1003,3,201,2
1003,4,94,3
1003,4,80,2
1003,4,201,2
1003,5,94,3
1003,5,80,2
1003,5,201,2
1004,1,71,2
1004,1,75,2
1004,1,94,2
1004,2,71,1
1004,2,75,3
1004,2,94,2
1004,3,71,2
1004,3,75,2
1004,3,94,2
1004,4,71,2
1004,4,75,1
1004,4,94,2
1004,5,71,3
1004,5,75,2
1004,5,94,2
1005,1,71,3
1005,1,75,2
1005,1,94,2
1005,2,71,1
1005,2,75,3
1005,2,94,2
1005,3,71,1
1005,3,75,2
1005,3,94,2
1005,4,71,2
1005,4,75,1
1005,4,94,2
1005,5,71,3
1005,5,75,2
1005,5,94,2
1006,1,185,3
1006,1,124,2
1006,1,100,2
1006,2,185,2
1006,2,119,3
1006,2,124,2
1006,2,100,1
1006,3,119,4
1006,3,124,2
1006,3,100,3
1006,4,185,3
1006,4,124,2
1006,4,100,2
1006,5,185,2
1006,5,119,3
1006,5,124,2
1006,5,100,2
1007,1,185,3
1007,1,124,2
1007,1,95,2
1007,2,185,2
1007,2,119,3
1007,2,124,2
1007,2,95,1
1007,3,119,4
1007,3,124,2
1007,3,95,3
1007,4,185,3
1007,4,124,2
1007,4,95,2
1007,5,185,2
1007,5,119,3
1007,5,124,2
1007,5,95,2
1008,1,197,2
1008,1,72,2
1008,1,37,2
1008,1,98,-2
1008,2,197,1
1008,2,72,2
1008,2,37,2
1008,2,98,-2
1008,3,197,2
1008,3,72,1
1008,3,37,2
1008,3,98,-2
1008,4,197,2
1008,4,72,2
1008,4,37,1
1008,4,98,-2
1008,5,197,3
1008,5,72,3
1008,5,37,3
1008,5,98,-2
1009,1,197,2
1009,1,72,3
1009,1,67,2
1009,1,98,-2
1009,2,197,1
1009,2,72,2
1009,2,67,2
1009,2,98,-2
1009,3,197,2
1009,3,72,1
1009,3,67,2
1009,3,98,-2
1009,4,197,2
1009,4,72,2
1009,4,67,1
1009,4,98,-2
1009,5,197,3
1009,5,72,2
1009,5,67,3
1009,5,98,-2
1010,1,85,4
1010,1,34,4
1010,1,103,-2
1010,2,85,3
1010,2,34,2
1010,2,103,-2
1010,3,85,2
1010,3,34,3
1010,3,103,-2
1010,4,85,3
1010,4,34,1
1010,4,103,-2
1010,5,85,3
1010,5,103,-2
1011,1,85,4
1011,1,45,4
1011,1,103,-2
1011,2,85,3
1011,2,45,2
1011,2,103,-2
1011,3,85,2
1011,3,45,3
1011,3,103,-2
1011,4,85,3
1011,4,45,1
1011,4,103,-2
1011,5,85,3
1011,5,103,-2
1012,1,133,2
1012,1,104,2
1012,1,134,2
1012,2,133,2
1012,2,104,2
1012,2,134,2
1012,3,133,2
1012,3,104,2
1012,3,134,4
1012,4,133,2
1012,4,104,2
1012,4,134,4
1012,5,133,2
1012,5,104,2
1012,5,134,3
1013,1,133,2
1013,1,104,2
1013,1,134,2
1013,2,133,2
1013,2,104,2
1013,2,134,2
1013,3,133,2
1013,3,104,2
1013,3,134,4
1013,4,133,2
1013,4,104,2
1013,4,134,4
1013,5,133,2
1013,5,104,2
1013,5,134,3
1014,1,133,3
1014,1,104,2
1014,1,134,2
1014,2,133,2
1014,2,104,2
1014,2,134,2
1014,3,133,2
1014,3,104,2
1014,3,134,4
1014,4,133,2
1014,4,104,2
1014,4,134,4
1014,5,133,1
1014,5,104,2
1014,5,134,3
1015,1,133,3
1015,1,104,2
1015,1,134,2
1015,2,133,2
1015,2,104,2
1015,2,134,2
1015,3,133,2
1015,3,104,2
1015,3,134,4
1015,4,133,2
1015,4,104,2
1015,4,134,4
1015,5,133,1
1015,5,104,2
1015,5,134,3
1016,1,136,3
1016,1,104,2
1016,1,91,2
1016,2,136,2
1016,2,104,2
1016,2,91,2
1016,3,136,2
1016,3,104,2
1016,3,91,2
1016,4,136,2
1016,4,104,2
1016,4,91,2
1016,5,136,4
1016,5,104,2
1016,5,91,2
1017,1,136,3
1017,1,104,2
1017,1,91,2
1017,2,136,2
1017,2,104,2
1017,2,91,2
1017,3,136,2
1017,3,104,2
1017,3,91,2
1017,4,136,2
1017,4,104,2
1017,4,91,2
1017,5,136,4
1017,5,104,2
1017,5,91,2
1018,1,136,4
1018,1,104,2
1018,1,91,2
1018,2,136,2
1018,2,104,2
1018,2,91,2
1018,3,136,2
1018,3,104,2
1018,3,91,2
1018,4,136,2
1018,4,104,2
1018,4,91,2
1018,5,136,3
1018,5,104,2
1018,5,91,2
1019,1,136,4
1019,1,104,2
1019,1,91,2
1019,2,136,2
1019,2,104,2
1019,2,91,2
1019,3,136,2
1019,3,104,2
1019,3,91,2
1019,4,136,2
1019,4,104,2
1019,4,91,2
1019,5,136,3
1019,5,104,2
1019,5,91,2
1020,1,135,2
1020,1,104,2
1020,1,194,2
1020,2,135,2
1020,2,104,2
1020,2,194,1
1020,3,135,2
1020,3,104,2
1020,3,194,2
1020,4,135,2
1020,4,104,2
1020,4,194,3
1020,5,135,2
1020,5,104,2
1020,5,194,2
1021,1,135,2
1021,1,104,2
1021,1,186,2
1021,2,135,2
1021,2,104,2
1021,2,186,1
1021,3,135,2
1021,3,104,2
1021,3,186,2
1021,4,135,2
1021,4,104,2
1021,4,186,3
1021,5,135,2
1021,5,104,2
1021,5,186,2
1022,1,135,2
1022,1,105,2
1022,1,194,2
1022,2,135,2
1022,2,105,2
1022,2,194,1
1022,3,135,2
1022,3,105,2
1022,3,194,2
1022,4,135,2
1022,4,105,2
1022,4,194,3
1022,5,135,2
1022,5,105,2
1022,5,194,2
1023,1,135,3
1023,1,105,2
1023,1,186,2
1023,2,135,2
1023,2,105,2
1023,2,186,1
1023,3,135,2
1023,3,105,2
1023,3,186,2
1023,4,135,2
1023,4,105,2
1023,4,186,3
1023,5,135,1
1023,5,105,2
1023,5,186,2
1024,1,36,2
1024,1,37,2
1024,1,80,2
1024,1,34,2
1024,2,36,2
1024,2,37,2
1024,2,80,1
1024,2,34,2
1024,3,36,2
1024,3,37,2
1024,3,80,2
1024,3,34,2
1024,4,36,2
1024,4,37,2
1024,4,80,2
1024,4,34,2
1024,5,36,2
1024,5,37,2
1024,5,80,3
1024,5,34,2
1025,1,69,2
1025,1,67,2
1025,1,80,3
1025,1,129,2
1025,2,69,2
1025,2,67,2
1025,2,80,1
1025,2,129,2
1025,3,69,2
1025,3,67,2
1025,3,80,2
1025,3,129,2
1025,4,69,2
1025,4,67,2
1025,4,80,2
1025,4,129,2
1025,5,69,2
1025,5,67,2
1025,5,80,2
1025,5,129,2
1026,1,36,2
1026,1,37,2
1026,1,80,2
1026,1,34,2
1026,2,36,2
1026,2,37,2
1026,2,80,1
1026,2,34,2
1026,3,36,2
1026,3,37,2
1026,3,80,2
1026,3,34,2
1026,4,36,2
1026,4,37,2
1026,4,80,2
1026,4,34,2
1026,5,36,2
1026,5,37,2
1026,5,80,3
1026,5,34,2
1027,1,69,2
1027,1,67,2
1027,1,80,3
1027,1,129,2
1027,2,69,2
1027,2,67,2
1027,2,80,1
1027,2,129,2
1027,3,69,2
1027,3,67,2
1027,3,80,2
1027,3,129,2
1027,4,69,2
1027,4,67,2
1027,4,80,2
1027,4,129,2
1027,5,69,2
1027,5,67,2
1027,5,80,2
1027,5,129,2
1028,1,121,7
1028,1,103,2
1028,1,72,2
1028,2,71,3
1028,2,103,2
1028,2,72,2
1028,3,71,4
1028,3,103,2
1028,3,72,2
1028,4,71,3
1028,4,103,2
1028,4,72,2
1028,5,121,8
1028,5,103,2
1028,5,72,2
1029,1,121,8
1029,1,103,2
1029,1,72,2
1029,2,71,3
1029,2,103,2
1029,2,72,2
1029,3,71,4
1029,3,103,2
1029,3,72,2
1029,4,71,3
1029,4,103,2
1029,4,72,2
1029,5,121,7
1029,5,103,2
1029,5,72,2
1030,1,183,3
1030,1,82,2
1030,1,117,2
1030,1,107,1
1030,2,82,2
1030,2,117,2
1030,2,107,1
1030,3,183,3
1030,3,82,3
1030,3,117,2
1030,3,107,2
1030,4,183,2
1030,4,82,4
1030,4,117,2
1030,4,107,1
1030,5,183,2
1030,5,82,4
1030,5,117,2
1030,5,107,2
1031,1,183,3
1031,1,82,3
1031,1,117,2
1031,1,107,1
1031,2,82,2
1031,2,117,2
1031,2,107,1
1031,3,183,3
1031,3,82,3
1031,3,117,2
1031,3,107,2
1031,4,183,2
1031,4,82,3
1031,4,117,2
1031,4,107,1
1031,5,183,2
1031,5,82,4
1031,5,117,2
1031,5,107,2
1032,1,3,1
1032,1,70,1
1032,1,199,1
1032,2,3,2
1032,2,70,3
1032,2,199,1
1032,3,3,3
1032,3,70,5
1032,3,199,3
1032,4,3,2
1032,4,70,4
1032,4,199,3
1032,5,3,2
1032,5,70,2
1032,5,199,2
1033,1,3,1
1033,1,70,2
1033,1,199,1
1033,2,3,2
1033,2,70,3
1033,2,199,1
1033,3,3,3
1033,3,70,5
1033,3,199,3
1033,4,3,2
1033,4,70,4
1033,4,199,3
1033,5,3,2
1033,5,70,1
1033,5,199,2
1034,1,4,2
1034,1,70,1
1034,1,199,1
1034,2,4,3
1034,2,70,3
1034,2,199,1
1034,3,4,3
1034,3,70,5
1034,3,199,3
1034,4,4,2
1034,4,70,4
1034,4,199,3
1034,5,4,2
1034,5,70,2
1034,5,199,2
1035,1,4,2
1035,1,70,1
1035,1,199,2
1035,2,4,3
1035,2,70,3
1035,2,199,1
1035,3,4,3
1035,3,70,5
1035,3,199,3
1035,4,4,2
1035,4,70,4
1035,4,199,2
1035,5,4,2
1035,5,70,2
1035,5,199,2
1036,1,5,2
1036,1,72,2
1036,1,32,2
1036,1,115,-2
1036,2,5,3
1036,2,72,1
1036,2,32,1
1036,2,115,-2
1036,3,5,4
1036,3,72,2
1036,3,32,4
1036,3,115,-2
1036,4,5,3
1036,4,72,4
1036,4,32,2
1036,4,115,-2
1036,5,5,3
1036,5,72,1
1036,5,32,1
1036,5,115,-2
1037,1,5,2
1037,1,72,2
1037,1,32,2
1037,1,115,-2
1037,2,5,3
1037,2,72,1
1037,2,32,1
1037,2,115,-2
1037,3,5,4
1037,3,72,2
1037,3,32,4
1037,3,115,-2
1037,4,5,3
1037,4,72,4
1037,4,32,2
1037,4,115,-2
1037,5,5,3
1037,5,72,1
1037,5,32,1
1037,5,115,-2
1038,1,5,3
1038,1,72,2
1038,1,32,2
1038,1,115,-2
1038,2,5,3
1038,2,72,1
1038,2,32,1
1038,2,115,-2
1038,3,5,4
1038,3,72,2
1038,3,32,4
1038,3,115,-2
1038,4,5,3
1038,4,72,4
1038,4,32,2
1038,4,115,-2
1038,5,5,2
1038,5,72,1
1038,5,32,1
1038,5,115,-2
1039,1,5,3
1039,1,72,2
1039,1,32,2
1039,1,115,-2
1039,2,5,3
1039,2,72,1
1039,2,32,1
1039,2,115,-2
1039,3,5,4
1039,3,72,2
1039,3,32,4
1039,3,115,-2
1039,4,5,3
1039,4,72,4
1039,4,32,2
1039,4,115,-2
1039,5,5,2
1039,5,72,1
1039,5,32,1
1039,5,115,-2
1040,1,136,3
1040,1,117,1
1040,1,103,-2
1040,1,35,1
1040,2,136,1
1040,2,117,1
1040,2,35,2
1040,2,103,-2
1040,3,136,2
1040,3,117,2
1040,3,103,-2
1040,3,35,2
1040,4,136,2
1040,4,117,4
1040,4,103,-2
1040,4,35,2
1040,5,136,2
1040,5,117,2
1040,5,103,-2
1040,5,35,3
1041,1,136,3
1041,1,117,2
1041,1,103,-2
1041,1,46,1
1041,2,136,1
1041,2,117,1
1041,2,46,2
1041,2,103,-2
1041,3,136,2
1041,3,117,2
1041,3,103,-2
1041,3,46,2
1041,4,136,2
1041,4,117,4
1041,4,103,-2
1041,4,46,2
1041,5,136,2
1041,5,117,1
1041,5,103,-2
1041,5,46,3
1042,1,108,2
1042,1,40,2
1042,1,43,2
1042,2,108,1
1042,2,40,3
1042,2,8,3
1042,2,43,2
1042,3,108,3
1042,3,40,3
1042,3,8,2
1042,3,43,2
1042,4,108,3
1042,4,40,1
1042,4,8,2
1042,4,43,2
1042,5,108,1
1042,5,40,1
1042,5,8,3
1042,5,43,2
1043,1,108,3
1043,1,49,2
1043,1,68,2
1043,2,108,1
1043,2,49,3
1043,2,8,3
1043,2,68,2
1043,3,108,2
1043,3,49,3
1043,3,8,2
1043,3,68,2
1043,4,108,3
1043,4,49,1
1043,4,8,2
1043,4,68,2
1043,5,108,1
1043,5,49,1
1043,5,8,3
1043,5,68,2
1044,1,194,3
1044,1,18,1
1044,1,15,2
1044,1,135,-2
1044,2,194,1
1044,2,18,2
1044,2,15,1
1044,2,135,-2
1044,3,194,2
1044,3,18,3
1044,3,15,4
1044,3,135,-2
1044,4,194,2
1044,4,18,5
1044,4,15,2
1044,4,135,-2
1044,5,194,2
1044,5,18,1
1044,5,15,1
1044,5,135,-2
1045,1,194,3
1045,1,18,1
1045,1,15,2
1045,1,135,-2
1045,2,194,1
1045,2,18,2
1045,2,15,1
1045,2,135,-2
1045,3,194,2
1045,3,18,3
1045,3,15,4
1045,3,135,-2
1045,4,194,2
1045,4,18,5
1045,4,15,2
1045,4,135,-2
1045,5,194,2
1045,5,18,1
1045,5,15,1
1045,5,135,-2
1046,1,194,3
1046,1,18,2
1046,1,15,2
1046,1,135,-2
1046,2,194,1
1046,2,18,2
1046,2,15,1
1046,2,135,-2
1046,3,194,2
1046,3,18,3
1046,3,15,4
1046,3,135,-2
1046,4,194,2
1046,4,18,4
1046,4,15,2
1046,4,135,-2
1046,5,194,2
1046,5,18,1
1046,5,15,1
1046,5,135,-2
1047,1,194,3
1047,1,18,2
1047,1,15,2
1047,1,135,-2
1047,2,194,1
1047,2,18,2
1047,2,15,1
1047,2,135,-2
1047,3,194,2
1047,3,18,3
1047,3,15,4
1047,3,135,-2
1047,4,194,2
1047,4,18,4
1047,4,15,2
1047,4,135,-2
1047,5,194,2
1047,5,18,1
1047,5,15,1
1047,5,135,-2
1048,1,108,2
1048,1,77,4
1048,1,191,2
1048,1,103,-2
1048,2,108,2
1048,2,191,1
1048,2,103,-2
1048,3,108,1
1048,3,77,5
1048,3,191,3
1048,3,103,-2
1048,4,108,2
1048,4,77,1
1048,4,191,2
1048,4,103,-2
1048,5,108,3
1048,5,191,2
1048,5,103,-2
1049,1,108,3
1049,1,77,4
1049,1,196,2
1049,1,103,2
1049,2,108,2
1049,2,196,1
1049,2,103,2
1049,3,108,1
1049,3,77,5
1049,3,196,3
1049,3,103,2
1049,4,108,2
1049,4,77,1
1049,4,196,2
1049,4,103,2
1049,5,108,2
1049,5,196,2
1049,5,103,2
1050,1,36,2
1050,1,35,3
1050,1,195,2
1050,2,36,1
1050,2,35,3
1050,2,195,2
1050,3,36,2
1050,3,35,3
1050,3,195,2
1050,4,36,3
1050,4,35,3
1050,4,195,2
1050,5,36,2
1050,5,35,3
1050,5,195,2
1051,1,66,2
1051,1,48,2
1051,1,195,2
1051,2,66,1
1051,2,48,2
1051,2,195,2
1051,3,66,2
1051,3,48,2
1051,3,195,2
1051,4,66,3
1051,4,48,2
1051,4,195,2
1051,5,66,2
1051,5,48,2
1051,5,195,2
1052,1,184,3
1052,1,94,2
1052,1,98,1
1052,1,106,-2
1052,2,184,1
1052,2,94,2
1052,2,98,3
1052,2,106,-2
1052,3,184,2
1052,3,94,3
1052,3,98,4
1052,3,106,-2
1052,4,184,2
1052,4,94,4
1052,4,98,3
1052,4,106,-2
1052,5,184,2
1052,5,94,4
1052,5,98,4
1052,5,106,-2
1053,1,184,3
1053,1,94,3
1053,1,98,1
1053,1,106,-2
1053,2,184,1
1053,2,94,2
1053,2,98,3
1053,2,106,-2
1053,3,184,2
1053,3,94,3
1053,3,98,4
1053,3,106,-2
1053,4,184,2
1053,4,94,4
1053,4,98,3
1053,4,106,-2
1053,5,184,2
1053,5,94,3
1053,5,98,4
1053,5,106,-2
1054,1,39,2
1054,1,5,3
1054,1,37,2
1054,1,12,2
1054,2,39,1
1054,2,5,3
1054,2,37,2
1054,2,12,2
1054,3,39,3
1054,3,5,3
1054,3,37,2
1054,3,12,2
1054,4,39,2
1054,4,5,3
1054,4,37,2
1054,4,12,2
1054,5,39,2
1054,5,5,3
1054,5,37,2
1054,5,12,2
1055,1,47,2
1055,1,5,3
1055,1,49,2
1055,1,12,2
1055,2,47,1
1055,2,5,3
1055,2,49,2
1055,2,12,2
1055,3,47,3
1055,3,5,3
1055,3,49,2
1055,3,12,2
1055,4,47,2
1055,4,5,3
1055,4,49,2
1055,4,12,2
1055,5,47,2
1055,5,5,3
1055,5,49,2
1055,5,12,2
1056,1,37,8
1056,1,5,1
1056,2,5,5
1056,2,37,4
1056,3,39,5
1056,3,5,3
1056,3,37,2
1056,4,5,8
1056,5,39,7
1057,1,67,8
1057,1,5,1
1057,2,5,5
1057,2,67,4
1057,3,49,5
1057,3,5,3
1057,3,67,2
1057,4,5,8
1057,5,49,7
1058,1,36,2
1058,1,18,4
1058,1,117,2
1058,1,11,1
1058,2,36,1
1058,2,18,4
1058,2,117,2
1058,2,11,2
1058,3,36,3
1058,3,18,4
1058,3,117,2
1058,3,11,3
1058,4,36,2
1058,4,18,4
1058,4,117,2
1058,4,11,2
1058,5,36,2
1058,5,18,4
1058,5,117,2
1058,5,11,2
1059,1,50,2
1059,1,18,4
1059,1,117,2
1059,1,11,1
1059,2,50,1
1059,2,18,4
1059,2,117,2
1059,2,11,2
1059,3,50,3
1059,3,18,4
1059,3,117,2
1059,3,11,3
1059,4,50,2
1059,4,18,4
1059,4,117,2
1059,4,11,2
1059,5,50,2
1059,5,18,4
1059,5,117,2
1059,5,11,2
1060,1,93,3
1060,1,82,3
1060,1,75,1
1060,2,93,2
1060,2,82,2
1060,2,75,2
1060,3,93,3
1060,3,82,3
1060,3,75,2
1060,4,93,4
1060,4,82,3
1060,4,75,3
1060,5,93,3
1060,5,82,4
1060,5,75,2
1061,1,93,4
1061,1,82,3
1061,1,75,1
1061,2,93,2
1061,2,82,2
1061,2,75,2
1061,3,93,3
1061,3,82,3
1061,3,75,2
1061,4,93,3
1061,4,82,3
1061,4,75,3
1061,5,93,3
1061,5,82,4
1061,5,75,2
1062,1,100,2
1062,1,101,2
1062,1,98,1
1062,1,118,-3
1062,2,100,1
1062,2,101,2
1062,2,98,2
1062,2,118,-3
1062,3,100,3
1062,3,101,2
1062,3,98,3
1062,3,118,-3
1062,4,100,2
1062,4,101,2
1062,4,98,2
1062,4,118,-3
1062,5,100,2
1062,5,101,2
1062,5,98,2
1062,5,118,-3
1063,1,100,2
1063,1,101,2
1063,1,98,2
1063,1,118,-3
1063,2,100,1
1063,2,101,2
1063,2,98,2
1063,2,118,-3
1063,3,100,3
1063,3,101,2
1063,3,98,2
1063,3,118,-3
1063,4,100,2
1063,4,101,2
1063,4,98,2
1063,4,118,-3
1063,5,100,2
1063,5,101,2
1063,5,98,2
1063,5,118,-3
1064,1,96,2
1064,1,108,2
1064,1,197,2
1064,1,110,2
1064,2,96,2
1064,2,108,1
1064,2,197,2
1064,2,110,2
1064,3,96,2
1064,3,108,2
1064,3,197,2
1064,3,110,2
1064,4,96,2
1064,4,108,2
1064,4,197,2
1064,4,110,2
1064,5,96,2
1064,5,108,3
1064,5,197,2
1064,5,110,2
1065,1,96,2
1065,1,108,3
1065,1,197,2
1065,1,110,2
1065,2,96,2
1065,2,108,1
1065,2,197,2
1065,2,110,2
1065,3,96,2
1065,3,108,2
1065,3,197,2
1065,3,110,2
1065,4,96,2
1065,4,108,2
1065,4,197,2
1065,4,110,2
1065,5,96,2
1065,5,108,2
1065,5,197,2
1065,5,110,2
1066,1,204,2
1066,2,204,1
1066,2,205,1
1066,3,204,2
1066,3,205,3
1066,4,204,3
1066,4,205,2
1066,5,204,2
1066,5,205,2
1067,1,205,2
1067,2,204,1
1067,2,205,1
1067,3,204,3
1067,3,205,2
1067,4,204,3
1067,4,205,1
1067,5,204,3
1067,5,205,2
1068,1,26,2
1068,1,77,3
1068,1,40,2
1068,1,192,2
1068,2,26,2
1068,2,77,1
1068,2,40,2
1068,2,192,2
1068,3,26,2
1068,3,77,2
1068,3,40,2
1068,3,192,2
1068,4,26,3
1068,4,77,2
1068,4,40,2
1068,4,192,2
1068,5,26,1
1068,5,77,2
1068,5,40,2
1068,5,192,2
1069,1,26,2
1069,1,77,4
1069,1,49,2
1069,1,196,2
1069,2,26,2
1069,2,77,1
1069,2,49,2
1069,2,196,2
1069,3,26,2
1069,3,77,2
1069,3,49,2
1069,3,196,2
1069,4,26,3
1069,4,77,2
1069,4,49,2
1069,4,196,2
1069,5,26,1
1069,5,77,1
1069,5,49,2
1069,5,196,2
1070,1,32,2
1070,1,26,2
1070,1,74,2
1070,1,194,2
1070,2,32,2
1070,2,26,1
1070,2,74,2
1070,2,194,2
1070,3,32,2
1070,3,26,2
1070,3,74,2
1070,3,194,2
1070,4,32,2
1070,4,26,3
1070,4,74,2
1070,4,194,2
1070,5,32,2
1070,5,26,2
1070,5,74,2
1070,5,194,2
1071,1,32,2
1071,1,26,3
1071,1,74,2
1071,1,194,2
1071,2,32,2
1071,2,26,1
1071,2,74,2
1071,2,194,2
1071,3,32,2
1071,3,26,2
1071,3,74,2
1071,3,194,2
1071,4,32,2
1071,4,26,2
1071,4,74,2
1071,4,194,2
1071,5,32,2
1071,5,26,2
1071,5,74,2
1071,5,194,2
1072,1,32,7
1072,1,26,1
1072,2,26,4
1072,2,74,3
1072,3,32,6
1072,3,74,2
1072,4,26,8
1072,4,74,1
1072,5,26,1
1072,5,74,8
1073,1,32,8
1073,1,26,1
1073,2,26,4
1073,2,74,3
1073,3,32,5
1073,3,74,2
1073,4,26,8
1073,4,74,1
1073,5,26,1
1073,5,74,8
1074,1,190,2
1074,1,35,3
1074,1,78,1
1074,1,19,-3
1074,2,190,1
1074,2,35,2
1074,2,78,3
1074,2,19,-3
1074,3,190,3
1074,3,35,2
1074,3,19,-3
1074,4,190,2
1074,4,35,4
1074,4,78,3
1074,4,19,-3
1074,5,190,2
1074,5,35,4
1074,5,78,3
1074,5,19,-3
1075,1,190,3
1075,1,48,1
1075,1,78,1
1075,1,19,-3
1075,2,190,1
1075,2,48,2
1075,2,78,3
1075,2,19,-3
1075,3,190,3
1075,3,48,2
1075,3,19,-3
1075,4,190,1
1075,4,48,3
1075,4,78,3
1075,4,19,-3
1075,5,190,2
1075,5,48,2
1075,5,78,3
1075,5,19,-3
1076,1,181,3
1076,1,102,1
1076,1,32,2
1076,1,79,-3
1076,2,181,1
1076,2,102,2
1076,2,32,3
1076,2,79,-1
1076,3,181,2
1076,3,102,2
1076,3,79,-1
1076,4,181,2
1076,4,102,3
1076,4,32,4
1076,4,79,-2
1076,5,181,2
1076,5,102,2
1076,5,32,1
1076,5,79,-3
1077,1,188,3
1077,1,102,2
1077,1,32,2
1077,1,79,-3
1077,2,188,1
1077,2,102,2
1077,2,32,3
1077,2,79,-1
1077,3,188,2
1077,3,102,2
1077,3,79,-1
1077,4,188,2
1077,4,102,3
1077,4,32,4
1077,4,79,-2
1077,5,188,2
1077,5,102,1
1077,5,32,1
1077,5,79,-3
1078,1,35,6
1078,1,32,3
1078,1,33,-1
1078,2,35,2
1078,2,32,6
1078,2,33,-2
1078,3,102,8
1078,3,32,2
1078,4,35,6
1078,4,102,3
1078,5,32,8
1078,5,33,-8
1079,1,68,6
1079,1,32,3
1079,1,33,-1
1079,2,68,2
1079,2,32,6
1079,2,33,-2
1079,3,102,8
1079,3,32,2
1079,4,68,6
1079,4,102,3
1079,5,32,8
1079,5,33,-8
1080,1,187,3
1080,1,70,3
1080,1,79,2
1080,1,135,-3
1080,2,187,1
1080,2,70,1
1080,2,79,4
1080,2,135,-3
1080,3,187,2
1080,3,70,3
1080,3,135,-3
1080,4,187,2
1080,4,70,4
1080,4,79,3
1080,4,135,-3
1080,5,187,2
1080,5,70,4
1080,5,79,3
1080,5,135,-3
1081,1,188,3
1081,1,70,4
1081,1,79,2
1081,1,135,-3
1081,2,188,1
1081,2,70,1
1081,2,79,4
1081,2,135,-3
1081,3,188,2
1081,3,70,3
1081,3,135,-3
1081,4,188,2
1081,4,70,4
1081,4,79,3
1081,4,135,-3
1081,5,188,2
1081,5,70,3
1081,5,79,3
1081,5,135,-3
1082,1,196,3
1082,1,70,3
1082,1,75,3
1082,1,135,-3
1082,2,196,1
1082,2,70,4
1082,2,75,2
1082,2,135,-3
1082,3,196,2
1082,3,70,2
1082,3,135,-3
1082,4,196,2
1082,4,70,6
1082,4,75,2
1082,4,135,-3
1082,5,196,2
1082,5,70,5
1082,5,75,3
1082,5,135,-3
1083,1,196,3
1083,1,70,4
1083,1,75,3
1083,1,135,-3
1083,2,196,1
1083,2,70,4
1083,2,75,2
1083,2,135,-3
1083,3,196,2
1083,3,70,2
1083,3,135,-3
1083,4,196,2
1083,4,70,5
1083,4,75,2
1083,4,135,-3
1083,5,196,2
1083,5,70,5
1083,5,75,3
1083,5,135,-3
1084,1,120,3
1084,1,117,1
1084,1,110,3
1084,2,120,3
1084,2,117,2
1084,3,120,3
1084,3,117,2
1084,3,110,3
1084,4,120,3
1084,4,117,2
1084,4,110,1
1084,5,120,3
1084,5,117,3
1084,5,110,3
1085,1,120,4
1085,1,117,1
1085,1,110,3
1085,2,120,2
1085,2,117,2
1085,3,120,3
1085,3,117,2
1085,3,110,3
1085,4,120,3
1085,4,117,2
1085,4,110,1
1085,5,120,3
1085,5,117,3
1085,5,110,3
1086,1,11,2
1086,1,12,2
1086,1,38,2
1086,1,191,3
1086,2,11,2
1086,2,12,2
1086,2,38,1
1086,2,191,1
1086,3,11,2
1086,3,12,2
1086,3,38,2
1086,3,191,3
1086,4,11,2
1086,4,12,2
1086,4,38,3
1086,4,191,2
1086,5,11,2
1086,5,12,2
1086,5,38,2
1086,5,191,1
1087,1,11,2
1087,1,12,2
1087,1,38,3
1087,1,191,3
1087,2,11,2
1087,2,12,2
1087,2,38,1
1087,2,191,1
1087,3,11,2
1087,3,12,2
1087,3,38,2
1087,3,191,3
1087,4,11,2
1087,4,12,2
1087,4,38,2
1087,4,191,2
1087,5,11,2
1087,5,12,2
1087,5,38,2
1087,5,191,1
1088,1,108,2
1088,1,116,2
1088,1,115,2
1088,1,194,3
1088,2,108,2
1088,2,116,2
1088,2,115,1
1088,2,194,1
1088,3,108,2
1088,3,116,2
1088,3,115,2
1088,3,194,2
1088,4,108,2
1088,4,116,2
1088,4,115,3
1088,4,194,2
1088,5,108,2
1088,5,116,2
1088,5,115,2
1088,5,194,2
1089,1,108,2
1089,1,116,2
1089,1,115,3
1089,1,194,3
1089,2,108,2
1089,2,116,2
1089,2,115,1
1089,2,194,1
1089,3,108,2
1089,3,116,2
1089,3,115,2
1089,3,194,2
1089,4,108,2
1089,4,116,2
1089,4,115,2
1089,4,194,2
1089,5,108,2
1089,5,116,2
1089,5,115,2
1089,5,194,2
1090,1,72,2
1090,1,75,2
1090,1,74,2
1090,1,80,2
1090,2,72,2
1090,2,75,1
1090,2,74,2
1090,2,80,1
1090,3,72,2
1090,3,75,3
1090,3,74,2
1090,3,80,3
1090,4,72,2
1090,4,75,2
1090,4,74,2
1090,4,80,2
1090,5,72,2
1090,5,75,2
1090,5,74,2
1090,5,80,2
1091,1,72,2
1091,1,75,3
1091,1,74,2
1091,1,80,2
1091,2,72,2
1091,2,75,1
1091,2,74,2
1091,2,80,1
1091,3,72,2
1091,3,75,2
1091,3,74,2
1091,3,80,3
1091,4,72,2
1091,4,75,2
1091,4,74,2
1091,4,80,2
1091,5,72,2
1091,5,75,2
1091,5,74,2
1091,5,80,2
1092,1,120,15
1093,1,90,15
1094,1,11,10
1095,1,6,15
1096,1,93,2
1096,2,75,4
1096,2,93,3
1096,2,35,1
1096,4,75,2
1096,4,93,6
1097,1,93,3
1097,2,75,4
1097,2,93,2
1097,2,67,1
1097,4,75,2
1097,4,93,6
1098,1,108,10
1099,1,135,11
1100,1,181,2
1100,1,82,2
1100,1,108,2
1100,1,78,1
1100,2,181,1
1100,2,82,2
1100,2,108,1
1100,2,78,2
1100,3,181,2
1100,3,82,2
1100,3,108,3
1100,3,78,2
1100,4,181,3
1100,4,82,2
1100,4,108,2
1100,4,78,3
1100,5,181,2
1100,5,82,2
1100,5,108,2
1100,5,78,2
1101,1,181,2
1101,1,82,2
1101,1,108,2
1101,1,78,1
1101,2,181,1
1101,2,82,2
1101,2,108,1
1101,2,78,2
1101,3,181,2
1101,3,82,2
1101,3,108,3
1101,3,78,2
1101,4,181,3
1101,4,82,2
1101,4,108,2
1101,4,78,3
1101,5,181,2
1101,5,82,2
1101,5,108,2
1101,5,78,2
1102,1,186,2
1102,1,77,2
1102,1,108,2
1102,1,78,2
1102,2,186,1
1102,2,77,2
1102,2,108,1
1102,2,78,2
1102,3,186,2
1102,3,77,2
1102,3,108,3
1102,3,78,2
1102,4,186,3
1102,4,77,2
1102,4,108,2
1102,4,78,2
1102,5,186,2
1102,5,77,2
1102,5,108,2
1102,5,78,2
1103,1,186,2
1103,1,77,2
1103,1,108,2
1103,1,78,2
1103,2,186,1
1103,2,77,2
1103,2,108,1
1103,2,78,2
1103,3,186,2
1103,3,77,2
1103,3,108,3
1103,3,78,2
1103,4,186,3
1103,4,77,2
1103,4,108,2
1103,4,78,2
1103,5,186,2
1103,5,77,2
1103,5,108,2
1103,5,78,2
1104,1,35,8
1104,2,35,5
1104,3,75,4
1104,4,75,8
1104,5,35,5
1104,5,75,2
1105,1,67,8
1105,2,67,5
1105,3,75,4
1105,4,75,8
1105,5,67,5
1105,5,75,2
1106,1,35,4
1106,2,35,4
1106,3,35,5
1106,4,35,5
1106,5,35,5
1107,1,48,4
1107,2,48,4
1107,3,48,5
1107,4,48,5
1107,5,48,5
1108,1,157,2
1108,1,86,2
1108,1,36,2
1108,1,175,2
1108,2,157,1
1108,2,86,2
1108,2,36,1
1108,2,175,1
1108,3,157,2
1108,3,86,2
1108,3,36,2
1108,3,175,2
1108,4,157,3
1108,4,86,2
1108,4,36,2
1108,4,175,3
1108,5,157,2
1108,5,86,2
1108,5,36,3
1108,5,175,2
1109,1,157,3
1109,1,86,2
1109,1,49,2
1109,1,175,3
1109,2,157,1
1109,2,86,2
1109,2,49,1
1109,2,175,1
1109,3,157,2
1109,3,86,2
1109,3,49,2
1109,3,175,2
1109,4,157,2
1109,4,86,2
1109,4,49,2
1109,4,175,2
1109,5,157,2
1109,5,86,2
1109,5,49,3
1109,5,175,2
1110,1,156,2
1110,1,103,2
1110,1,108,2
1110,1,174,2
1110,2,156,1
1110,2,103,2
1110,2,108,1
1110,2,174,1
1110,3,156,2
1110,3,103,2
1110,3,108,2
1110,3,174,2
1110,4,156,3
1110,4,103,2
1110,4,108,2
1110,4,174,3
1110,5,156,2
1110,5,103,2
1110,5,108,3
1110,5,174,2
1111,1,156,3
1111,1,103,2
1111,1,108,2
1111,1,174,3
1111,2,156,1
1111,2,103,2
1111,2,108,1
1111,2,174,1
1111,3,156,2
1111,3,103,2
1111,3,108,2
1111,3,174,2
1111,4,156,2
1111,4,103,2
1111,4,108,2
1111,4,174,2
1111,5,156,2
1111,5,103,2
1111,5,108,3
1111,5,174,2
1112,1,158,2
1112,1,84,2
1112,1,191,2
1112,1,176,2
1112,2,158,1
1112,2,84,2
1112,2,191,1
1112,2,176,1
1112,3,158,2
1112,3,84,2
1112,3,191,2
1112,3,176,2
1112,4,158,3
1112,4,84,2
1112,4,191,2
1112,4,176,3
1112,5,158,2
1112,5,84,2
1112,5,191,3
1112,5,176,2
1113,1,158,3
1113,1,84,2
1113,1,191,2
1113,1,176,3
1113,2,158,1
1113,2,84,2
1113,2,191,1
1113,2,176,1
1113,3,158,2
1113,3,84,2
1113,3,191,2
1113,3,176,2
1113,4,158,2
1113,4,84,2
1113,4,191,2
1113,4,176,2
1113,5,158,2
1113,5,84,2
1113,5,191,3
1113,5,176,2
1114,1,159,2
1114,1,72,2
1114,1,107,2
1114,1,177,2
1114,2,159,1
1114,2,72,2
1114,2,107,1
1114,2,177,1
1114,3,159,2
1114,3,72,2
1114,3,107,2
1114,3,177,2
1114,4,159,3
1114,4,72,2
1114,4,107,2
1114,4,177,3
1114,5,159,2
1114,5,72,2
1114,5,107,3
1114,5,177,2
1115,1,159,3
1115,1,72,2
1115,1,107,2
1115,1,177,3
1115,2,159,1
1115,2,72,2
1115,2,107,1
1115,2,177,1
1115,3,159,2
1115,3,72,2
1115,3,107,2
1115,3,177,2
1115,4,159,2
1115,4,72,2
1115,4,107,2
1115,4,177,2
1115,5,159,2
1115,5,72,2
1115,5,107,3
1115,5,177,2
1116,1,160,2
1116,1,77,2
1116,1,80,2
1116,1,178,2
1116,2,160,1
1116,2,77,2
1116,2,80,1
1116,2,178,1
1116,3,160,2
1116,3,77,2
1116,3,80,2
1116,3,178,2
1116,4,160,3
1116,4,77,2
1116,4,80,2
1116,4,178,3
1116,5,160,2
1116,5,77,2
1116,5,80,3
1116,5,178,2
1117,1,160,3
1117,1,77,2
1117,1,80,2
1117,1,178,3
1117,2,160,1
1117,2,77,2
1117,2,80,1
1117,2,178,1
1117,3,160,2
1117,3,77,2
1117,3,80,2
1117,3,178,2
1117,4,160,2
1117,4,77,2
1117,4,80,2
1117,4,178,2
1117,5,160,2
1117,5,77,2
1117,5,80,3
1117,5,178,2
1118,1,161,2
1118,1,76,2
1118,1,100,2
1118,1,179,2
1118,2,161,1
1118,2,76,2
1118,2,100,1
1118,2,179,1
1118,3,161,2
1118,3,76,2
1118,3,100,2
1118,3,179,2
1118,4,161,3
1118,4,76,2
1118,4,100,2
1118,4,179,3
1118,5,161,2
1118,5,76,2
1118,5,100,3
1118,5,179,2
1119,1,161,3
1119,1,76,2
1119,1,100,2
1119,1,179,3
1119,2,161,1
1119,2,76,2
1119,2,100,1
1119,2,179,1
1119,3,161,2
1119,3,76,2
1119,3,100,2
1119,3,179,2
1119,4,161,2
1119,4,76,2
1119,4,100,2
1119,4,179,2
1119,5,161,2
1119,5,76,2
1119,5,100,3
1119,5,179,2
1120,1,11,1
1120,1,76,2
1120,1,91,2
1120,2,11,3
1120,2,76,2
1120,2,91,2
1120,3,11,1
1120,3,91,3
1120,4,11,3
1120,4,76,2
1120,4,91,1
1120,5,11,2
1120,5,76,4
1120,5,91,2
1121,1,11,2
1121,1,76,2
1121,1,91,2
1121,2,11,3
1121,2,76,2
1121,2,91,2
1121,3,11,1
1121,3,91,3
1121,4,11,2
1121,4,76,2
1121,4,91,1
1121,5,11,2
1121,5,76,4
1121,5,91,2
1122,1,18,4
1122,1,33,3
1122,1,32,-2
1122,2,18,4
1122,2,33,2
1122,2,32,-1
1122,3,18,3
1122,3,33,2
1122,3,32,-1
1122,4,18,2
1122,4,33,3
1122,4,32,-2
1122,5,18,2
1122,5,33,3
1122,5,32,-2
1123,1,18,4
1123,1,33,4
1123,1,32,-2
1123,2,18,4
1123,2,33,1
1123,2,32,-1
1123,3,18,3
1123,3,33,2
1123,3,32,-1
1123,4,18,2
1123,4,33,3
1123,4,32,-2
1123,5,18,2
1123,5,33,3
1123,5,32,-2
1124,1,102,2
1124,1,21,3
1124,1,32,2
1124,2,102,2
1124,2,21,3
1124,3,102,2
1124,3,21,3
1124,3,32,2
1124,4,102,2
1124,4,21,3
1124,4,32,2
1124,5,102,2
1124,5,21,3
1124,5,32,2
1125,1,102,2
1125,1,21,4
1125,1,32,2
1125,2,102,2
1125,2,21,3
1125,3,102,2
1125,3,21,3
1125,3,32,2
1125,4,102,2
1125,4,21,2
1125,4,32,2
1125,5,102,2
1125,5,21,3
1125,5,32,2
1126,1,83,2
1126,1,37,2
1126,2,83,2
1126,2,37,2
1126,3,83,2
1126,3,37,2
1126,4,83,2
1126,4,37,2
1126,5,83,2
1126,5,37,2
1127,1,83,2
1127,1,50,2
1127,2,83,2
1127,2,50,2
1127,3,83,2
1127,3,50,2
1127,4,83,2
1127,4,50,2
1127,5,83,2
1127,5,50,2
1128,1,25,7
1128,2,101,3
1128,3,31,6
1128,3,25,6
1128,4,101,7
1128,4,25,2
1128,5,31,6
1128,5,25,5
1129,1,25,8
1129,2,101,3
1129,3,31,6
1129,3,25,5
1129,4,101,7
1129,4,25,2
1129,5,31,6
1129,5,25,5
1130,1,85,3
1130,1,31,3
1130,1,79,-1
1130,2,85,3
1130,2,31,3
1130,2,79,-1
1130,3,85,3
1130,3,31,3
1130,3,79,-2
1130,4,85,3
1130,4,31,3
1130,4,79,-2
1130,5,85,3
1130,5,31,3
1130,5,79,-2
1131,1,47,3
1131,1,31,3
1131,1,79,-1
1131,2,47,3
1131,2,31,3
1131,2,79,-1
1131,3,47,3
1131,3,31,3
1131,3,79,-2
1131,4,47,3
1131,4,31,3
1131,4,79,-2
1131,5,47,3
1131,5,31,3
1131,5,79,-2
1132,1,7,2
1132,1,28,4
1132,1,3,3
1132,2,7,2
1132,2,28,2
1132,2,3,3
1132,3,7,2
1132,3,28,3
1132,3,3,2
1132,4,7,2
1132,4,28,3
1132,4,3,3
1132,5,7,2
1132,5,28,3
1132,5,3,3
1133,1,7,2
1133,1,28,4
1133,1,3,4
1133,2,7,2
1133,2,28,2
1133,2,3,3
1133,3,7,2
1133,3,28,3
1133,3,3,2
1133,4,7,2
1133,4,28,3
1133,4,3,3
1133,5,7,2
1133,5,28,3
1133,5,3,2
1134,1,86,4
1134,1,101,2
1134,1,79,1
1134,2,86,1
1134,2,101,4
1134,2,79,1
1134,3,86,1
1134,3,101,3
1134,3,79,1
1134,4,86,4
1134,4,101,1
1134,4,79,1
1135,1,60,4
1135,1,101,2
1135,1,79,1
1135,2,60,1
1135,2,101,4
1135,2,79,1
1135,3,60,1
1135,3,101,3
1135,3,79,1
1135,4,60,4
1135,4,101,1
1135,4,79,1
1136,1,117,1
1136,1,127,3
1136,1,124,2
1136,2,117,2
1136,2,127,3
1136,2,124,1
1136,3,117,1
1136,3,127,4
1136,3,124,2
1136,4,117,3
1136,4,127,4
1136,4,124,2
1136,5,117,3
1136,5,124,3
1137,1,117,2
1137,1,127,3
1137,1,124,2
1137,2,117,2
1137,2,127,3
1137,2,124,1
1137,3,117,1
1137,3,127,4
1137,3,124,2
1137,4,117,2
1137,4,127,4
1137,4,124,2
1137,5,117,3
1137,5,124,3
1138,1,35,1
1138,1,70,5
1138,1,72,2
1138,2,35,2
1138,2,70,3
1138,2,72,2
1138,3,35,3
1138,3,72,2
1138,4,35,2
1138,4,70,3
1138,4,72,2
1138,5,35,2
1138,5,70,3
1138,5,72,2
1139,1,48,1
1139,1,70,5
1139,1,72,2
1139,2,48,2
1139,2,70,3
1139,2,72,2
1139,3,48,3
1139,3,72,2
1139,4,48,2
1139,4,70,3
1139,4,72,2
1139,5,48,2
1139,5,70,3
1139,5,72,2
1140,1,79,3
1140,1,77,3
1140,1,78,1
1140,2,79,4
1140,2,78,2
1140,3,79,2
1140,3,77,2
1140,3,78,1
1140,4,79,4
1140,4,77,2
1140,4,78,2
1140,5,77,4
1141,1,79,4
1141,1,77,3
1141,1,78,1
1141,2,79,4
1141,2,78,2
1141,3,79,1
1141,3,77,2
1141,3,78,1
1141,4,79,4
1141,4,77,2
1141,4,78,2
1141,5,77,4
1142,1,94,4
1142,1,16,1
1142,1,109,2
1142,2,94,4
1142,2,16,3
1142,2,109,2
1142,3,94,3
1142,3,16,4
1142,3,109,2
1142,4,94,4
1142,4,16,3
1142,4,109,2
1142,5,16,4
1142,5,109,2
1143,1,94,5
1143,1,16,1
1143,1,109,2
1143,2,94,3
1143,2,16,3
1143,2,109,2
1143,3,94,3
1143,3,16,4
1143,3,109,2
1143,4,94,4
1143,4,16,3
1143,4,109,2
1143,5,16,4
1143,5,109,2
1144,1,93,2
1144,1,72,2
1144,1,79,2
1144,2,93,2
1144,2,72,2
1144,2,79,1
1144,3,93,3
1144,3,72,2
1144,3,79,3
1144,4,93,3
1144,4,72,2
1144,4,79,3
1144,5,93,4
1144,5,72,2
1144,5,79,1
1145,1,93,3
1145,1,72,2
1145,1,79,2
1145,2,93,2
1145,2,72,2
1145,2,79,1
1145,3,93,3
1145,3,72,2
1145,3,79,3
1145,4,93,3
1145,4,72,2
1145,4,79,3
1145,5,93,3
1145,5,72,2
1145,5,79,1
1146,1,123,3
1146,1,100,2
1146,1,125,3
1146,2,123,4
1146,2,100,2
1146,2,125,1
1146,3,123,4
1146,3,100,1
1146,3,125,2
1146,4,123,3
1146,4,100,2
1146,4,125,2
1146,5,123,1
1146,5,100,3
1146,5,125,2
1147,1,123,4
1147,1,100,2
1147,1,125,3
1147,2,123,4
1147,2,100,2
1147,2,125,1
1147,3,123,3
1147,3,100,1
1147,3,125,2
1147,4,123,3
1147,4,100,2
1147,4,125,2
1147,5,123,1
1147,5,100,3
1147,5,125,2
1148,1,92,5
1148,1,35,4
1148,2,92,2
1148,2,35,2
1148,3,92,2
1148,3,35,5
1148,4,92,1
1148,4,35,2
1148,5,92,5
1148,5,35,2
1149,1,92,5
1149,1,65,4
1149,2,92,2
1149,2,65,2
1149,3,92,2
1149,3,65,5
1149,4,92,1
1149,4,65,2
1149,5,92,5
1149,5,65,2
1150,1,12,4
1150,1,98,3
1150,1,71,1
1150,2,12,3
1150,2,71,2
1150,3,12,1
1150,3,98,4
1150,3,71,2
1150,4,12,2
1150,4,98,3
1150,4,71,2
1150,5,98,5
1150,5,71,3
1151,1,12,4
1151,1,98,4
1151,1,71,1
1151,2,12,3
1151,2,71,2
1151,3,12,1
1151,3,98,4
1151,3,71,2
1151,4,12,2
1151,4,98,2
1151,4,71,2
1151,5,98,5
1151,5,71,3
1152,1,96,3
1152,1,85,3
1152,1,124,1
1152,2,96,1
1152,2,85,3
1152,2,124,2
1152,3,96,2
1152,3,85,3
1152,3,124,3
1152,4,96,2
1152,4,85,2
1152,4,124,2
1152,5,96,2
1152,5,85,4
1152,5,124,2
1153,1,96,3
1153,1,46,3
1153,1,124,1
1153,2,96,1
1153,2,46,3
1153,2,124,2
1153,3,96,2
1153,3,46,3
1153,3,124,3
1153,4,96,2
1153,4,46,2
1153,4,124,2
1153,5,96,2
1153,5,46,4
1153,5,124,2
1154,1,96,3
1154,1,85,3
1154,1,124,1
1154,2,96,1
1154,2,85,3
1154,2,124,2
1154,3,96,2
1154,3,85,3
1154,3,124,3
1154,4,96,2
1154,4,85,2
1154,4,124,2
1154,5,96,2
1154,5,85,4
1154,5,124,2
1155,1,96,3
1155,1,46,3
1155,1,124,1
1155,2,96,1
1155,2,46,3
1155,2,124,2
1155,3,96,2
1155,3,46,3
1155,3,124,3
1155,4,96,2
1155,4,46,2
1155,4,124,2
1155,5,96,2
1155,5,46,4
1155,5,124,2
1156,1,85,5
1156,1,107,2
1156,1,82,1
1156,2,85,3
1156,2,107,1
1156,2,72,4
1156,2,82,1
1156,3,85,1
1156,3,107,3
1156,3,72,3
1156,3,82,1
1156,4,85,3
1156,4,107,4
1156,4,82,1
1156,5,85,3
1156,5,72,3
1156,5,82,1
1157,1,45,5
1157,1,107,2
1157,1,82,1
1157,2,45,3
1157,2,107,1
1157,2,72,4
1157,2,82,1
1157,3,45,1
1157,3,107,3
1157,3,72,3
1157,3,82,1
1157,4,45,3
1157,4,107,4
1157,4,82,1
1157,5,45,3
1157,5,72,3
1157,5,82,1
1158,1,5,3
1158,1,126,2
1158,1,89,2
1158,1,109,2
1158,2,5,3
1158,2,126,1
1158,2,89,2
1158,2,109,2
1158,3,5,3
1158,3,126,2
1158,3,89,2
1158,3,109,2
1158,4,5,3
1158,4,126,3
1158,4,89,2
1158,4,109,2
1158,5,5,3
1158,5,126,2
1158,5,89,2
1158,5,109,2
1159,1,5,3
1159,1,126,3
1159,1,89,2
1159,1,109,2
1159,2,5,3
1159,2,126,1
1159,2,89,2
1159,2,109,2
1159,3,5,3
1159,3,126,2
1159,3,89,2
1159,3,109,2
1159,4,5,3
1159,4,126,3
1159,4,89,2
1159,4,109,2
1159,5,5,3
1159,5,126,1
1159,5,89,2
1159,5,109,2
1160,1,70,4
1160,1,82,2
1160,1,5,3
1160,2,70,4
1160,2,82,2
1160,2,5,3
1160,3,70,4
1160,3,82,3
1160,3,5,3
1160,4,70,4
1160,4,82,3
1160,4,5,3
1160,5,70,4
1160,5,82,3
1160,5,5,3
1161,1,70,4
1161,1,82,3
1161,1,5,3
1161,2,70,4
1161,2,82,2
1161,2,5,3
1161,3,70,4
1161,3,82,3
1161,3,5,3
1161,4,70,4
1161,4,82,2
1161,4,5,3
1161,5,70,4
1161,5,82,3
1161,5,5,3
1162,1,99,3
1162,1,101,2
1162,1,109,2
1162,2,99,1
1162,2,101,2
1162,2,109,2
1162,3,99,2
1162,3,101,3
1162,3,109,2
1162,4,99,2
1162,4,101,3
1162,4,109,2
1162,5,99,2
1162,5,109,2
1163,1,99,3
1163,1,101,3
1163,1,109,2
1163,2,99,1
1163,2,101,2
1163,2,109,2
1163,3,99,2
1163,3,101,3
1163,3,109,2
1163,4,99,2
1163,4,101,2
1163,4,109,2
1163,5,99,2
1163,5,109,2
1164,1,136,3
1164,1,198,3
1164,1,42,2
1164,2,136,2
1164,2,198,1
1164,2,42,2
1164,3,136,3
1164,3,198,2
1164,3,42,2
1164,4,136,4
1164,4,198,2
1164,4,42,2
1164,5,136,3
1164,5,198,2
1164,5,42,2
1165,1,136,3
1165,1,198,3
1165,1,42,2
1165,2,136,2
1165,2,198,1
1165,2,42,2
1165,3,136,3
1165,3,198,2
1165,3,42,2
1165,4,136,4
1165,4,198,2
1165,4,42,2
1165,5,136,3
1165,5,198,2
1165,5,42,2
1166,1,135,4
1166,1,198,3
1166,1,119,2
1166,2,135,3
1166,2,198,1
1166,2,119,2
1166,3,135,4
1166,3,198,2
1166,3,119,2
1166,4,135,5
1166,4,198,2
1166,4,119,2
1166,5,135,4
1166,5,198,2
1166,5,119,2
1167,1,135,5
1167,1,198,3
1167,1,119,2
1167,2,135,3
1167,2,198,1
1167,2,119,2
1167,3,135,4
1167,3,198,2
1167,3,119,2
1167,4,135,4
1167,4,198,2
1167,4,119,2
1167,5,135,4
1167,5,198,2
1167,5,119,2
1168,1,82,7
1168,2,93,5
1168,3,93,5
1168,3,82,5
1168,4,93,9
1168,5,93,2
1168,5,82,6
1169,1,82,8
1169,2,93,5
1169,3,93,5
1169,3,82,4
1169,4,93,9
1169,5,93,2
1169,5,82,6
1170,1,134,3
1170,1,131,3
1170,2,134,5
1170,3,134,5
1170,3,131,2
1170,4,134,1
1170,4,131,2
1170,5,134,1
1170,5,131,3
1171,1,134,3
1171,1,131,4
1171,2,134,5
1171,3,134,5
1171,3,131,2
1171,4,134,1
1171,4,131,2
1171,5,134,1
1171,5,131,2
1172,1,20,1
1172,1,124,3
1172,2,20,3
1172,3,20,3
1172,3,124,4
1172,4,124,3
1172,5,20,5
1173,1,20,2
1173,1,124,3
1173,2,20,3
1173,3,20,2
1173,3,124,4
1173,4,124,3
1173,5,20,5
1174,2,114,6
1174,2,9,2
1174,4,114,3
1174,4,9,4
1174,5,114,4
1174,5,9,4
1175,1,130,2
1175,1,113,3
1175,1,137,3
1175,2,130,2
1175,2,137,3
1175,3,130,3
1175,3,137,3
1175,4,113,6
1175,4,137,3
1175,5,113,1
1175,5,137,3
1176,1,130,3
1176,1,113,3
1176,1,137,3
1176,2,130,2
1176,2,137,3
1176,3,130,2
1176,3,137,3
1176,4,113,6
1176,4,137,3
1176,5,113,1
1176,5,137,3
1177,1,87,4
1177,1,39,2
1177,1,137,2
1177,2,87,5
1177,2,89,4
1177,2,137,2
1177,3,87,2
1177,3,39,3
1177,3,137,2
1177,4,87,2
1177,4,39,2
1177,4,137,3
1177,5,89,6
1177,5,39,3
1177,5,137,1
1178,1,87,4
1178,1,68,2
1178,1,137,2
1178,2,87,5
1178,2,89,4
1178,2,137,2
1178,3,87,2
1178,3,68,3
1178,3,137,2
1178,4,87,2
1178,4,68,2
1178,4,137,3
1178,5,89,6
1178,5,68,3
1178,5,137,1
1179,1,31,3
1179,1,26,2
1179,1,74,2
1179,2,4,3
1179,2,26,2
1179,2,74,2
1179,3,4,5
1179,3,26,1
1179,3,74,2
1179,4,4,2
1179,4,31,3
1179,4,26,2
1179,4,74,2
1179,5,31,4
1179,5,26,3
1179,5,74,2
1180,1,31,4
1180,1,26,2
1180,1,74,2
1180,2,4,3
1180,2,26,2
1180,2,74,2
1180,3,4,5
1180,3,26,1
1180,3,74,2
1180,4,4,2
1180,4,31,3
1180,4,26,2
1180,4,74,2
1180,5,31,3
1180,5,26,3
1180,5,74,2
1181,1,34,3
1181,1,6,4
1181,1,70,3
1181,2,34,2
1181,2,6,2
1181,2,70,2
1181,3,34,4
1181,3,6,5
1181,3,70,1
1181,4,6,3
1181,4,70,2
1181,5,34,1
1181,5,70,4
1182,1,45,3
1182,1,6,4
1182,1,70,3
1182,2,45,2
1182,2,6,2
1182,2,70,2
1182,3,45,4
1182,3,6,5
1182,3,70,2
1182,4,6,3
1182,4,70,2
1182,5,45,1
1182,5,70,3
1183,1,30,6
1183,2,6,5
1183,2,30,4
1183,2,135,-2
1183,3,30,7
1183,4,6,2
1183,4,30,1
1183,4,135,-1
1183,5,6,7
1183,5,135,-3
1184,1,30,7
1184,2,6,5
1184,2,30,4
1184,2,135,-2
1184,3,30,6
1184,4,6,2
1184,4,30,1
1184,4,135,-1
1184,5,6,7
1184,5,135,-3
1185,1,108,6
1185,2,40,4
1185,3,108,4
1185,3,40,3
1185,4,40,7
1185,5,108,6
1186,1,108,6
1186,1,49,1
1186,2,49,4
1186,3,108,3
1186,3,49,2
1186,4,49,7
1186,5,108,6
1187,1,18,3
1187,1,13,2
1187,2,85,3
1187,2,13,3
1187,3,85,2
1187,3,18,5
1187,3,13,1
1187,4,85,5
1187,4,18,4
1187,4,13,3
1187,5,85,4
1187,5,13,1
1188,1,18,4
1188,1,13,2
1188,2,46,3
1188,2,13,3
1188,3,46,2
1188,3,18,5
1188,3,13,1
1188,4,46,5
1188,4,18,3
1188,4,13,3
1188,5,46,4
1188,5,13,1
1189,1,5,5
1189,1,23,2
1189,2,5,1
1189,2,23,4
1189,2,32,1
1189,3,5,2
1189,3,23,3
1189,3,32,1
1189,4,5,5
1189,4,23,1
1189,4,32,2
1189,5,5,1
1189,5,23,5
1189,5,32,2
1190,1,5,6
1190,1,23,2
1190,2,5,1
1190,2,23,4
1190,2,32,1
1190,3,5,2
1190,3,23,3
1190,3,32,1
1190,4,5,5
1190,4,23,1
1190,4,32,2
1190,5,5,1
1190,5,23,5
1190,5,32,2
1191,1,5,7
1191,1,42,2
1191,2,40,3
1191,3,5,1
1191,3,40,2
1191,3,42,4
1191,4,40,5
1191,4,42,2
1191,5,5,4
1191,5,42,2
1192,1,5,8
1192,1,42,2
1192,2,51,3
1192,3,5,1
1192,3,51,2
1192,3,42,4
1192,4,51,5
1192,4,42,2
1192,5,5,3
1192,5,42,2
1193,1,27,6
1193,1,80,2
1193,2,77,3
1193,2,27,3
1193,2,80,1
1193,3,77,2
1193,3,80,5
1193,4,27,6
1193,5,77,5
1193,5,80,2
1194,1,27,7
1194,1,80,2
1194,2,77,3
1194,2,27,3
1194,2,80,1
1194,3,77,2
1194,3,80,5
1194,4,27,5
1194,5,77,5
1194,5,80,2
1195,1,27,6
1195,1,80,2
1195,2,77,3
1195,2,27,3
1195,2,80,1
1195,3,77,2
1195,3,80,5
1195,4,27,6
1195,5,77,5
1195,5,80,2
1196,1,27,7
1196,1,80,2
1196,2,77,3
1196,2,27,3
1196,2,80,1
1196,3,77,2
1196,3,80,5
1196,4,27,5
1196,5,77,5
1196,5,80,2
1197,1,18,5
1197,1,79,2
1197,1,32,1
1197,2,79,2
1197,2,32,1
1197,3,18,6
1197,3,32,2
1197,4,79,3
1197,4,32,2
1197,5,18,4
1197,5,79,4
1197,5,32,2
1198,1,18,5
1198,1,79,3
1198,1,32,1
1198,2,79,2
1198,2,32,1
1198,3,18,6
1198,3,32,2
1198,4,79,3
1198,4,32,2
1198,5,18,4
1198,5,79,3
1198,5,32,2
1199,1,18,5
1199,1,79,2
1199,1,32,1
1199,2,79,2
1199,2,32,1
1199,3,18,6
1199,3,32,2
1199,4,79,3
1199,4,32,2
1199,5,18,4
1199,5,79,4
1199,5,32,2
1200,1,18,5
1200,1,79,3
1200,1,32,1
1200,2,79,2
1200,2,32,1
1200,3,18,6
1200,3,32,2
1200,4,79,3
1200,4,32,2
1200,5,18,4
1200,5,79,3
1200,5,32,2
1201,1,70,5
1201,1,75,2
1201,1,43,1
1201,2,70,2
1201,2,75,1
1201,2,43,1
1201,3,70,1
1201,3,75,3
1201,3,43,4
1201,4,70,5
1201,4,75,1
1201,4,43,2
1201,5,70,2
1201,5,75,3
1201,5,43,2
1202,1,70,6
1202,1,75,2
1202,1,69,1
1202,2,70,2
1202,2,75,1
1202,2,69,1
1202,3,70,1
1202,3,75,3
1202,3,69,4
1202,4,70,4
1202,4,75,1
1202,4,69,2
1202,5,70,2
1202,5,75,3
1202,5,69,2
1203,1,70,5
1203,1,75,2
1203,1,43,1
1203,2,70,2
1203,2,75,1
1203,2,43,1
1203,3,70,1
1203,3,75,3
1203,3,43,4
1203,4,70,5
1203,4,75,1
1203,4,43,2
1203,5,70,2
1203,5,75,3
1203,5,43,2
1204,1,70,6
1204,1,75,2
1204,1,69,1
1204,2,70,2
1204,2,75,1
1204,2,69,1
1204,3,70,1
1204,3,75,3
1204,3,69,4
1204,4,70,4
1204,4,75,1
1204,4,69,2
1204,5,70,2
1204,5,75,3
1204,5,69,2
1205,1,28,2
1205,1,36,3
1205,2,28,2
1205,2,36,2
1205,2,18,1
1205,3,28,5
1205,3,36,1
1205,3,18,2
1205,4,36,4
1205,4,18,3
1205,5,28,6
1206,1,28,2
1206,1,69,4
1206,2,28,2
1206,2,69,1
1206,2,18,1
1206,3,28,5
1206,3,69,1
1206,3,18,2
1206,4,69,4
1206,4,18,3
1206,5,28,6
1207,1,85,4
1207,1,90,4
1207,1,103,-2
1207,2,85,3
1207,2,90,3
1207,2,103,-2
1207,3,85,2
1207,3,90,4
1207,3,103,-2
1207,4,85,3
1207,4,90,1
1207,4,103,-2
1207,5,85,3
1207,5,90,2
1207,5,103,-2
1208,1,85,4
1208,1,46,4
1208,1,103,-2
1208,2,85,3
1208,2,46,3
1208,2,103,-2
1208,3,85,2
1208,3,46,4
1208,3,103,-2
1208,4,85,3
1208,4,46,1
1208,4,103,-2
1208,5,85,3
1208,5,46,2
1208,5,103,-2
1209,1,120,3
1209,1,91,2
1209,1,112,2
1209,1,127,4
1209,2,120,3
1209,2,91,2
1209,2,112,2
1209,2,127,1
1209,3,120,3
1209,3,91,3
1209,3,112,3
1209,3,127,5
1209,4,120,3
1209,5,120,3
1209,5,91,3
1209,5,112,3
1209,5,127,5
1210,1,117,3
1210,1,91,2
1210,1,111,2
1210,1,126,4
1210,2,117,3
1210,2,91,2
1210,2,111,2
1210,2,126,1
1210,3,117,2
1210,3,91,3
1210,3,111,4
1210,3,126,5
1210,4,111,3
1210,5,117,2
1210,5,91,3
1210,5,111,4
1210,5,126,5
1211,1,15,7
1211,1,82,-3
1211,2,74,4
1211,2,18,-2
1211,3,15,2
1211,3,74,4
1211,3,18,-1
1211,4,74,6
1211,4,18,-3
1211,5,15,7
1211,5,82,-3
1212,1,15,8
1212,1,82,-3
1212,2,74,4
1212,2,18,-2
1212,3,15,1
1212,3,74,4
1212,3,18,-1
1212,4,74,6
1212,4,18,-3
1212,5,15,7
1212,5,82,-3
1213,1,128,4
1213,1,119,2
1213,1,33,2
1213,2,128,3
1213,2,119,3
1213,3,119,5
1213,3,33,3
1213,4,128,5
1213,4,129,3
1213,4,33,1
1213,5,128,3
1213,5,129,3
1214,1,128,5
1214,1,119,2
1214,1,33,2
1214,2,128,3
1214,2,119,3
1214,3,119,5
1214,3,33,3
1214,4,128,4
1214,4,129,3
1214,4,33,1
1214,5,128,3
1214,5,129,3
1215,1,128,4
1215,1,129,2
1215,1,119,1
1215,2,119,2
1215,2,129,3
1215,3,119,3
1215,3,129,5
1215,4,128,4
1215,4,119,3
1215,5,128,5
1215,5,119,1
1216,1,128,5
1216,1,129,2
1216,1,119,1
1216,2,119,2
1216,2,129,3
1216,3,119,3
1216,3,129,5
1216,4,128,3
1216,4,119,3
1216,5,128,5
1216,5,119,1
1217,1,131,2
1217,1,127,3
1217,2,131,3
1217,2,127,3
1217,3,131,4
1217,3,127,4
1217,4,131,2
1217,4,127,2
1217,5,131,4
1217,5,127,3
1218,1,131,3
1218,1,127,3
1218,2,131,3
1218,2,127,3
1218,3,131,4
1218,3,127,4
1218,4,131,1
1218,4,127,2
1218,5,131,4
1218,5,127,3
1219,1,131,3
1219,1,134,8
1219,2,131,3
1219,2,10,5
1219,3,131,7
1219,3,134,3
1219,4,134,3
1219,4,10,2
1219,5,131,4
1219,5,10,5
1220,1,131,4
1220,1,134,8
1220,2,131,3
1220,2,10,5
1220,3,131,7
1220,3,134,3
1220,4,134,3
1220,4,10,2
1220,5,131,3
1220,5,10,5
1221,1,27,3
1221,1,94,4
1221,2,106,3
1221,2,94,2
1221,3,106,5
1221,3,94,1
1221,3,27,5
1221,4,106,2
1221,4,27,3
1221,4,94,2
1221,5,27,7
1221,5,94,3
1222,1,27,3
1222,1,94,5
1222,2,106,3
1222,2,94,2
1222,3,106,5
1222,3,94,1
1222,3,27,5
1222,4,106,2
1222,4,27,3
1222,4,94,2
1222,5,27,7
1222,5,94,2
1223,1,180,3
1223,2,180,2
1223,3,180,2
1223,5,180,3
1224,1,180,3
1224,2,180,2
1224,3,180,2
1224,5,180,3
1225,1,33,5
1225,2,33,3
1226,1,33,6
1226,2,33,2
1227,1,110,2
1227,1,109,2
1227,1,129,2
1227,1,119,3
1227,2,110,1
1227,2,129,1
1227,2,109,2
1227,2,119,2
1227,3,110,3
1227,3,129,3
1227,3,109,2
1227,3,119,1
1227,4,110,1
1227,4,129,1
1227,4,109,2
1227,4,119,3
1227,5,110,3
1227,5,129,3
1227,5,109,2
1227,5,119,1
1228,1,110,3
1228,1,109,2
1228,1,129,2
1228,1,119,3
1228,2,110,1
1228,2,129,1
1228,2,109,2
1228,2,119,2
1228,3,110,3
1228,3,129,3
1228,3,109,2
1228,3,119,1
1228,4,110,1
1228,4,129,1
1228,4,109,2
1228,4,119,3
1228,5,110,2
1228,5,129,3
1228,5,109,2
1228,5,119,1
1229,1,43,2
1229,1,20,4
1229,1,93,2
1229,2,43,1
1229,2,20,3
1229,2,93,2
1229,3,43,4
1229,3,93,2
1229,4,20,5
1229,4,93,2
1229,5,43,3
1229,5,20,3
1229,5,93,2
1230,1,66,2
1230,1,20,5
1230,1,93,2
1230,2,66,1
1230,2,20,3
1230,2,93,2
1230,3,66,4
1230,3,93,2
1230,4,20,4
1230,4,93,2
1230,5,66,3
1230,5,20,3
1230,5,93,2
1231,1,33,2
1231,1,72,2
1231,1,70,2
1231,2,33,2
1231,2,72,1
1231,2,70,1
1231,3,33,3
1231,3,72,3
1231,3,70,3
1231,4,33,4
1231,4,72,1
1231,4,70,2
1231,5,33,4
1231,5,72,3
1231,5,70,2
1232,1,33,2
1232,1,65,2
1232,1,70,2
1232,2,33,2
1232,2,65,1
1232,2,70,1
1232,3,33,3
1232,3,65,3
1232,3,70,3
1232,4,33,4
1232,4,65,1
1232,4,70,2
1232,5,33,4
1232,5,65,3
1232,5,70,2
1233,5,27,10
1233,5,32,-2
1234,5,27,10
1234,5,32,-2
1235,5,33,9
1236,5,33,9
1237,5,31,10
1238,5,31,10
1239,5,32,9
1240,5,32,9
1241,1,135,3
1241,1,121,-2
1241,2,135,2
1241,2,121,-2
1241,3,135,3
1241,3,121,-2
1241,5,135,3
1241,5,121,-2
1242,1,135,4
1242,1,121,-2
1242,2,135,1
1242,2,121,-2
1242,3,135,3
1242,3,121,-2
1242,5,135,3
1242,5,121,-2
1243,1,5,10
1243,1,115,-5
1244,1,12,10
1245,3,115,10
1246,1,129,10
1247,3,88,6
1247,5,88,6
1248,3,88,6
1248,5,88,6
1249,3,70,6
1249,5,70,6
1250,3,70,6
1250,5,70,6
1251,1,130,8
1251,2,14,7
1251,2,81,4
1251,3,14,5
1251,3,130,6
1251,4,29,8
1251,4,81,3
1251,5,29,8
1251,5,81,3
1252,1,130,9
1252,2,14,7
1252,2,81,4
1252,3,14,5
1252,3,130,5
1252,4,29,8
1252,4,81,3
1252,5,29,8
1252,5,81,3
1253,1,189,2
1253,1,36,1
1253,1,35,1
1253,2,189,1
1253,2,36,2
1253,2,35,3
1253,3,189,2
1253,3,36,2
1253,4,189,3
1253,4,36,3
1253,4,35,3
1253,5,189,2
1253,5,36,2
1253,5,35,3
1254,1,189,3
1254,1,49,1
1254,1,48,1
1254,2,189,1
1254,2,49,2
1254,2,48,3
1254,3,189,2
1254,3,49,2
1254,4,189,2
1254,4,49,3
1254,4,48,3
1254,5,189,2
1254,5,49,2
1254,5,48,3
1255,1,103,3
1255,1,78,1
1255,1,81,3
1255,2,103,2
1255,2,78,1
1255,2,81,2
1255,3,103,2
1255,3,78,2
1255,3,81,2
1255,5,103,3
1255,5,78,2
1255,5,81,3
1256,1,103,3
1256,1,78,2
1256,1,81,3
1256,2,103,2
1256,2,78,1
1256,2,81,2
1256,3,103,2
1256,3,78,2
1256,3,81,2
1256,5,103,3
1256,5,78,1
1256,5,81,3
1257,1,190,2
1257,1,76,3
1257,1,77,1
1257,1,135,-3
1257,2,190,2
1257,2,76,2
1257,2,77,1
1257,2,135,-2
1257,3,190,3
1257,3,76,2
1257,3,77,3
1257,3,135,-2
1257,5,190,3
1257,5,76,3
1257,5,77,1
1257,5,135,-3
1258,1,190,3
1258,1,76,3
1258,1,77,1
1258,1,135,-3
1258,2,190,2
1258,2,76,2
1258,2,77,1
1258,2,135,-2
1258,3,190,3
1258,3,76,2
1258,3,77,3
1258,3,135,-2
1258,5,190,2
1258,5,76,3
1258,5,77,1
1258,5,135,-3
1259,1,77,1
1259,1,36,2
1259,1,79,-2
1259,2,77,1
1259,2,36,2
1259,2,79,-2
1259,3,77,3
1259,3,36,2
1259,3,79,-2
1259,4,77,3
1259,4,36,2
1259,4,79,-2
1259,5,77,2
1259,5,36,2
1259,5,79,-2
1260,1,77,2
1260,1,46,2
1260,1,79,-2
1260,2,77,1
1260,2,46,2
1260,2,79,-2
1260,3,77,3
1260,3,46,2
1260,3,79,-2
1260,4,77,3
1260,4,46,2
1260,4,79,-2
1260,5,77,1
1260,5,46,2
1260,5,79,-2
1261,1,77,1
1261,1,36,2
1261,1,79,-2
1261,2,77,1
1261,2,36,2
1261,2,79,-2
1261,3,77,3
1261,3,36,2
1261,3,79,-2
1261,4,77,3
1261,4,36,2
1261,4,79,-2
1261,5,77,2
1261,5,36,2
1261,5,79,-2
1262,1,77,2
1262,1,46,2
1262,1,79,-2
1262,2,77,1
1262,2,46,2
1262,2,79,-2
1262,3,77,3
1262,3,46,2
1262,3,79,-2
1262,4,77,3
1262,4,46,2
1262,4,79,-2
1262,5,77,1
1262,5,46,2
1262,5,79,-2
1263,1,77,1
1263,1,36,2
1263,1,83,2
1263,2,77,1
1263,2,36,2
1263,2,83,2
1263,3,77,3
1263,3,36,2
1263,3,83,2
1263,4,77,3
1263,4,36,2
1263,4,83,2
1263,5,77,2
1263,5,36,2
1263,5,83,2
1264,1,77,2
1264,1,46,2
1264,1,83,2
1264,2,77,1
1264,2,46,2
1264,2,83,2
1264,3,77,3
1264,3,46,2
1264,3,83,2
1264,4,77,3
1264,4,46,2
1264,4,83,2
1264,5,77,1
1264,5,46,2
1264,5,83,2
1265,1,77,1
1265,1,36,2
1265,1,83,2
1265,2,77,1
1265,2,36,2
1265,2,83,2
1265,3,77,3
1265,3,36,2
1265,3,83,2
1265,4,77,3
1265,4,36,2
1265,4,83,2
1265,5,77,2
1265,5,36,2
1265,5,83,2
1266,1,77,2
1266,1,46,2
1266,1,83,2
1266,2,77,1
1266,2,46,2
1266,2,83,2
1266,3,77,3
1266,3,46,2
1266,3,83,2
1266,4,77,3
1266,4,46,2
1266,4,83,2
1266,5,77,1
1266,5,46,2
1266,5,83,2
1267,1,77,1
1267,1,36,2
1267,1,83,2
1267,1,82,2
1267,2,77,1
1267,2,36,2
1267,2,83,2
1267,2,82,2
1267,3,77,3
1267,3,36,2
1267,3,83,2
1267,3,82,2
1267,4,77,3
1267,4,36,2
1267,4,83,2
1267,4,82,2
1267,5,77,2
1267,5,36,2
1267,5,83,2
1267,5,82,2
1268,1,77,2
1268,1,46,2
1268,1,83,2
1268,1,82,2
1268,2,77,1
1268,2,46,2
1268,2,83,2
1268,2,82,2
1268,3,77,3
1268,3,46,2
1268,3,83,2
1268,3,82,2
1268,4,77,3
1268,4,46,2
1268,4,83,2
1268,4,82,2
1268,5,77,1
1268,5,46,2
1268,5,83,2
1268,5,82,2
1269,1,77,1
1269,1,36,2
1269,1,83,2
1269,1,82,2
1269,2,77,1
1269,2,36,2
1269,2,83,2
1269,2,82,2
1269,3,77,3
1269,3,36,2
1269,3,83,2
1269,3,82,2
1269,4,77,3
1269,4,36,2
1269,4,83,2
1269,4,82,2
1269,5,77,2
1269,5,36,2
1269,5,83,2
1269,5,82,2
1270,1,77,2
1270,1,46,2
1270,1,83,2
1270,1,82,2
1270,2,77,1
1270,2,46,2
1270,2,83,2
1270,2,82,2
1270,3,77,3
1270,3,46,2
1270,3,83,2
1270,3,82,2
1270,4,77,3
1270,4,46,2
1270,4,83,2
1270,4,82,2
1270,5,77,1
1270,5,46,2
1270,5,83,2
1270,5,82,2
1271,1,75,1
1271,1,93,2
1271,1,108,2
1271,1,103,-2
1271,2,75,2
1271,2,93,2
1271,2,108,1
1271,2,103,-2
1271,3,75,3
1271,3,93,2
1271,3,108,3
1271,3,103,-2
1271,4,75,2
1271,4,93,2
1271,4,108,2
1271,4,103,-2
1271,5,75,2
1271,5,93,2
1271,5,108,2
1271,5,103,-2
1272,1,75,2
1272,1,93,2
1272,1,108,2
1272,1,103,-2
1272,2,75,2
1272,2,93,2
1272,2,108,1
1272,2,103,-2
1272,3,75,3
1272,3,93,2
1272,3,108,3
1272,3,103,-2
1272,4,75,2
1272,4,93,2
1272,4,108,2
1272,4,103,-2
1272,5,75,1
1272,5,93,2
1272,5,108,2
1272,5,103,-2
1273,1,26,3
1273,1,12,3
1273,1,121,-3
1273,2,26,2
1273,2,12,2
1273,2,121,-2
1273,3,26,2
1273,3,12,2
1273,3,121,-2
1273,5,26,3
1273,5,12,3
1273,5,121,-3
1274,1,26,3
1274,1,12,3
1274,1,121,-3
1274,2,26,2
1274,2,12,2
1274,2,121,-2
1274,3,26,2
1274,3,12,2
1274,3,121,-2
1274,5,26,3
1274,5,12,3
1274,5,121,-3
1275,1,82,3
1275,1,80,3
1275,1,19,-3
1275,2,82,2
1275,2,80,2
1275,2,19,-2
1275,3,82,2
1275,3,80,2
1275,3,19,-2
1275,5,82,3
1275,5,80,3
1275,5,19,-3
1276,1,82,3
1276,1,80,3
1276,1,19,-3
1276,2,82,2
1276,2,80,2
1276,2,19,-2
1276,3,82,2
1276,3,80,2
1276,3,19,-2
1276,5,82,3
1276,5,80,3
1276,5,19,-3
1277,1,75,3
1277,1,71,2
1277,1,15,1
1277,2,75,1
1277,2,71,1
1277,2,15,3
1277,3,75,1
1277,3,71,3
1277,3,15,2
1277,4,75,3
1277,4,71,1
1277,4,15,2
1277,5,75,2
1277,5,71,3
1277,5,15,2
1278,1,75,3
1278,1,71,2
1278,1,15,2
1278,2,75,1
1278,2,71,1
1278,2,15,2
1278,3,75,1
1278,3,71,3
1278,3,15,2
1278,4,75,3
1278,4,71,1
1278,4,15,2
1278,5,75,2
1278,5,71,3
1278,5,15,2
1279,1,181,3
1279,1,182,2
1279,1,183,2
1279,1,131,2
1279,2,181,1
1279,2,182,1
1279,2,183,1
1279,2,131,3
1279,3,181,2
1279,3,182,3
1279,3,183,2
1279,3,131,1
1279,4,181,2
1279,4,182,2
1279,4,183,3
1279,4,131,2
1279,5,181,2
1279,5,182,2
1279,5,183,2
1279,5,131,2
1280,1,196,3
1280,1,182,2
1280,1,183,2
1280,1,131,2
1280,2,196,1
1280,2,182,1
1280,2,183,1
1280,2,131,3
1280,3,196,2
1280,3,182,3
1280,3,183,2
1280,3,131,1
1280,4,196,2
1280,4,182,2
1280,4,183,3
1280,4,131,2
1280,5,196,2
1280,5,182,2
1280,5,183,2
1280,5,131,2
1281,1,107,1
1281,1,80,3
1281,1,83,2
1281,2,107,3
1281,2,80,1
1281,2,83,1
1281,3,107,2
1281,3,80,3
1281,3,83,1
1281,4,107,1
1281,4,80,2
1281,4,83,4
1281,5,107,3
1281,5,80,1
1281,5,83,2
1282,1,107,2
1282,1,80,3
1282,1,83,2
1282,2,107,3
1282,2,80,1
1282,2,83,1
1282,3,107,1
1282,3,80,3
1282,3,83,1
1282,4,107,1
1282,4,80,2
1282,4,83,4
1282,5,107,3
1282,5,80,1
1282,5,83,2
1283,2,97,3
1283,2,113,5
1284,2,97,3
1284,2,113,5
1285,2,76,3
1285,2,113,5
1286,2,76,3
1286,2,113,5
