rem,item,count,chance
100300,757,1,20
100300,760,1,30
100300,756,1,5
100300,424,1,25
100300,423,3,20
110010,1172,1,24
110010,1175,1,10
110010,460,1,15
110010,432,5,9
110010,1178,1,19
110010,409,1,15
110010,1180,1,7
110010,1183,1,1
110014,1188,1,24
110014,1191,1,10
110014,460,1,15
110014,432,5,9
110014,1178,1,19
110014,409,1,15
110014,1180,1,7
110014,1183,1,1
110020,1205,1,8
110020,1202,1,28
110020,1208,1,23
110020,1234,1,8
110020,1213,1,1
110020,413,1,14
110020,460,1,8
110020,432,5,10
110030,1109,1,16
110030,1112,1,8
110030,433,5,10
110030,432,5,10
110030,409,1,16
110030,472,1,20
110030,463,1,20
110080,685,1,10
110080,682,1,24
110080,450,2,8
110080,408,2,5
110080,408,1,13
110080,693,1,14
110080,691,1,8
110080,460,1,18
110090,697,1,15
110090,700,1,30
110090,471,1,12
110090,432,3,5
110090,433,2,5
110090,408,1,10
110090,324,1,3
110090,451,1,20
110110,1527,1,30
110110,1530,1,45
110110,324,1,20
110110,28,1,5
110140,596,1,16
110140,599,1,23
110140,594,2,10
110140,591,2,10
110140,450,1,20
110140,450,2,7
110140,407,2,14
110150,609,1,16
110150,612,1,20
110150,607,2,10
110150,604,2,10
110150,603,3,15
110150,454,1,15
110150,407,3,14
110160,622,1,16
110160,625,1,20
110160,620,2,10
110160,617,2,10
110160,616,3,15
110160,451,1,15
110160,408,1,14
110170,804,1,30
110170,810,1,22
110170,807,1,12
110170,408,1,16
110170,432,3,10
110170,433,3,10
110180,727,1,20
110180,730,1,25
110180,737,1,8
110180,739,1,8
110180,741,1,20
110180,450,4,5
110180,460,2,14
110190,977,1,25
110190,980,1,12
110190,409,1,18
110190,408,2,8
110190,969,1,25
110190,371,2,12
110194,985,1,25
110194,988,1,12
110194,409,1,18
110194,408,2,8
110194,969,1,25
110194,371,2,12
110200,992,1,12
110200,995,1,23
110200,998,1,20
110200,409,1,25
110200,969,1,20
110220,777,1,22
110220,783,1,25
110220,785,1,16
110220,424,2,22
110220,423,3,15
110240,1536,1,6
110240,1539,1,32
110240,1549,2,5
110240,1549,1,18
110240,1542,1,20
110240,418,1,15
110240,442,1,4
110250,1554,1,25
110250,1563,1,16
110250,1560,2,6
110250,1560,1,18
110250,418,1,25
110250,442,1,10
110270,1568,1,20
110270,1577,1,25
110270,1571,1,22
110270,1583,1,10
110270,1580,1,13
110270,418,1,10
110300,757,1,20
110300,760,1,30
110300,756,1,5
110300,424,1,25
110300,423,3,20
110320,1378,1,10
110320,1375,1,30
110320,1383,1,18
110320,1383,2,4
110320,1386,1,14
110320,1386,2,8
110320,1389,1,5
110320,413,1,11
110370,1120,1,12
110370,1117,1,22
110370,1130,1,18
110370,1127,1,10
110370,1125,2,9
110370,1123,1,10
110370,1133,1,8
110370,409,1,11
110450,1050,1,12
110450,1047,1,26
110450,1055,1,15
110450,1057,1,6
110450,328,2,15
110450,413,1,16
110450,326,1,10
110460,871,1,13
110460,874,1,25
110460,877,1,10
110460,885,1,22
110460,880,1,9
110460,888,1,1
110460,413,1,12
110460,801,1,8
110470,842,1,10
110470,845,1,20
110470,839,1,30
110470,848,1,12
110470,468,1,16
110470,471,1,12
110560,855,1,15
110560,858,1,20
110560,861,1,17
110560,864,1,8
110560,866,1,20
110560,409,1,20
110570,1238,1,10
110570,1252,1,18
110570,1241,1,26
110570,1247,1,16
110570,394,4,10
110570,413,1,10
110570,432,5,10
110600,642,1,10
110600,639,1,38
110600,645,1,18
110600,424,1,12
110600,423,3,12
110600,271,3,10
110604,651,1,10
110604,648,1,38
110604,645,1,18
110604,424,1,12
110604,423,3,12
110604,271,3,10
110610,657,1,14
110610,662,1,24
110610,660,1,12
110610,665,1,22
110610,424,2,10
110610,423,6,10
110610,322,2,8
110614,668,1,14
110614,671,1,24
110614,660,1,12
110614,665,1,22
110614,424,2,10
110614,423,6,10
110614,322,2,8
110620,674,1,14
110620,677,1,18
110620,680,1,20
110620,454,1,12
110620,424,2,12
110620,423,4,10
110620,537,1,14
110630,1070,1,18
110630,1073,1,20
110630,1076,1,8
110630,1083,1,8
110630,1089,1,6
110630,1080,1,20
110630,1080,2,6
110630,413,1,14
110660,914,1,12
110660,911,1,26
110660,917,1,20
110660,920,1,10
110660,923,1,7
110660,925,1,15
110660,424,1,10
110680,957,1,10
110680,953,1,26
110680,964,1,10
110680,964,2,5
110680,962,1,16
110680,960,1,7
110680,965,1,4
110680,409,1,14
110680,454,2,8
110710,1442,1,14
110710,1439,1,30
110710,1449,1,25
110710,1445,1,10
110710,1452,1,10
110710,1462,1,10
110710,1454,1,1
110720,1469,1,18
110720,1466,1,20
110720,1475,1,15
110720,1472,1,10
110720,1483,1,6
110720,1478,1,10
110720,1480,1,1
110720,1486,1,12
110720,1486,2,8
110770,1403,1,28
110770,1406,1,25
110770,1417,1,10
110770,1417,2,8
110770,1409,2,10
110770,1414,1,9
110770,413,1,10
110790,707,1,18
110790,710,1,25
110790,718,1,10
110790,713,1,20
110790,457,1,15
110790,408,1,12
110800,1345,1,14
110800,1348,1,28
110800,1351,2,12
110800,1354,1,13
110800,1359,2,10
110800,1360,1,15
110800,1363,1,1
110800,413,1,7
110810,1269,1,18
110810,1272,1,22
110810,1275,1,12
110810,1278,2,10
110810,1281,1,15
110810,1286,2,12
110810,1289,1,1
110810,413,1,10
110820,1320,1,18
110820,1323,1,12
110820,1329,1,20
110820,1326,2,6
110820,1334,1,28
110820,1337,1,1
110820,413,1,15
110830,1297,1,28
110830,1300,1,23
110830,1308,2,10
110830,1303,1,14
110830,1309,1,17
110830,1312,1,2
110830,424,4,6
110840,1668,1,12
110840,1671,1,20
110840,1674,2,20
110840,1676,2,22
110840,1687,1,26
110850,576,1,20
110850,579,1,28
110850,584,1,12
110850,572,2,10
110850,575,2,10
110850,407,2,20
120010,1173,1,15
120010,1176,1,25
120010,461,1,16
120010,432,10,6
120010,1178,2,10
120010,414,1,15
120010,1180,2,5
120010,1181,1,7
120010,1184,1,1
120012,1194,1,25
120012,1196,1,18
120012,1235,1,8
120012,1198,1,9
120012,1236,1,7
120012,461,1,18
120012,415,1,12
120012,1184,1,3
120014,1188,1,15
120014,1191,1,25
120014,461,1,16
120014,432,10,6
120014,1178,2,10
120014,414,1,15
120014,1180,2,5
120014,1181,1,7
120014,1184,1,1
120020,1206,1,10
120020,1203,1,30
120020,1209,1,25
120020,1235,1,6
120020,1214,1,1
120020,415,1,13
120020,461,1,8
120020,432,5,7
120022,1226,1,10
120022,1224,1,30
120022,1235,1,8
120022,1228,1,13
120022,1236,1,7
120022,461,1,17
120022,415,1,12
120022,1214,1,3
120024,1221,1,10
120024,1218,1,30
120024,1209,1,25
120024,1235,1,6
120024,1214,1,1
120024,415,1,13
120024,461,1,8
120024,432,5,7
120030,1110,1,20
120030,1112,1,10
120030,1113,1,8
120030,414,1,16
120030,472,1,20
120030,464,1,20
120030,440,1,6
120080,686,1,12
120080,683,1,25
120080,682,2,6
120080,450,3,8
120080,414,1,13
120080,693,2,10
120080,692,1,8
120080,461,1,18
120090,698,1,14
120090,702,1,30
120090,700,2,8
120090,703,1,7
120090,471,2,8
120090,414,1,10
120090,332,1,3
120090,452,1,20
120100,813,1,12
120100,815,1,18
120100,817,1,17
120100,821,1,6
120100,819,1,18
120100,802,1,6
120100,801,2,8
120100,440,1,5
120100,414,1,10
120110,1528,1,30
120110,1527,2,10
120110,1530,1,20
120110,1532,1,20
120110,332,1,15
120110,28,1,5
120140,597,1,16
120140,600,1,23
120140,595,2,8
120140,592,2,8
120140,450,2,15
120140,450,4,7
120140,420,2,10
120140,438,1,5
120140,602,1,8
120150,610,1,16
120150,613,1,23
120150,608,2,8
120150,605,2,8
120150,455,1,15
120150,455,2,7
120150,420,3,10
120150,438,1,5
120150,615,1,8
120160,623,1,16
120160,626,1,23
120160,618,2,8
120160,621,2,8
120160,452,1,15
120160,452,2,5
120160,420,4,10
120160,438,1,5
120160,628,1,10
120170,805,1,30
120170,811,1,22
120170,808,1,12
120170,414,1,16
120170,432,6,10
120170,433,6,10
120180,728,1,20
120180,731,1,25
120180,737,1,8
120180,739,1,8
120180,741,1,15
120180,450,4,5
120180,461,2,14
120180,440,1,5
120184,745,1,20
120184,748,1,25
120184,737,1,8
120184,739,1,8
120184,741,1,15
120184,450,4,5
120184,461,2,14
120184,440,1,5
120190,978,1,25
120190,981,1,15
120190,973,1,8
120190,414,1,8
120190,413,2,16
120190,969,2,20
120190,371,3,8
120194,985,1,25
120194,988,1,15
120194,973,1,8
120194,414,1,8
120194,413,2,16
120194,969,2,20
120194,371,3,8
120200,993,1,12
120200,992,2,8
120200,996,1,20
120200,999,1,18
120200,998,2,8
120200,414,1,14
120200,969,1,20
120220,778,1,22
120220,783,1,20
120220,785,1,14
120220,781,1,8
120220,425,1,20
120220,424,2,16
120230,1491,1,24
120230,1493,1,27
120230,1489,2,8
120230,1495,1,18
120230,1496,1,16
120230,425,5,7
120235,1498,1,14
120235,1491,1,15
120235,1489,1,12
120235,1493,1,20
120235,1502,1,8
120235,1496,1,18
120235,1500,1,8
120235,425,5,5
120240,1537,1,6
120240,1540,1,32
120240,1550,2,6
120240,1550,1,18
120240,1542,1,14
120240,1552,1,2
120240,418,2,12
120240,442,2,5
120240,443,1,5
120250,1555,1,25
120250,1563,1,14
120250,1561,2,6
120250,1561,1,18
120250,1567,1,5
120250,418,1,12
120250,418,2,5
120250,443,1,7
120250,442,2,8
120270,1569,1,20
120270,1578,1,22
120270,1571,2,10
120270,1584,1,10
120270,1583,1,10
120270,1581,1,12
120270,1585,1,2
120270,418,1,8
120270,443,2,6
120300,758,1,18
120300,761,1,28
120300,760,2,10
120300,756,1,8
120300,425,1,20
120300,424,2,6
120300,423,6,10
120320,1379,1,10
120320,1376,1,30
120320,1384,1,12
120320,1384,2,5
120320,1387,1,12
120320,1387,2,5
120320,1389,1,7
120320,1390,1,4
120320,415,1,10
120320,440,1,5
120324,1397,1,10
120324,1394,1,30
120324,1400,1,12
120324,1400,2,5
120324,1387,1,12
120324,1387,2,5
120324,1389,1,7
120324,1390,1,4
120324,415,1,10
120324,440,1,5
120330,1590,1,10
120330,1588,1,22
120330,1594,2,10
120330,1596,1,12
120330,1598,1,12
120330,1592,1,10
120330,1600,1,8
120330,335,1,8
120330,1586,2,8
120360,827,1,10
120360,825,1,25
120360,829,1,15
120360,831,1,20
120360,414,1,15
120360,440,1,5
120360,328,3,10
120370,1121,1,12
120370,1118,1,20
120370,1131,2,8
120370,1128,1,10
120370,1125,2,10
120370,1123,1,12
120370,1134,1,5
120370,1133,1,8
120370,414,1,10
120370,440,1,5
120374,1141,1,5
120374,1138,1,28
120374,1131,2,10
120374,1128,1,10
120374,1125,2,10
120374,1123,1,10
120374,1134,1,2
120374,1133,1,10
120374,414,1,10
120374,440,1,5
120380,1602,1,15
120380,1604,1,22
120380,1608,2,12
120380,1610,1,10
120380,1612,1,15
120380,1606,1,10
120380,1614,1,8
120380,1586,2,8
120430,1506,1,10
120430,1509,1,10
120430,1512,1,26
120430,1517,1,22
120430,1515,1,20
120430,1515,2,7
120430,1523,1,5
120435,1522,1,12
120435,1522,2,8
120435,1521,2,18
120435,1506,2,12
120435,1509,2,12
120435,1512,1,14
120435,1517,1,18
120435,1523,1,6
120450,1051,1,12
120450,1048,1,26
120450,1055,2,10
120450,1057,1,10
120450,1058,1,3
120450,328,4,14
120450,414,1,12
120450,440,1,5
120450,335,1,8
120454,1062,1,12
120454,1065,1,20
120454,1051,1,17
120454,1055,2,10
120454,1057,1,8
120454,1058,1,3
120454,328,4,10
120454,415,1,10
120454,440,1,5
120454,335,1,5
120460,872,1,10
120460,875,1,22
120460,878,1,10
120460,877,2,8
120460,886,1,17
120460,881,1,12
120460,888,1,3
120460,889,1,1
120460,415,1,12
120460,801,2,5
120470,843,1,10
120470,846,1,20
120470,840,1,26
120470,849,1,14
120470,469,1,14
120470,851,1,8
120470,471,2,8
120490,897,1,15
120490,899,1,20
120490,896,2,6
120490,901,2,6
120490,903,1,12
120490,907,1,18
120490,328,4,8
120490,415,1,10
120490,440,1,5
120500,1616,1,15
120500,1618,1,15
120500,1620,1,25
120500,1624,1,6
120500,1622,1,12
120500,443,2,8
120500,1629,1,1
120500,1626,1,18
120550,1095,1,12
120550,1097,1,20
120550,1101,1,13
120550,1099,1,10
120550,1103,1,12
120550,1105,1,2
120550,99,20,10
120550,415,1,15
120550,440,1,6
120560,856,1,15
120560,859,1,21
120560,862,1,14
120560,864,1,12
120560,867,1,18
120560,414,1,15
120560,440,1,5
120570,1239,1,12
120570,1253,1,16
120570,1242,1,24
120570,1248,1,14
120570,394,6,10
120570,1255,1,3
120570,1256,1,1
120570,415,1,10
120570,432,10,10
120574,1260,1,12
120574,1263,1,24
120574,1266,1,10
120574,1253,1,14
120574,1248,1,12
120574,394,6,8
120574,1255,1,3
120574,1256,1,1
120574,415,1,10
120574,432,10,6
120580,1633,1,5
120580,1631,1,30
120580,1641,1,15
120580,1637,2,8
120580,1643,1,16
120580,1639,1,8
120580,1635,1,5
120580,1645,1,5
120580,443,2,8
120600,643,1,12
120600,640,1,36
120600,646,1,20
120600,425,1,14
120600,424,2,6
120600,271,6,12
120604,651,1,12
120604,648,1,36
120604,646,1,20
120604,425,1,14
120604,424,2,6
120604,271,6,12
120610,658,1,16
120610,663,1,26
120610,662,1,8
120610,661,1,12
120610,666,1,22
120610,425,2,10
120610,322,6,6
120614,668,1,16
120614,671,1,26
120614,661,1,12
120614,666,1,22
120614,424,2,8
120614,425,2,10
120614,322,6,6
120620,675,1,14
120620,678,1,22
120620,680,2,16
120620,455,1,12
120620,425,2,16
120620,538,1,20
120630,1071,1,18
120630,1074,1,20
120630,1077,1,8
120630,1084,1,8
120630,1089,1,9
120630,1090,1,1
120630,1080,2,18
120630,1080,3,6
120630,415,1,12
120650,789,1,18
120650,797,1,10
120650,791,1,20
120650,793,1,12
120650,795,1,8
120650,425,1,14
120650,469,1,12
120650,468,2,6
120660,915,1,12
120660,912,1,24
120660,918,1,18
120660,921,1,10
120660,923,1,12
120660,925,2,5
120660,926,1,14
120660,425,2,5
120664,933,1,12
120664,930,1,24
120664,936,1,10
120664,918,1,18
120664,923,1,12
120664,925,2,5
120664,926,1,14
120664,425,2,5
120670,941,1,12
120670,943,1,22
120670,945,1,20
120670,947,1,10
120670,466,1,14
120670,425,1,10
120670,926,1,8
120670,926,2,4
120680,958,1,10
120680,955,1,26
120680,964,2,5
120680,963,1,14
120680,965,1,6
120680,960,1,10
120680,961,1,8
120680,454,2,4
120680,414,1,13
120680,440,1,4
120690,1021,1,12
120690,1023,1,20
120690,1029,1,10
120690,1025,1,18
120690,1027,1,16
120690,538,2,8
120690,469,2,11
120690,1031,1,5
120710,1443,1,14
120710,1440,1,30
120710,1450,1,25
120710,1446,1,10
120710,1452,1,9
120710,1462,2,8
120710,1454,1,3
120710,1456,1,1
120720,1470,1,18
120720,1467,1,28
120720,1476,1,14
120720,1473,1,14
120720,1484,1,6
120720,1478,1,6
120720,1480,1,3
120720,1481,1,1
120720,1486,2,10
120760,1015,1,10
120760,1017,1,30
120760,1019,1,13
120760,469,1,12
120760,538,1,14
120760,537,2,8
120760,387,2,13
120770,1404,1,28
120770,1407,1,24
120770,1418,1,10
120770,1418,2,8
120770,1410,2,11
120770,1415,1,8
120770,1420,1,1
120770,415,1,10
120790,708,1,18
120790,711,1,25
120790,718,2,5
120790,714,1,18
120790,458,1,15
120790,720,1,9
120790,414,1,10
120800,1346,1,14
120800,1349,1,28
120800,1352,2,12
120800,1355,1,13
120800,1359,4,5
120800,1361,1,15
120800,1364,1,1
120800,1363,1,5
120800,415,1,7
120804,1368,1,15
120804,1371,1,28
120804,1352,2,10
120804,1355,1,13
120804,1359,4,5
120804,1361,1,15
120804,1364,1,1
120804,1363,1,5
120804,415,1,8
120810,1270,1,18
120810,1273,1,22
120810,1276,1,12
120810,1279,2,10
120810,1281,1,12
120810,1287,2,12
120810,1290,1,1
120810,1289,1,5
120810,415,1,8
120820,1321,1,18
120820,1324,1,12
120820,1330,1,20
120820,1327,2,6
120820,1332,1,5
120820,1335,1,28
120820,1338,1,1
120820,1337,1,2
120820,415,1,8
120830,1298,1,28
120830,1301,1,23
120830,1308,2,6
120830,1304,1,12
120830,1310,1,17
120830,1313,1,2
120830,1312,1,6
120830,425,1,6
120840,1678,1,10
120840,1680,1,16
120840,1682,2,17
120840,1683,1,25
120840,1688,1,18
120840,1688,2,12
120840,1685,1,2
120850,577,1,20
120850,580,1,28
120850,582,1,10
120850,584,1,17
120850,573,2,10
120850,420,2,10
120850,438,1,5
121040,1156,1,28
121040,329,2,15
121040,414,1,13
121040,452,1,8
121040,461,1,8
121040,1157,1,20
121040,1158,1,8
121050,1163,1,28
121050,1167,1,15
121050,1165,1,8
121050,1169,1,5
121050,458,2,13
121050,461,1,12
121050,415,2,14
121050,440,1,5
121070,1426,1,15
121070,1424,1,32
121070,1431,2,15
121070,415,1,15
121070,1428,1,10
121070,1434,1,8
121070,440,1,5
121210,766,1,30
121210,770,1,8
121210,769,1,20
121210,425,1,18
121210,768,1,24
121340,634,1,22
121340,633,1,8
121340,636,1,18
121340,630,2,8
121340,638,1,8
121340,420,2,8
121340,450,2,25
121340,438,1,3
121420,1146,1,22
121420,1144,1,24
121420,1148,1,8
121420,466,1,11
121420,415,1,10
121420,1152,1,15
121420,440,1,5
121420,1150,1,5
121440,1037,1,18
121440,1035,1,32
121440,1039,1,14
121440,414,1,14
121440,1041,1,10
121440,1045,4,12
121700,1008,1,15
121700,1006,1,28
121700,1010,1,18
121700,538,2,10
121700,1012,1,12
121700,458,1,17
121860,1692,1,28
121860,1690,1,32
121860,1694,1,18
121860,1702,1,2
121860,1698,1,20
130010,1174,1,15
130010,1177,1,25
130010,462,1,16
130010,432,10,6
130010,1179,1,10
130010,416,1,15
130010,1181,2,5
130010,1182,1,7
130010,1185,1,1
130012,1195,1,25
130012,1197,1,18
130012,1235,1,6
130012,1199,1,9
130012,1236,2,8
130012,1237,1,7
130012,462,1,12
130012,417,1,13
130012,1185,1,2
130014,1190,1,15
130014,1189,1,15
130014,1192,1,18
130014,462,1,12
130014,432,10,6
130014,1179,2,8
130014,416,1,13
130014,1181,2,5
130014,1182,1,7
130014,1185,1,1
130020,1207,1,10
130020,1204,1,30
130020,1210,1,25
130020,1235,1,6
130020,1215,1,1
130020,417,1,13
130020,462,1,8
130020,432,5,7
130022,1227,1,10
130022,1225,1,30
130022,1235,1,5
130022,1229,1,13
130022,1236,2,8
130022,1237,1,7
130022,462,1,12
130022,417,1,12
130022,1215,1,3
130024,1220,1,12
130024,1222,1,10
130024,1219,1,18
130024,1210,1,25
130024,1235,1,6
130024,1215,1,1
130024,417,1,13
130024,462,1,8
130024,432,5,7
130030,1111,1,20
130030,1113,1,8
130030,1114,1,8
130030,416,1,15
130030,472,2,18
130030,465,1,18
130030,441,1,6
130030,440,1,7
130080,687,1,12
130080,684,1,23
130080,683,2,6
130080,450,4,8
130080,416,1,13
130080,694,1,14
130080,692,1,8
130080,462,1,16
130090,699,1,15
130090,701,1,33
130090,702,2,8
130090,704,1,3
130090,471,3,8
130090,416,1,10
130090,333,1,3
130090,453,1,20
130100,814,1,12
130100,816,1,18
130100,818,1,15
130100,822,1,6
130100,820,1,18
130100,803,1,6
130100,802,2,6
130100,441,1,5
130100,440,1,6
130100,416,1,8
130110,1529,1,28
130110,1528,2,10
130110,1531,1,20
130110,1533,1,18
130110,1532,1,5
130110,333,1,15
130110,28,1,4
130170,806,1,29
130170,812,1,21
130170,809,1,15
130170,416,1,13
130170,432,6,6
130170,433,6,6
130170,437,2,10
130180,729,1,20
130180,732,1,25
130180,738,1,8
130180,740,1,8
130180,742,1,15
130180,450,4,5
130180,462,2,14
130180,441,1,5
130184,747,1,10
130184,746,1,12
130184,749,1,23
130184,738,1,8
130184,740,1,8
130184,742,1,15
130184,450,4,5
130184,462,2,14
130184,441,1,5
130190,979,1,25
130190,982,1,15
130190,974,1,8
130190,416,1,8
130190,414,2,16
130190,970,1,20
130190,371,3,8
130194,987,1,18
130194,986,1,20
130194,989,1,10
130194,974,1,8
130194,416,1,6
130194,414,2,14
130194,970,2,18
130194,371,3,6
130200,994,1,12
130200,993,2,8
130200,997,1,20
130200,1000,1,18
130200,999,2,8
130200,416,1,14
130200,970,1,20
130204,1004,1,12
130204,993,2,8
130204,997,1,20
130204,1000,1,18
130204,999,2,8
130204,416,1,14
130204,970,1,20
130220,779,1,22
130220,784,1,25
130220,786,1,16
130220,782,1,8
130220,426,1,19
130220,425,2,10
130230,1492,1,24
130230,1494,1,25
130230,1490,2,8
130230,1495,1,12
130230,1497,1,14
130230,1496,2,10
130230,426,5,7
130235,1499,1,14
130235,1492,1,12
130235,1490,1,12
130235,1494,1,18
130235,1503,1,8
130235,1497,1,18
130235,1501,1,8
130235,1500,1,5
130235,426,5,5
130240,1538,1,6
130240,1541,1,30
130240,1551,2,6
130240,1551,1,15
130240,1543,1,14
130240,1552,1,5
130240,419,2,12
130240,443,2,5
130240,444,1,5
130240,1553,1,2
130250,1556,1,25
130250,1564,1,14
130250,1562,2,6
130250,1562,1,18
130250,1567,1,5
130250,419,1,12
130250,419,2,5
130250,444,1,7
130250,443,2,6
130250,1553,1,2
130270,1570,1,20
130270,1579,1,22
130270,1584,2,10
130270,1573,1,16
130270,1582,1,12
130270,1585,1,4
130270,419,1,8
130270,444,2,6
130270,1553,1,2
130300,759,1,18
130300,762,1,28
130300,761,2,10
130300,756,2,8
130300,426,1,20
130300,425,2,6
130300,424,6,10
130320,1380,1,13
130320,1377,1,30
130320,1385,1,12
130320,1385,2,5
130320,1388,1,12
130320,1388,2,5
130320,1390,1,7
130320,1391,1,1
130320,417,1,10
130320,441,1,5
130324,1396,1,25
130324,1398,1,10
130324,1395,1,20
130324,1401,2,5
130324,1388,1,12
130324,1388,2,5
130324,1390,1,7
130324,1391,1,1
130324,417,1,10
130324,441,1,5
130330,1591,1,12
130330,1590,1,6
130330,1589,2,10
130330,1595,2,10
130330,1597,1,12
130330,1599,1,12
130330,1593,1,10
130330,1601,1,8
130330,1600,1,4
130330,327,1,8
130330,1587,2,8
130360,828,1,10
130360,827,2,5
130360,826,1,25
130360,825,2,5
130360,830,1,15
130360,832,1,20
130360,416,1,10
130360,441,1,5
130360,440,1,5
130370,1122,1,12
130370,1119,1,20
130370,1132,2,8
130370,1129,1,10
130370,1126,2,10
130370,1124,1,16
130370,1134,1,8
130370,416,1,10
130370,441,1,5
130370,1135,1,1
130374,1140,1,10
130374,1142,1,10
130374,1139,1,18
130374,1132,2,10
130374,1129,1,10
130374,1126,2,10
130374,1124,1,11
130374,1134,1,5
130374,416,1,10
130374,441,1,5
130374,1135,1,1
130380,1603,1,17
130380,1602,2,6
130380,1605,2,10
130380,1609,2,12
130380,1611,1,10
130380,1613,1,15
130380,1607,1,10
130380,1615,1,8
130380,1614,1,4
130380,1587,2,8
130430,1510,1,15
130430,1509,2,8
130430,1507,1,36
130430,1506,2,8
130430,1516,1,16
130430,1513,2,14
130430,1523,1,2
130430,1508,1,1
130435,1511,1,10
130435,1511,2,8
130435,1522,2,10
130435,1521,2,18
130435,1507,2,10
130435,1510,2,9
130435,1514,1,12
130435,1517,1,10
130435,1508,1,6
130435,1523,1,7
130450,1052,1,20
130450,1049,1,35
130450,1056,1,16
130450,417,1,12
130450,441,1,5
130450,327,1,8
130450,1058,1,3
130450,1059,1,1
130454,1064,1,10
130454,1063,1,14
130454,1066,1,25
130454,1052,1,17
130454,1056,1,10
130454,417,1,10
130454,441,1,5
130454,327,1,5
130454,1058,1,3
130454,1059,1,1
130460,873,1,10
130460,876,1,22
130460,879,1,10
130460,878,2,8
130460,887,1,17
130460,882,1,12
130460,889,1,3
130460,890,1,1
130460,417,1,12
130460,802,2,5
130470,844,1,10
130470,847,1,20
130470,841,1,26
130470,850,1,14
130470,470,1,14
130470,852,1,8
130470,471,3,8
130490,898,1,17
130490,900,1,22
130490,896,2,4
130490,902,2,6
130490,904,1,12
130490,908,1,17
130490,907,2,4
130490,417,1,8
130490,441,1,5
130490,440,1,5
130500,1617,1,10
130500,1616,2,6
130500,1619,1,15
130500,1621,1,25
130500,1625,1,6
130500,1623,1,12
130500,444,2,8
130500,1630,1,1
130500,1629,1,3
130500,1627,1,14
130550,1096,1,14
130550,1098,1,22
130550,1102,1,15
130550,1100,1,12
130550,1104,1,14
130550,1106,1,2
130550,1105,1,3
130550,417,1,12
130550,441,1,6
130560,857,1,15
130560,860,1,21
130560,863,1,15
130560,865,1,10
130560,868,1,15
130560,416,1,13
130560,441,1,5
130560,440,1,6
130570,1240,1,12
130570,1254,1,16
130570,1243,1,24
130570,1249,1,14
130570,394,6,10
130570,1256,1,3
130570,1257,1,1
130570,417,1,10
130570,432,10,10
130574,1262,1,8
130574,1261,1,10
130574,1264,1,24
130574,1267,1,8
130574,1254,1,14
130574,1249,1,12
130574,394,6,6
130574,1256,1,3
130574,1257,1,1
130574,417,1,8
130574,432,10,6
130580,1634,1,5
130580,1632,1,24
130580,1642,1,15
130580,1638,2,8
130580,1644,1,16
130580,1640,1,10
130580,1636,1,5
130580,1646,1,5
130580,1645,1,6
130580,444,2,6
130600,644,1,12
130600,641,1,36
130600,647,1,20
130600,426,1,14
130600,425,2,6
130600,271,6,12
130604,650,1,10
130604,652,1,12
130604,649,1,26
130604,647,1,20
130604,426,1,14
130604,425,2,6
130604,271,6,12
130610,659,1,16
130610,664,1,26
130610,663,1,8
130610,661,2,12
130610,667,1,22
130610,426,2,10
130610,322,6,6
130614,670,1,6
130614,669,1,10
130614,672,1,26
130614,661,2,12
130614,667,1,22
130614,425,2,8
130614,426,2,10
130614,322,6,6
130620,676,1,14
130620,679,1,22
130620,681,1,20
130620,456,1,12
130620,426,2,14
130620,539,2,18
130630,1072,1,18
130630,1075,1,20
130630,1078,1,8
130630,1085,1,8
130630,1091,1,1
130630,1090,1,3
130630,1081,1,22
130630,1081,2,8
130630,417,1,12
130635,1072,1,33
130635,1075,1,18
130635,1081,2,15
130635,1082,1,10
130635,1079,1,8
130635,417,1,9
130635,1091,1,3
130635,1092,1,1
130635,1090,1,3
130650,790,1,17
130650,789,2,6
130650,798,1,10
130650,792,1,20
130650,794,1,12
130650,796,1,8
130650,426,1,10
130650,470,1,12
130650,469,2,5
130660,916,1,12
130660,913,1,24
130660,919,1,18
130660,922,1,10
130660,924,1,12
130660,926,2,5
130660,927,1,14
130660,426,2,5
130664,932,1,10
130664,934,1,11
130664,931,1,14
130664,938,1,5
130664,937,1,10
130664,919,1,15
130664,924,1,11
130664,926,2,5
130664,927,1,14
130664,426,2,5
130670,942,1,10
130670,944,1,22
130670,946,1,18
130670,948,1,10
130670,467,1,12
130670,426,1,8
130670,927,1,8
130670,927,2,4
130670,926,3,8
130680,959,1,10
130680,956,1,26
130680,954,1,15
130680,966,1,4
130680,961,1,12
130680,456,1,10
130680,416,1,13
130680,441,1,4
130680,440,1,6
130690,1022,1,12
130690,1024,1,20
130690,1030,1,10
130690,1026,1,18
130690,1028,1,16
130690,539,2,5
130690,470,2,5
130690,1032,1,5
130690,1031,2,9
130710,1444,1,17
130710,1441,1,32
130710,1451,1,25
130710,1447,1,12
130710,1453,1,10
130710,1456,1,3
130710,1457,1,1
130715,1463,1,20
130715,1451,1,24
130715,1441,1,33
130715,1448,1,10
130715,1461,1,10
130715,1455,1,2
130715,1457,1,1
130720,1471,1,20
130720,1468,1,30
130720,1477,1,14
130720,1474,1,14
130720,1485,1,6
130720,1479,1,12
130720,1481,1,3
130720,1482,1,1
130760,1016,1,10
130760,1018,1,30
130760,1017,2,10
130760,1020,1,15
130760,470,1,13
130760,539,2,14
130760,538,2,8
130770,1405,1,28
130770,1408,1,24
130770,1419,1,10
130770,1419,2,8
130770,1411,2,11
130770,1416,1,8
130770,1421,1,1
130770,1420,1,2
130770,417,1,8
130790,709,1,16
130790,712,1,21
130790,719,1,8
130790,715,1,16
130790,459,1,10
130790,721,1,9
130790,720,1,12
130790,416,1,8
130794,724,1,16
130794,712,1,21
130794,719,1,8
130794,715,1,16
130794,459,1,10
130794,721,1,9
130794,720,1,12
130794,416,1,8
130800,1347,1,15
130800,1350,1,29
130800,1353,2,13
130800,1356,1,14
130800,1362,1,16
130800,1365,1,1
130800,1364,1,5
130800,417,1,7
130804,1370,1,7
130804,1369,1,10
130804,1372,1,28
130804,1353,2,11
130804,1356,1,14
130804,1362,1,16
130804,1365,1,1
130804,1364,1,5
130804,417,1,8
130810,1271,1,18
130810,1274,1,22
130810,1277,1,12
130810,1280,2,10
130810,1282,1,12
130810,1288,2,12
130810,1291,1,1
130810,1290,1,5
130810,417,1,8
130814,1294,1,18
130814,1274,1,22
130814,1277,1,12
130814,1280,2,10
130814,1282,1,12
130814,1288,2,12
130814,1291,1,1
130814,1290,1,5
130814,417,1,8
130820,1322,1,18
130820,1325,1,12
130820,1331,1,20
130820,1328,2,6
130820,1333,1,5
130820,1336,1,28
130820,1339,1,1
130820,1338,1,2
130820,417,1,8
130824,1342,1,18
130824,1325,1,12
130824,1331,1,18
130824,1328,2,6
130824,1333,1,10
130824,1336,1,25
130824,1339,1,1
130824,1338,1,2
130824,417,1,8
130830,1299,1,34
130830,1302,1,23
130830,1305,1,15
130830,1311,1,17
130830,1314,1,2
130830,1313,1,3
130830,426,1,6
130834,1317,1,28
130834,1302,1,23
130834,1299,1,6
130834,1305,1,15
130834,1311,1,17
130834,1314,1,2
130834,1313,1,3
130834,426,1,6
130840,1679,1,10
130840,1681,1,16
130840,1682,2,10
130840,1684,1,24
130840,1683,2,5
130840,1689,1,18
130840,1689,2,12
130840,1686,1,2
130840,1685,1,3
130850,578,1,18
130850,581,1,26
130850,583,1,10
130850,585,1,16
130850,574,2,10
130850,421,2,10
130850,439,1,5
130850,438,1,5
131040,1159,1,28
131040,1156,2,10
131040,330,2,8
131040,416,1,13
131040,453,2,8
131040,462,1,8
131040,1160,1,16
131040,1158,1,8
131040,1161,1,1
131050,1164,1,25
131050,1163,2,8
131050,1168,1,11
131050,1166,1,8
131050,1169,1,5
131050,459,2,13
131050,462,1,12
131050,417,2,12
131050,1170,1,1
131050,441,1,5
131070,1427,1,15
131070,1425,1,30
131070,1424,2,10
131070,417,1,15
131070,1430,1,3
131070,1429,1,12
131070,1434,1,10
131070,441,1,5
131074,1436,1,38
131074,1427,1,25
131074,417,1,15
131074,1430,1,3
131074,1429,1,7
131074,1434,2,7
131074,441,1,5
131120,1649,1,31
131120,1648,1,18
131120,1651,2,10
131120,419,1,20
131120,418,3,8
131120,443,2,10
131120,1652,1,3
131130,1653,1,25
131130,1654,1,10
131130,419,1,20
131130,444,1,10
131130,1748,3,20
131130,1749,2,15
131131,1658,1,32
131131,1659,1,12
131131,419,1,34
131131,444,1,22
131132,1663,1,32
131132,1664,1,12
131132,419,1,34
131132,444,1,22
131210,767,1,18
131210,766,2,6
131210,771,1,8
131210,770,1,10
131210,772,1,20
131210,426,1,18
131210,765,1,20
131340,635,1,22
131340,634,1,8
131340,637,1,18
131340,631,2,8
131340,638,1,8
131340,421,2,8
131340,450,2,22
131340,439,1,3
131340,438,1,3
131420,1147,1,20
131420,1146,2,8
131420,1145,1,22
131420,1149,1,8
131420,467,1,10
131420,417,1,10
131420,1152,2,6
131420,441,1,5
131420,440,1,6
131420,1151,1,5
131440,1038,1,18
131440,1037,2,8
131440,1036,1,28
131440,1040,1,14
131440,416,1,10
131440,1042,1,10
131440,1045,4,12
131700,1009,1,15
131700,1007,1,25
131700,1006,2,8
131700,1011,1,17
131700,539,2,10
131700,1013,1,10
131700,459,1,15
131860,1693,1,20
131860,1692,2,7
131860,1691,1,15
131860,1695,1,20
131860,1694,2,6
131860,1703,1,2
131860,1702,1,3
131860,1699,1,15
131860,1705,2,12
131870,1707,1,25
131870,1708,1,18
131870,1711,1,18
131870,1712,1,14
131870,1709,1,12
131870,1714,1,10
131870,1713,1,3
180010,1187,1,23
180010,491,1,26
180010,1174,1,10
180010,1177,1,10
180010,462,2,8
180010,416,2,10
180010,1182,1,10
180010,1185,1,3
180012,1201,1,23
180012,507,1,26
180012,1195,1,10
180012,1197,1,10
180012,1199,1,14
180012,1237,1,12
180012,1185,1,5
180020,1217,1,23
180020,491,1,26
180020,1207,1,10
180020,1204,1,10
180020,1210,2,8
180020,1235,1,10
180020,1215,1,5
180020,417,2,8
180022,1231,1,23
180022,507,1,26
180022,1227,1,10
180022,1225,1,10
180022,1229,1,14
180022,1237,1,12
180022,1215,1,5
180030,1116,1,23
180030,499,1,26
180030,1111,1,8
180030,1114,1,12
180030,472,3,6
180030,465,2,8
180030,416,2,5
180030,441,1,8
180030,440,1,4
180080,696,1,23
180080,486,1,26
180080,687,1,10
180080,684,2,8
180080,690,2,8
180080,416,2,5
180080,692,1,10
180080,462,2,10
180090,706,1,20
180090,509,1,26
180090,699,1,10
180090,701,2,8
180090,704,1,8
180090,471,3,12
180090,416,2,4
180090,333,1,4
180090,453,2,8
180100,824,1,23
180100,497,1,26
180100,814,1,8
180100,816,1,9
180100,822,1,10
180100,820,2,8
180100,803,2,8
180100,441,1,8
180180,744,1,20
180180,509,1,26
180180,729,1,10
180180,732,1,10
180180,740,1,8
180180,742,1,10
180180,738,1,8
180180,441,1,8
180190,984,1,23
180190,482,1,26
180190,979,1,10
180190,982,1,8
180190,974,1,13
180190,416,2,5
180190,970,2,15
180200,1002,1,23
180200,483,1,26
180200,994,1,10
180200,997,1,8
180200,1000,1,15
180200,972,1,10
180200,416,2,8
180220,788,1,23
180220,505,1,26
180220,779,1,8
180220,782,1,18
180220,786,1,17
180220,426,2,8
180230,1505,1,23
180230,489,1,26
180230,1492,1,10
180230,1490,2,11
180230,1494,2,8
180230,1495,1,12
180230,1497,1,10
180320,1393,1,20
180320,479,1,26
180320,1380,1,10
180320,1377,1,10
180320,1385,2,5
180320,1388,2,5
180320,1391,1,8
180320,417,2,8
180320,441,1,8
180360,834,1,23
180360,493,1,26
180360,828,1,8
180360,826,1,8
180360,830,2,8
180360,832,1,10
180360,416,2,6
180360,441,1,7
180360,440,1,4
180370,1137,1,23
180370,478,1,26
180370,1122,1,8
180370,1119,1,10
180370,1132,2,10
180370,1129,2,8
180370,1134,1,5
180370,441,1,8
180370,1135,1,2
180430,1525,1,23
180430,479,1,26
180430,1510,1,8
180430,1507,1,9
180430,1516,2,8
180430,1513,2,8
180430,1523,1,5
180430,1520,4,8
180430,1508,1,5
180450,1061,1,23
180450,515,1,26
180450,1052,1,7
180450,1049,1,10
180450,1056,1,6
180450,1054,1,10
180450,1058,1,5
180450,417,2,5
180450,441,1,5
180450,1059,1,3
180460,892,1,23
180460,501,1,26
180460,873,1,10
180460,876,1,10
180460,879,2,7
180460,887,2,6
180460,882,2,6
180460,890,1,4
180460,417,2,3
180460,803,2,5
180470,854,1,23
180470,495,1,26
180470,844,1,8
180470,841,1,8
180470,847,2,10
180470,850,1,15
180470,471,4,10
180490,910,1,23
180490,493,1,26
180490,898,1,10
180490,900,1,10
180490,906,1,8
180490,905,1,8
180490,908,1,10
180490,441,1,5
180550,1108,1,23
180550,489,1,26
180550,1096,1,10
180550,1098,1,10
180550,1100,1,12
180550,1104,2,6
180550,1106,1,5
180550,441,1,8
180560,870,1,23
180560,497,1,26
180560,857,2,5
180560,860,2,5
180560,863,2,10
180560,868,2,8
180560,441,1,8
180560,865,1,15
180570,1259,1,20
180570,503,1,26
180570,1240,1,10
180570,1254,1,10
180570,1243,1,12
180570,1249,1,10
180570,1257,1,3
180570,417,2,9
180630,1094,1,23
180630,517,1,26
180630,1072,1,8
180630,1075,1,8
180630,1078,1,9
180630,1085,2,4
180630,1091,1,4
180630,1090,1,5
180630,1081,2,5
180630,417,2,8
180650,800,1,23
180650,495,1,26
180650,790,1,10
180650,792,1,10
180650,798,1,9
180650,794,2,8
180650,796,2,8
180650,426,2,6
180660,929,1,22
180660,477,1,24
180660,916,1,8
180660,913,1,6
180660,919,2,10
180660,922,2,8
180660,924,1,14
180660,927,2,8
180670,952,1,23
180670,505,1,26
180670,942,1,8
180670,944,1,10
180670,950,1,14
180670,927,2,8
180670,467,2,6
180670,426,2,5
180680,968,1,23
180680,511,1,26
180680,956,1,8
180680,959,1,8
180680,954,2,7
180680,966,1,12
180680,961,1,8
180680,441,1,8
180690,1034,1,23
180690,495,1,26
180690,1022,1,8
180690,1024,1,9
180690,1030,1,8
180690,1026,2,8
180690,1028,1,10
180690,1032,2,8
180710,1465,1,23
180710,507,1,26
180710,1444,1,8
180710,1441,1,9
180710,1451,2,8
180710,1447,1,15
180710,1460,1,8
180710,1457,1,3
180770,1423,1,23
180770,484,1,26
180770,1405,1,8
180770,1408,1,8
180770,1419,2,5
180770,1411,2,5
180770,1416,1,8
180770,1421,1,5
180770,1420,1,6
180770,417,2,6
180790,723,1,23
180790,513,1,26
180790,709,1,10
180790,712,1,9
180790,717,1,8
180790,715,2,6
180790,459,3,6
180790,721,1,12
180800,1367,1,23
180800,479,1,26
180800,1347,1,10
180800,1350,1,10
180800,1353,2,8
180800,1362,1,10
180800,1365,1,5
180800,417,2,8
180810,1293,1,23
180810,489,1,26
180810,1271,1,10
180810,1274,1,10
180810,1280,2,10
180810,1288,2,8
180810,1291,1,5
180810,417,2,8
180820,1341,1,23
180820,497,1,26
180820,1322,1,10
180820,1325,1,10
180820,1331,1,8
180820,1328,2,6
180820,1336,2,6
180820,1339,1,5
180820,417,2,6
180830,1316,1,23
180830,505,1,26
180830,1299,1,16
180830,1302,1,10
180830,1305,1,8
180830,1311,2,5
180830,1314,1,6
180830,426,2,6
181040,1162,1,26
181040,491,1,24
181040,1159,1,6
181040,330,2,5
181040,416,1,10
181040,453,1,8
181040,462,1,8
181040,1158,1,10
181040,1161,1,3
181050,1171,1,26
181050,491,1,22
181050,1164,1,8
181050,1166,2,8
181050,1169,2,6
181050,459,1,6
181050,462,1,4
181050,417,2,10
181050,1170,1,3
181050,441,1,7
181070,1435,1,22
181070,479,1,24
181070,1427,1,8
181070,1425,1,10
181070,417,2,8
181070,1430,1,5
181070,1429,2,8
181070,1434,1,10
181070,441,1,5
181210,773,1,24
181210,483,1,26
181210,767,1,8
181210,771,2,12
181210,765,1,10
181210,772,2,12
181210,426,2,8
181420,1155,1,26
181420,505,1,23
181420,1145,2,6
181420,467,2,8
181420,1151,1,10
181420,1154,1,12
181420,1149,1,10
181420,441,1,5
181440,1046,1,20
181440,483,1,20
181440,1038,1,20
181440,1036,1,10
181440,1040,1,10
181440,416,1,10
181440,1042,1,10
181700,1014,1,25
181700,509,1,25
181700,1009,1,8
181700,1007,2,8
181700,1011,1,12
181700,539,2,6
181700,1013,1,10
181700,458,2,6
190010,1186,1,23
190010,490,1,26
190010,1173,1,10
190010,1176,1,10
190010,461,2,8
190010,414,2,10
190010,1181,1,10
190010,1184,1,3
190012,1200,1,23
190012,506,1,26
190012,1194,1,10
190012,1196,1,10
190012,1198,1,14
190012,1236,1,12
190012,1184,1,5
190020,1216,1,23
190020,490,1,26
190020,1206,1,10
190020,1203,1,10
190020,1209,2,8
190020,1235,1,10
190020,1214,1,5
190020,415,2,8
190022,1230,1,23
190022,506,1,26
190022,1226,1,10
190022,1224,1,10
190022,1228,1,14
190022,1236,1,12
190022,1214,1,5
190030,1115,1,23
190030,498,1,26
190030,1110,1,8
190030,1113,1,12
190030,472,3,10
190030,464,2,8
190030,414,2,5
190030,440,1,8
190080,695,1,23
190080,485,1,26
190080,686,1,10
190080,683,2,8
190080,689,2,8
190080,414,2,5
190080,692,1,10
190080,461,2,10
190090,705,1,20
190090,508,1,26
190090,698,1,10
190090,702,2,8
190090,703,1,8
190090,471,2,12
190090,414,2,4
190090,332,1,4
190090,452,2,8
190100,823,1,23
190100,496,1,26
190100,813,1,8
190100,815,1,9
190100,821,1,10
190100,819,2,8
190100,802,1,8
190100,440,1,8
190180,743,1,20
190180,508,1,26
190180,728,1,10
190180,731,1,10
190180,736,1,8
190180,734,1,12
190180,737,1,6
190180,440,1,8
190190,983,1,23
190190,480,1,26
190190,978,1,10
190190,981,1,8
190190,973,1,13
190190,414,2,5
190190,969,3,15
190200,1001,1,23
190200,480,1,26
190200,993,1,10
190200,996,1,8
190200,999,1,15
190200,971,1,10
190200,414,2,8
190220,787,1,23
190220,504,1,26
190220,778,1,10
190220,781,1,20
190220,785,1,13
190220,425,2,8
190230,1504,1,23
190230,488,1,26
190230,1491,1,10
190230,1489,2,11
190230,1493,2,8
190230,1495,1,12
190230,1496,1,10
190320,1392,1,20
190320,476,1,26
190320,1379,1,10
190320,1376,1,10
190320,1384,2,5
190320,1387,2,5
190320,1390,1,8
190320,415,2,8
190320,440,1,8
190360,833,1,23
190360,492,1,26
190360,827,1,10
190360,825,1,10
190360,829,2,8
190360,831,1,10
190360,414,2,6
190360,440,1,7
190370,1136,1,23
190370,475,1,26
190370,1121,1,8
190370,1118,1,10
190370,1131,2,10
190370,1128,2,8
190370,1134,1,7
190370,440,1,8
190430,1524,1,23
190430,476,1,26
190430,1509,1,10
190430,1506,1,10
190430,1515,2,8
190430,1512,2,8
190430,1523,1,5
190430,1520,4,10
190450,1060,1,23
190450,514,1,26
190450,1051,1,10
190450,1048,1,10
190450,1055,2,6
190450,1053,1,10
190450,1058,1,5
190450,415,2,5
190450,440,1,5
190460,891,1,23
190460,500,1,26
190460,872,1,10
190460,875,1,10
190460,878,2,7
190460,886,2,6
190460,881,2,6
190460,889,1,4
190460,415,2,3
190460,802,2,5
190470,853,1,23
190470,494,1,26
190470,843,1,8
190470,840,1,8
190470,846,2,10
190470,849,1,15
190470,471,4,10
190490,909,1,23
190490,492,1,26
190490,897,1,10
190490,899,1,10
190490,906,1,8
190490,905,1,8
190490,907,1,10
190490,440,1,5
190550,1107,1,23
190550,488,1,26
190550,1095,1,10
190550,1097,1,10
190550,1099,1,12
190550,1103,2,6
190550,1105,1,5
190550,440,1,8
190560,869,1,23
190560,496,1,26
190560,856,1,9
190560,859,1,10
190560,862,2,10
190560,867,2,12
190560,440,1,10
190570,1258,1,20
190570,502,1,26
190570,1239,1,10
190570,1253,1,10
190570,1242,1,12
190570,1248,2,10
190570,1256,1,3
190570,415,2,9
190630,1093,1,23
190630,516,1,26
190630,1071,1,10
190630,1074,1,10
190630,1077,1,10
190630,1084,2,4
190630,1090,1,4
190630,1080,5,5
190630,415,2,8
190650,799,1,23
190650,494,1,26
190650,789,1,10
190650,791,1,10
190650,797,1,9
190650,793,2,8
190650,795,2,8
190650,425,2,6
190660,928,1,22
190660,475,1,24
190660,915,1,8
190660,912,1,6
190660,918,2,10
190660,921,2,8
190660,923,1,14
190660,926,2,8
190670,951,1,23
190670,504,1,26
190670,941,1,8
190670,943,1,10
190670,949,1,14
190670,926,2,8
190670,466,2,6
190670,425,2,5
190680,967,1,23
190680,510,1,26
190680,955,1,8
190680,958,1,8
190680,963,2,7
190680,965,1,12
190680,961,1,8
190680,440,1,8
190690,1033,1,23
190690,494,1,26
190690,1021,1,10
190690,1023,1,10
190690,1029,1,8
190690,1025,2,8
190690,1027,1,10
190690,1031,1,5
190710,1464,1,23
190710,506,1,26
190710,1443,1,10
190710,1440,1,10
190710,1450,2,8
190710,1446,1,12
190710,1459,1,8
190710,1456,1,3
190770,1422,1,23
190770,481,1,26
190770,1404,1,10
190770,1407,1,10
190770,1418,2,5
190770,1410,2,5
190770,1415,1,8
190770,1420,1,5
190770,415,2,8
190790,722,1,23
190790,512,1,26
190790,708,1,10
190790,711,1,9
190790,716,1,8
190790,714,2,6
190790,458,1,6
190790,720,1,12
190800,1366,1,23
190800,476,1,26
190800,1346,1,10
190800,1349,1,10
190800,1352,2,8
190800,1361,1,10
190800,1364,1,5
190800,415,2,8
190810,1292,1,23
190810,488,1,26
190810,1270,1,10
190810,1273,1,10
190810,1279,2,10
190810,1287,2,8
190810,1290,1,5
190810,415,2,8
190820,1340,1,23
190820,496,1,26
190820,1321,1,10
190820,1324,1,10
190820,1330,1,8
190820,1327,2,6
190820,1335,2,6
190820,1338,1,5
190820,415,2,6
190830,1315,1,23
190830,504,1,26
190830,1298,1,10
190830,1301,1,10
190830,1304,1,8
190830,1308,2,6
190830,1310,2,5
190830,1313,1,6
190830,425,2,6
210001,271,1,10
210001,292,1,15
210001,293,1,8
210001,277,1,8
210001,302,1,8
210001,272,1,14
210001,385,1,8
210001,320,1,5
210001,221,1,8
210001,222,1,8
210001,223,1,8
210002,317,2,12
210002,322,1,10
210002,280,1,14
210002,279,1,8
210002,99,2,10
210002,296,1,12
210002,391,1,10
210002,339,1,8
210002,222,1,4
210002,224,1,10
210002,219,1,2
210003,271,1,12
210003,292,1,12
210003,293,1,6
210003,275,1,12
210003,302,1,8
210003,272,1,16
210003,384,1,8
210003,339,1,10
210003,223,1,4
210003,226,1,10
210003,219,1,2
210004,322,1,12
210004,317,1,12
210004,281,1,14
210004,276,1,12
210004,98,4,8
210004,272,1,8
210004,279,1,8
210004,346,1,10
210004,221,1,4
210004,227,1,10
210004,219,1,2
210005,271,1,8
210005,278,1,12
210005,272,1,12
210005,305,1,12
210005,292,1,10
210005,296,1,14
210005,314,1,6
210005,346,1,10
210005,222,1,4
210005,225,1,10
210005,219,1,2
210006,323,1,16
210006,271,1,10
210006,292,1,12
210006,272,2,8
210006,386,1,10
210006,302,1,10
210006,318,1,10
210006,353,1,10
210006,221,1,8
210006,225,1,4
210006,219,1,2
210007,293,1,8
210007,294,1,8
210007,295,1,14
210007,297,1,12
210007,319,1,12
210007,321,1,10
210007,324,1,2
210007,392,1,10
210007,340,1,10
210007,223,1,8
210007,226,1,4
210007,219,1,2
210008,325,1,8
210008,280,1,16
210008,303,1,8
210008,304,1,8
210008,306,1,10
210008,274,1,14
210008,393,1,10
210008,347,1,6
210008,222,1,8
210008,228,1,10
210008,219,1,2
210013,410,1,20
210013,259,1,20
210013,45,2,25
210013,56,2,20
210013,221,1,5
210013,222,1,5
210013,223,1,5
210014,519,2,5
210014,519,1,30
210014,408,1,10
210014,45,2,25
210014,305,5,20
210014,307,6,10
210015,521,2,4
210015,521,1,20
210015,45,1,36
210015,407,2,15
210015,272,5,10
210015,277,5,10
210015,445,1,5
210016,527,2,5
210016,527,1,16
210016,45,1,23
210016,265,1,10
210016,266,1,28
210016,305,2,18
210017,526,1,15
210017,526,2,5
210017,527,1,20
210017,45,1,15
210017,265,1,10
210017,266,1,23
210017,305,2,12
210018,530,1,20
210018,527,2,5
210018,527,1,25
210018,45,2,25
210018,281,5,15
210018,322,2,10
210019,523,2,20
210019,523,4,5
210019,524,1,20
210019,45,3,35
210019,423,2,20
210020,45,2,40
210020,407,2,24
210020,408,1,6
210020,274,2,15
210020,279,2,15
210021,532,2,28
210021,534,1,14
210021,408,1,18
210021,407,2,25
210021,45,3,15
210022,423,2,25
210022,424,1,10
210022,45,2,14
210022,45,1,30
210022,305,2,13
210022,322,2,8
210024,540,2,10
210024,540,1,13
210024,542,2,15
210024,542,1,25
210024,537,1,15
210024,384,1,10
210024,386,1,12
210025,545,1,50
210025,544,1,30
210025,537,1,20
210026,548,2,8
210026,548,1,10
210026,550,2,15
210026,550,1,25
210026,537,1,20
210026,384,1,10
210026,385,2,12
210027,553,2,10
210027,553,1,20
210027,555,2,12
210027,555,1,28
210027,558,1,5
210027,537,2,12
210027,384,1,8
210027,385,2,5
210028,575,2,14
210028,575,4,6
210028,571,2,20
210028,571,6,12
210028,571,10,1
210028,572,2,20
210028,572,4,7
210028,407,2,20
210029,589,2,14
210029,589,4,6
210029,571,2,20
210029,571,6,12
210029,571,10,1
210029,586,2,20
210029,586,4,7
210029,407,2,20
210030,586,2,14
210030,586,4,6
210030,571,2,10
210030,571,6,16
210030,571,10,4
210030,589,2,20
210030,589,4,10
210030,407,4,20
210031,594,2,14
210031,594,4,6
210031,571,2,20
210031,571,6,12
210031,571,10,1
210031,591,2,20
210031,591,4,7
210031,407,2,20
210032,632,2,20
210032,632,4,8
210032,629,2,20
210032,629,4,8
210032,407,2,16
210032,407,4,6
210032,322,3,12
210032,302,4,10
210033,607,2,14
210033,607,4,6
210033,603,4,25
210033,603,10,5
210033,603,20,2
210033,604,2,20
210033,604,4,7
210033,407,3,21
210034,620,2,14
210034,620,4,6
210034,616,3,25
210034,616,6,5
210034,616,15,2
210034,617,2,20
210034,617,4,7
210034,407,4,21
210035,567,1,20
210035,569,1,6
210035,564,1,32
210035,408,2,14
210035,408,1,12
210035,99,10,16
210036,559,1,22
210036,559,2,10
210036,537,1,10
210036,318,2,20
210036,385,1,16
210036,436,3,10
210036,436,2,12
210037,804,1,35
210037,807,1,5
210037,408,1,40
210037,369,3,10
210037,370,2,10
210038,753,1,30
210038,753,2,5
210038,756,1,5
210038,45,2,20
210038,423,2,25
210038,292,2,15
210039,975,2,25
210039,975,1,15
210039,434,4,25
210039,434,2,15
210039,407,2,20
210040,991,2,10
210040,991,1,30
210040,434,4,20
210040,434,2,15
210040,969,1,5
210040,392,1,10
210040,424,1,10
210041,835,1,20
210041,835,2,10
210041,838,1,25
210041,407,2,25
210041,45,2,20
210042,893,2,15
210042,893,1,35
210042,45,2,7
210042,45,4,8
210042,408,1,12
210042,306,2,10
210042,326,1,8
210042,325,2,5
210043,774,2,10
210043,774,1,25
210043,434,4,25
210043,434,2,15
210043,423,4,15
210043,322,4,10
210045,1783,1,20
210045,85,1,15
210045,265,1,8
210045,371,1,24
210045,278,1,21
210045,86,1,12
210051,292,3,34
210051,296,2,20
210051,296,3,8
210051,295,2,10
210051,295,3,8
210051,293,2,20
210052,272,3,15
210052,273,2,15
210052,275,2,20
210052,277,2,20
210052,278,3,15
210052,281,2,15
210053,318,1,15
210053,317,2,20
210053,317,3,15
210053,56,2,32
210053,319,1,10
210053,320,1,8
210054,391,1,15
210054,385,1,30
210054,386,1,20
210054,384,1,12
210054,387,1,12
210054,259,3,11
210055,292,3,15
210055,293,2,20
210055,296,2,15
210055,386,1,15
210055,384,1,15
210055,56,2,12
210055,320,1,8
210056,339,1,5
210056,392,1,10
210056,320,1,15
210056,322,1,20
210056,274,2,30
210056,310,3,20
210057,363,1,15
210057,362,1,25
210057,367,1,20
210057,365,2,22
210057,259,2,10
210057,260,1,8
210058,322,2,15
210058,281,3,20
210058,276,2,20
210058,279,2,25
210058,321,1,12
210058,304,1,8
210059,271,2,12
210059,281,2,30
210059,277,3,30
210059,391,1,12
210059,346,1,8
210059,320,1,8
210060,445,1,10
210060,408,1,20
210060,384,2,10
210060,339,1,15
210060,346,1,20
210060,353,1,25
210061,392,1,12
210061,391,1,20
210061,385,2,16
210061,386,2,20
210061,384,1,12
210061,387,1,12
210061,219,1,8
210062,320,1,5
210062,318,2,20
210062,319,1,19
210062,317,4,10
210062,56,2,14
210062,339,1,12
210062,346,1,12
210062,353,1,8
210063,320,2,15
210063,318,2,15
210063,319,2,14
210063,339,1,14
210063,340,1,8
210063,346,1,14
210063,347,1,10
210063,353,1,10
210064,325,1,16
210064,320,1,14
210064,320,2,8
210064,318,2,10
210064,326,1,8
210064,340,1,8
210064,346,1,10
210064,346,2,5
210064,347,1,15
210064,353,1,6
210065,325,1,25
210065,320,2,15
210065,319,3,10
210065,326,1,10
210065,357,1,3
210065,340,1,8
210065,346,2,8
210065,347,1,15
210065,353,1,6
210066,298,1,5
210066,292,3,25
210066,292,5,10
210066,294,3,12
210066,295,2,12
210066,297,2,12
210066,296,2,12
210066,751,1,12
210067,472,1,20
210067,322,3,10
210067,320,1,18
210067,321,2,18
210067,279,4,10
210067,281,4,10
210067,346,1,14
210068,374,1,20
210068,363,2,25
210068,362,2,12
210068,389,2,12
210068,371,1,15
210068,259,3,8
210068,260,1,8
210069,407,3,20
210069,407,5,8
210069,410,2,24
210069,410,5,8
210069,99,5,15
210069,99,10,10
210069,56,2,15
210070,445,1,10
210070,82,1,18
210070,79,2,10
210070,70,3,20
210070,87,1,14
210070,86,2,17
210070,26,1,5
210070,446,1,3
210070,345,1,3
210071,292,3,30
210071,294,2,20
210071,294,3,10
210071,295,2,10
210071,297,2,20
210071,751,1,10
210081,408,1,15
210081,408,2,8
210081,407,4,7
210081,433,4,10
210081,432,4,10
210081,99,12,15
210081,346,1,15
210081,339,1,10
210081,340,1,5
210081,353,1,5
210082,409,1,12
210082,408,1,15
210082,433,4,10
210082,432,4,10
210082,99,12,13
210082,346,1,20
210082,347,1,10
210082,353,1,5
210082,340,1,5
210083,413,1,8
210083,409,1,15
210083,408,1,12
210083,433,6,10
210083,432,6,10
210083,99,12,9
210083,346,2,10
210083,347,1,15
210083,353,1,7
210083,354,1,4
210084,424,1,12
210084,423,2,15
210084,436,2,10
210084,434,2,10
210084,99,12,15
210084,346,1,18
210084,339,1,10
210084,340,1,5
210084,353,1,5
210085,424,1,10
210085,423,2,10
210085,436,2,8
210085,434,2,8
210085,99,12,12
210085,346,2,10
210085,347,1,15
210085,339,1,10
210085,340,1,8
210085,353,1,5
210085,354,1,4
210086,407,3,20
210086,407,5,10
210086,571,10,20
210086,571,5,12
210086,99,12,22
210086,346,1,8
210086,339,1,8
210087,969,1,15
210087,969,2,8
210087,409,1,14
210087,408,2,10
210087,434,3,15
210087,99,12,10
210087,346,1,18
210087,339,1,10
210088,418,1,10
210088,442,1,14
210088,346,1,15
210088,347,1,10
210088,353,2,8
210088,354,1,15
210088,339,2,8
210088,340,1,12
210088,357,1,8
210089,346,2,10
210089,347,1,20
210089,353,3,8
210089,353,2,9
210089,354,1,20
210089,339,2,7
210089,340,1,18
210089,446,1,5
210089,345,1,3
210090,328,3,10
210090,328,2,60
210090,328,1,30
210091,1539,2,15
210091,1544,1,15
210091,1547,1,20
210091,418,1,20
210091,442,1,30
210092,1554,2,5
210092,1563,1,10
210092,1557,1,15
210092,1565,1,20
210092,418,1,30
210092,442,1,20
210093,1577,2,15
210093,1574,1,15
210093,1572,1,20
210093,442,1,30
210093,418,1,20
210094,324,1,40
210094,703,1,30
210094,697,1,10
210094,471,1,10
210094,451,1,10
210101,353,1,10
210101,576,1,15
210101,579,1,10
210101,582,1,5
210101,685,2,4
210101,693,1,12
210101,460,1,8
210101,691,1,6
210101,707,2,4
210101,713,1,12
210101,716,1,8
210101,718,1,6
210102,353,1,10
210102,609,1,15
210102,612,1,10
210102,615,1,5
210102,804,1,12
210102,807,1,10
210102,810,1,8
210102,858,2,4
210102,861,1,12
210102,864,1,8
210102,866,2,6
210103,353,1,10
210103,639,1,15
210103,642,1,10
210103,645,1,5
210103,914,2,4
210103,917,1,10
210103,920,1,10
210103,923,1,6
210103,977,2,6
210103,980,1,10
210103,969,2,6
210103,973,1,8
210104,354,1,10
210104,596,1,15
210104,599,1,10
210104,602,1,5
210104,697,2,6
210104,700,1,10
210104,703,1,8
210104,471,2,6
210104,1172,1,10
210104,1178,1,10
210104,1180,1,6
210104,1234,1,4
210105,354,1,10
210105,757,1,15
210105,760,1,10
210105,756,1,5
210105,657,2,6
210105,662,1,10
210105,660,1,6
210105,665,1,8
210105,777,2,6
210105,780,1,8
210105,785,1,10
210105,783,1,6
210106,354,1,10
210106,839,1,14
210106,845,1,10
210106,848,1,8
210106,851,1,8
210106,468,2,5
210106,871,1,12
210106,877,1,10
210106,880,1,8
210106,885,2,6
210106,888,1,4
210106,413,2,5
210107,354,1,10
210107,622,1,15
210107,625,1,10
210107,628,1,6
210107,616,4,6
210107,451,1,8
210107,953,1,12
210107,960,1,10
210107,962,1,6
210107,964,2,8
210107,965,1,4
210107,413,2,5
210108,354,1,10
210108,674,1,15
210108,677,1,10
210108,680,1,8
210108,454,1,12
210108,1047,2,6
210108,1053,1,8
210108,1055,1,10
210108,1057,1,6
210108,328,2,10
210108,328,3,5
210109,354,1,4
210109,1297,2,6
210109,1303,1,8
210109,1309,2,6
210109,1312,1,4
210109,1269,2,6
210109,1284,1,8
210109,1286,2,6
210109,1289,1,4
210109,1320,2,6
210109,1326,1,8
210109,1334,2,6
210109,1337,1,4
210109,1345,2,6
210109,1357,1,8
210109,1360,2,6
210109,1363,1,4
210110,354,1,10
210110,576,1,15
210110,579,1,10
210110,582,1,8
210110,584,1,12
210110,1345,1,14
210110,1357,1,8
210110,1359,1,12
210110,1360,1,8
210110,1363,1,3
210111,354,1,10
210111,609,1,15
210111,612,1,10
210111,615,1,8
210111,454,1,12
210111,1406,1,15
210111,1409,2,6
210111,1412,1,8
210111,1414,1,10
210111,1417,1,6
210112,354,1,10
210112,639,1,15
210112,642,1,12
210112,645,1,10
210112,424,2,8
210112,1238,1,15
210112,1247,2,8
210112,1250,1,8
210112,1252,1,10
210112,1255,1,4
210113,354,1,10
210113,622,1,16
210113,625,1,12
210113,628,1,7
210113,451,1,10
210113,1375,1,13
210113,1381,1,8
210113,1383,1,8
210113,1386,1,10
210113,1389,1,6
210114,354,1,10
210114,674,1,15
210114,677,2,8
210114,680,1,12
210114,454,1,10
210114,1073,1,13
210114,1076,1,10
210114,1080,2,8
210114,1083,1,10
210114,1089,1,4
220001,329,1,10
220001,271,1,12
220001,292,4,10
220001,293,2,8
220001,385,2,6
220001,340,1,10
220001,348,1,10
220001,354,1,5
220001,357,1,5
220001,221,2,8
220001,222,2,8
220001,223,2,8
220002,329,1,10
220002,320,2,8
220002,322,2,10
220002,280,2,10
220002,279,1,8
220002,395,1,6
220002,340,1,12
220002,341,1,8
220002,348,1,10
220002,222,2,4
220002,224,2,10
220002,219,1,4
220003,329,1,10
220003,271,2,10
220003,292,2,10
220003,272,4,12
220003,384,2,8
220003,347,2,8
220003,340,1,10
220003,341,1,8
220003,354,1,6
220003,223,2,4
220003,226,2,10
220003,219,1,4
220004,329,1,10
220004,322,2,10
220004,317,4,8
220004,281,2,10
220004,276,2,10
220004,279,1,10
220004,395,1,10
220004,347,1,8
220004,354,1,8
220004,221,2,4
220004,227,2,10
220004,219,1,2
220005,329,1,8
220005,271,2,8
220005,278,2,8
220005,292,2,10
220005,296,2,12
220005,314,2,8
220005,315,1,10
220005,347,2,8
220005,348,1,10
220005,222,2,4
220005,225,2,10
220005,219,1,4
220006,334,1,6
220006,329,1,10
220006,323,2,14
220006,271,2,8
220006,292,2,10
220006,386,2,10
220006,396,1,8
220006,354,1,10
220006,348,1,8
220006,221,2,8
220006,225,2,4
220006,219,1,4
220007,293,2,9
220007,294,2,9
220007,297,2,9
220007,324,1,5
220007,332,1,2
220007,392,2,8
220007,395,1,10
220007,396,1,8
220007,349,1,6
220007,354,1,10
220007,355,1,8
220007,223,2,8
220007,226,2,4
220007,219,1,4
220008,335,1,6
220008,334,1,10
220008,326,1,10
220008,303,1,6
220008,304,1,6
220008,274,2,10
220008,393,1,10
220008,349,1,8
220008,355,1,7
220008,358,1,5
220008,222,2,8
220008,228,2,10
220008,219,1,4
220009,385,2,10
220009,384,1,12
220009,271,2,12
220009,329,1,10
220009,347,1,12
220009,348,1,10
220009,353,1,8
220009,354,1,5
220009,223,2,8
220009,226,2,8
220009,219,1,5
220010,99,4,8
220010,386,2,10
220010,387,2,8
220010,393,1,11
220010,341,1,8
220010,347,1,12
220010,348,1,10
220010,353,1,8
220010,354,1,5
220010,221,1,8
220010,224,1,8
220010,219,1,4
220011,322,2,12
220011,396,1,10
220011,332,1,5
220011,276,2,12
220011,341,1,8
220011,348,1,12
220011,349,1,10
220011,353,1,8
220011,354,1,5
220011,225,2,8
220011,227,2,6
220011,219,1,4
220012,306,2,8
220012,329,1,13
220012,325,1,12
220012,335,1,4
220012,334,1,8
220012,348,1,14
220012,349,1,10
220012,354,1,8
220012,355,1,5
220012,224,1,6
220012,228,1,8
220012,219,1,4
220014,519,2,20
220014,519,1,15
220014,409,2,10
220014,413,1,15
220014,45,4,30
220014,305,5,10
220016,528,2,20
220016,528,1,15
220016,527,2,14
220016,45,2,17
220016,265,1,10
220016,266,1,12
220016,305,4,12
220017,526,1,5
220017,526,2,15
220017,528,4,6
220017,528,2,20
220017,527,4,14
220017,45,1,10
220017,265,1,8
220017,266,1,14
220017,305,4,8
220018,528,2,30
220018,528,1,12
220018,527,4,12
220018,530,1,15
220018,45,2,15
220018,281,5,8
220018,322,2,8
220020,45,2,40
220020,407,2,12
220020,408,1,15
220020,413,1,3
220020,274,4,15
220020,279,4,15
220021,533,2,28
220021,532,2,18
220021,534,1,19
220021,408,1,20
220021,45,3,15
220022,425,1,5
220022,424,2,20
220022,423,4,15
220022,45,4,14
220022,45,2,30
220022,305,4,8
220022,322,4,8
220023,535,1,30
220023,535,2,5
220023,413,1,8
220023,408,2,15
220023,45,3,22
220023,294,6,10
220023,292,6,10
220024,541,4,8
220024,541,2,20
220024,540,4,15
220024,542,4,8
220024,542,2,15
220024,538,1,20
220024,537,2,14
220025,546,1,40
220025,545,2,10
220025,544,1,15
220025,537,2,15
220025,538,1,20
220026,549,4,5
220026,549,2,14
220026,548,4,10
220026,551,3,12
220026,551,2,18
220026,550,4,16
220026,538,1,15
220026,537,2,10
220027,554,3,10
220027,554,2,20
220027,553,2,10
220027,556,3,8
220027,556,2,20
220027,555,2,8
220027,558,1,10
220027,538,2,10
220027,537,2,4
220028,573,2,20
220028,573,4,12
220028,575,4,14
220028,571,6,17
220028,571,10,5
220028,420,2,32
220029,587,2,20
220029,587,4,12
220029,589,4,14
220029,571,6,17
220029,571,10,5
220029,420,2,32
220030,420,2,24
220030,420,1,10
220030,589,4,8
220030,571,6,4
220030,571,10,14
220030,587,2,30
220030,587,4,10
220031,595,2,20
220031,595,4,6
220031,571,2,20
220031,571,6,12
220031,571,10,3
220031,592,2,20
220031,592,4,7
220031,420,2,12
220032,633,2,20
220032,633,4,8
220032,630,2,20
220032,630,4,8
220032,420,2,10
220032,420,4,4
220032,407,8,6
220032,322,6,14
220032,302,8,10
220033,608,2,14
220033,608,4,6
220033,603,4,25
220033,603,10,8
220033,603,20,5
220033,605,2,20
220033,605,4,7
220033,420,3,15
220034,621,2,14
220034,621,4,6
220034,616,3,25
220034,616,6,8
220034,616,15,5
220034,618,2,20
220034,618,4,7
220034,420,4,15
220035,565,1,22
220035,567,2,16
220035,569,1,8
220035,564,2,16
220035,413,2,18
220035,413,1,6
220035,99,16,14
220036,560,2,25
220036,560,3,15
220036,559,3,20
220036,537,3,10
220036,538,3,6
220036,538,2,10
220036,436,3,14
220037,805,1,35
220037,808,1,5
220037,409,1,40
220037,369,6,10
220037,370,4,10
220038,754,1,25
220038,754,2,5
220038,753,2,10
220038,756,1,10
220038,45,2,20
220038,424,2,20
220038,292,4,10
220039,975,2,25
220039,975,4,10
220039,434,4,30
220039,434,6,10
220039,407,4,12
220039,413,1,5
220039,969,2,8
220040,991,2,35
220040,991,4,12
220040,434,4,20
220040,434,6,10
220040,969,2,7
220040,392,2,8
220040,424,1,8
220041,836,1,20
220041,836,2,8
220041,835,3,14
220041,838,2,14
220041,408,2,16
220041,407,4,8
220041,45,4,20
220042,894,2,12
220042,894,1,26
220042,893,2,18
220042,45,4,12
220042,409,1,10
220042,408,2,8
220042,306,2,6
220042,335,1,3
220042,326,1,5
220043,775,2,10
220043,775,1,40
220043,774,4,15
220043,434,6,15
220043,423,4,10
220043,322,4,10
220044,940,2,10
220044,940,1,17
220044,939,1,40
220044,436,3,15
220044,322,5,12
220044,322,7,6
220046,763,2,13
220046,763,1,30
220046,434,2,15
220046,424,2,25
220046,271,2,7
220046,292,3,10
220047,562,1,28
220047,387,2,30
220047,538,1,27
220047,537,2,15
220051,292,3,30
220051,294,2,20
220051,294,3,10
220051,295,2,10
220051,297,2,20
220051,298,1,10
220053,334,1,8
220053,332,1,4
220053,329,1,15
220053,324,1,15
220053,320,2,12
220053,322,2,20
220053,349,1,8
220053,354,1,12
220053,355,1,6
220054,391,2,15
220054,395,1,15
220054,385,2,20
220054,386,2,15
220054,384,1,12
220054,387,1,12
220054,259,3,11
220056,341,1,5
220056,392,1,8
220056,329,1,12
220056,322,2,17
220056,274,2,25
220056,310,3,15
220056,280,2,10
220056,303,1,8
220057,362,2,15
220057,364,2,20
220057,370,1,17
220057,368,1,18
220057,373,1,12
220057,259,2,10
220057,260,2,8
220060,446,1,10
220060,445,2,10
220060,409,1,15
220060,384,2,10
220060,341,1,15
220060,348,1,20
220060,354,1,20
220062,329,1,10
220062,332,1,5
220062,324,1,12
220062,319,2,13
220062,56,2,14
220062,347,1,12
220062,348,1,12
220062,340,1,15
220062,341,1,7
220063,332,1,14
220063,334,1,10
220063,329,1,12
220063,325,2,9
220063,324,1,12
220063,324,2,6
220063,341,1,10
220063,342,1,6
220063,349,1,8
220063,355,1,8
220063,449,1,5
220064,335,1,4
220064,334,1,8
220064,329,1,15
220064,326,1,10
220064,325,2,12
220064,341,1,12
220064,342,1,6
220064,348,1,12
220064,349,1,8
220064,355,1,8
220064,358,1,5
220069,446,1,6
220069,82,2,10
220069,70,5,12
220069,26,1,8
220069,36,2,12
220069,34,2,11
220069,28,1,9
220069,447,1,4
220069,345,1,5
220069,33,1,9
220069,17,1,7
220069,20,1,7
220070,445,3,10
220070,82,2,10
220070,70,5,18
220070,87,3,10
220070,26,1,7
220070,36,1,14
220070,34,2,14
220070,28,1,7
220070,446,1,5
220070,447,1,2
220070,345,1,3
220071,396,1,12
220071,293,2,6
220071,294,2,6
220071,297,2,6
220071,324,1,5
220071,332,1,2
220071,392,2,10
220071,395,1,13
220071,349,1,6
220071,354,1,10
220071,355,1,8
220071,223,2,8
220071,226,2,4
220071,219,1,4
220072,341,1,6
220072,393,1,18
220072,280,2,20
220072,325,2,14
220072,332,1,6
220072,348,2,13
220072,349,1,9
220072,354,2,8
220072,355,1,6
220073,341,1,6
220073,340,1,15
220073,320,2,12
220073,329,1,13
220073,332,1,4
220073,348,2,12
220073,427,1,7
220073,290,1,12
220073,354,1,12
220073,357,1,7
220074,446,1,4
220074,329,1,12
220074,325,2,11
220074,319,2,11
220074,340,1,13
220074,341,1,11
220074,347,2,10
220074,348,1,12
220074,354,1,10
220074,447,1,6
220081,414,1,8
220081,413,1,12
220081,409,1,15
220081,433,6,10
220081,432,6,10
220081,99,12,9
220081,347,2,10
220081,348,1,12
220081,354,1,7
220081,341,1,7
220082,415,1,10
220082,414,1,12
220082,413,4,6
220082,433,8,8
220082,432,8,8
220082,99,16,6
220082,347,2,7
220082,348,1,12
220082,349,1,10
220082,355,1,8
220082,341,1,8
220082,358,1,5
220083,415,1,14
220083,414,1,18
220083,433,8,6
220083,432,8,6
220083,99,16,4
220083,348,1,14
220083,349,1,10
220083,350,1,5
220083,355,1,8
220083,342,1,10
220083,358,1,5
220084,425,1,12
220084,424,2,15
220084,436,3,8
220084,434,3,8
220084,99,12,8
220084,347,2,8
220084,348,1,12
220084,354,1,7
220084,340,1,10
220084,341,1,7
220084,357,1,5
220085,425,1,10
220085,425,2,4
220085,424,3,12
220085,436,2,6
220085,434,2,6
220085,99,16,11
220085,347,2,8
220085,348,1,12
220085,349,1,10
220085,355,1,8
220085,341,1,8
220085,358,1,5
220088,443,1,8
220088,442,1,12
220088,418,1,10
220088,418,2,5
220088,349,1,17
220088,350,1,8
220088,355,1,12
220088,355,2,6
220088,342,1,14
220088,358,1,8
220089,347,2,10
220089,348,1,23
220089,353,3,8
220089,354,2,14
220089,354,1,8
220089,340,2,9
220089,341,1,20
220089,446,1,5
220089,345,1,3
220090,348,2,12
220090,349,1,15
220090,350,1,5
220090,354,2,13
220090,355,1,15
220090,341,1,18
220090,342,1,10
220090,358,1,5
220090,446,1,5
220090,447,1,2
220091,1540,2,12
220091,1546,1,17
220091,1547,1,12
220091,1552,1,8
220091,418,2,16
220091,443,1,20
220091,442,2,15
220092,1555,2,5
220092,1563,1,8
220092,1558,1,20
220092,1565,1,12
220092,418,1,20
220092,443,1,20
220092,442,2,15
220093,1578,2,12
220093,1575,1,15
220093,1584,2,15
220093,1585,1,8
220093,418,1,15
220093,443,1,20
220093,442,2,15
220094,1496,2,1
220094,1496,1,7
220094,1491,1,24
220094,1491,2,5
220094,1493,1,28
220094,1495,1,20
220094,425,5,15
220095,1509,1,15
220095,1506,1,36
220095,1515,1,16
220095,1512,2,14
220095,1523,1,1
220095,1520,2,18
220096,1669,1,10
220096,1672,1,17
220096,1668,2,8
220096,1671,2,8
220096,1674,2,10
220096,1676,2,10
220096,350,2,8
220096,355,1,8
220096,355,2,6
220096,342,1,15
220097,1586,1,15
220097,1586,2,5
220097,349,1,17
220097,350,1,8
220097,355,1,12
220097,355,2,6
220097,341,1,15
220097,342,1,14
220097,358,1,8
220098,538,5,5
220098,538,3,15
220098,538,2,18
220098,347,3,12
220098,348,2,10
220098,675,1,10
220098,678,2,8
220098,680,2,10
220098,455,1,12
220099,538,1,50
220099,537,2,15
220099,1015,1,10
220099,1017,1,12
220099,1019,1,8
220099,469,1,5
220100,1692,1,22
220100,1690,1,24
220100,1694,1,8
220100,1696,1,13
220100,1698,1,10
220100,1700,1,20
220100,1702,1,3
220101,354,1,6
220101,597,2,4
220101,600,1,8
220101,602,1,6
220101,577,2,4
220101,580,1,8
220101,582,1,6
220101,1015,2,4
220101,1017,1,8
220101,1019,1,6
220101,758,2,4
220101,761,1,8
220101,756,1,6
220101,610,2,4
220101,613,1,8
220101,455,1,6
220101,438,1,4
220102,355,1,10
220102,675,1,15
220102,678,1,10
220102,455,1,5
220102,711,1,10
220102,714,2,8
220102,458,1,8
220102,720,1,4
220102,731,2,6
220102,734,1,8
220102,736,1,6
220102,461,1,10
220103,355,1,10
220103,978,1,15
220103,981,1,10
220103,969,2,5
220103,1173,1,10
220103,1176,1,10
220103,1181,1,6
220103,1235,1,4
220103,856,2,6
220103,859,1,10
220103,862,2,6
220103,867,1,8
220104,355,1,10
220104,1110,1,15
220104,464,1,10
220104,1113,1,5
220104,1048,1,10
220104,1051,1,8
220104,1058,1,4
220104,328,2,8
220104,993,2,6
220104,999,1,10
220104,996,1,8
220104,971,2,6
220105,355,1,10
220105,805,2,4
220105,808,1,8
220105,811,1,6
220105,640,2,4
220105,643,1,8
220105,646,1,6
220105,623,2,4
220105,626,1,6
220105,628,1,4
220105,452,1,4
220105,658,2,4
220105,663,1,6
220105,661,1,4
220105,666,2,4
220105,675,2,4
220105,678,1,8
220105,455,1,6
220106,355,1,4
220106,1173,1,10
220106,1176,1,10
220106,1181,1,7
220106,1184,1,3
220106,686,1,12
220106,689,1,8
220106,692,1,4
220106,461,2,6
220106,1273,1,12
220106,1282,1,8
220106,1287,2,7
220106,1290,1,3
220106,440,1,6
220107,355,1,4
220107,711,1,10
220107,714,2,8
220107,458,1,8
220107,720,1,4
220107,1324,1,12
220107,1330,1,8
220107,1335,2,7
220107,1338,1,3
220107,1023,2,7
220107,1027,1,10
220107,1029,1,8
220107,1031,1,5
220107,440,1,6
220108,355,1,10
220108,1110,1,12
220108,464,1,8
220108,1113,1,5
220108,472,4,5
220108,943,2,6
220108,949,1,10
220108,466,1,8
220108,926,1,6
220108,1301,1,12
220108,1304,1,8
220108,1310,2,7
220108,1313,1,3
220109,355,1,4
220109,731,2,6
220109,734,1,8
220109,736,1,6
220109,461,1,10
220109,915,2,6
220109,918,1,10
220109,921,1,8
220109,926,1,6
220109,1349,1,12
220109,1355,1,8
220109,1361,2,7
220109,1364,1,3
220109,440,1,6
220110,355,1,4
220110,1121,1,12
220110,1128,2,8
220110,1131,2,6
220110,1134,1,4
220110,813,2,6
220110,815,1,10
220110,817,1,8
220110,821,1,6
220110,872,2,7
220110,878,1,10
220110,881,1,8
220110,889,1,5
220110,440,1,6
220111,355,1,4
220111,758,1,12
220111,761,1,10
220111,756,1,8
220111,955,2,7
220111,958,1,10
220111,961,1,5
220111,963,1,8
220111,1097,2,7
220111,1099,1,8
220111,1101,1,10
220111,1105,1,5
220111,440,1,6
220112,355,1,4
220112,993,2,6
220112,999,1,10
220112,996,1,8
220112,971,2,6
220112,825,2,6
220112,827,1,10
220112,829,1,8
220112,831,1,6
220112,897,2,6
220112,903,1,10
220112,905,1,6
220112,907,1,8
220112,440,1,6
220113,355,1,10
220113,1203,1,10
220113,1206,1,10
220113,1209,1,7
220113,1214,1,3
220113,789,2,6
220113,791,1,10
220113,793,1,8
220113,795,1,6
220113,1491,1,10
220113,1496,1,5
220113,1487,1,7
220113,1495,1,8
220114,355,1,10
220114,695,1,8
220114,485,1,10
220114,490,1,12
220114,689,1,10
220114,692,1,5
220114,1001,1,8
220114,480,1,10
220114,485,1,12
220114,996,1,7
220114,999,1,8
220115,355,1,4
220115,658,2,4
220115,663,1,6
220115,661,1,8
220115,666,1,6
220115,778,2,7
220115,781,1,8
220115,785,1,5
220115,783,2,4
220115,943,2,4
220115,945,1,8
220115,947,1,7
220115,926,1,5
220115,1301,2,6
220115,1304,1,8
220115,1310,1,6
220115,1313,1,4
220116,355,1,4
220116,1324,1,8
220116,1330,1,6
220116,1335,2,6
220116,1338,1,4
220116,840,2,6
220116,846,1,8
220116,849,1,4
220116,469,1,6
220116,813,2,6
220116,815,1,8
220116,817,1,6
220116,821,1,4
220116,1023,2,5
220116,1027,1,8
220116,1029,1,6
220116,1031,1,5
220117,355,1,4
220117,731,2,4
220117,734,1,6
220117,736,1,4
220117,461,1,4
220117,1048,2,4
220117,1051,1,6
220117,1058,1,3
220117,328,2,5
220117,897,2,4
220117,903,1,6
220117,905,1,4
220117,907,1,4
220117,1203,2,4
220117,1206,1,6
220117,1209,1,4
220117,1214,1,4
220117,1349,2,4
220117,1355,1,6
220117,1361,1,4
220117,1364,1,4
220117,440,1,6
220118,355,1,4
220118,1110,2,4
220118,464,1,6
220118,1113,1,4
220118,472,4,4
220118,872,2,4
220118,878,1,6
220118,881,1,4
220118,889,1,4
220118,1239,2,4
220118,1245,1,6
220118,1253,1,4
220118,1256,1,4
220118,1491,2,4
220118,1496,1,4
220118,1487,1,5
220118,1495,1,5
220118,1270,2,4
220118,1273,1,6
220118,1276,1,4
220118,1290,1,4
220118,440,1,6
220119,355,1,4
220119,1121,1,6
220119,1128,2,7
220119,1131,2,7
220119,1134,1,4
220119,1379,2,6
220119,1384,1,7
220119,1387,1,7
220119,1390,1,4
220119,1404,2,6
220119,1410,1,7
220119,1418,1,7
220119,1420,1,4
220119,1443,2,6
220119,1446,1,7
220119,1450,1,7
220119,1456,1,4
220120,355,1,4
220120,705,1,8
220120,508,1,7
220120,698,2,5
220120,702,1,10
220120,967,1,8
220120,510,1,7
220120,963,1,10
220120,961,1,5
220120,1033,1,8
220120,494,1,7
220120,1027,1,11
220120,1031,1,4
220120,440,2,6
220121,355,1,4
220121,1392,1,10
220121,476,1,10
220121,481,1,10
220121,1384,2,9
220121,1390,1,6
220121,1422,1,10
220121,488,1,10
220121,485,1,10
220121,1410,1,11
220121,1420,1,4
220121,440,2,6
220122,355,1,4
220122,743,1,8
220122,508,1,7
220122,734,2,9
220122,736,1,6
220122,695,1,8
220122,485,1,7
220122,689,2,9
220122,692,1,6
220122,1186,1,8
220122,490,1,7
220122,1176,1,11
220122,1184,1,4
220122,440,2,6
220123,355,1,4
220123,853,1,8
220123,494,1,7
220123,846,2,9
220123,849,1,6
220123,1107,1,8
220123,488,1,7
220123,1099,1,11
220123,1105,1,4
220123,1258,1,8
220123,502,1,7
220123,1253,1,11
220123,1256,1,4
220123,440,2,6
220124,355,1,4
220124,1216,1,8
220124,490,1,7
220124,1209,1,11
220124,1214,1,4
220124,1258,1,8
220124,502,1,7
220124,1248,1,11
220124,1256,1,4
220124,891,1,8
220124,500,1,7
220124,878,1,11
220124,889,1,4
220124,440,2,6
220125,355,1,4
220125,1115,1,8
220125,498,1,7
220125,1110,1,11
220125,1113,1,4
220125,1001,1,8
220125,481,1,7
220125,996,1,8
220125,999,1,7
220125,1292,1,8
220125,500,1,7
220125,1273,1,11
220125,1290,1,4
220125,440,2,6
220126,355,1,4
220126,695,1,8
220126,490,1,7
220126,689,1,9
220126,692,1,6
220126,722,1,8
220126,512,1,7
220126,714,1,11
220126,720,1,4
220126,743,1,8
220126,508,1,7
220126,734,2,9
220126,736,1,6
220126,440,2,6
220127,355,1,4
220127,1315,1,8
220127,504,1,7
220127,1304,1,11
220127,1313,1,4
220127,799,1,8
220127,494,1,7
220127,791,1,9
220127,793,1,6
220127,787,1,8
220127,476,1,7
220127,778,1,8
220127,781,1,7
220127,440,2,6
220128,355,1,4
220128,1292,1,8
220128,500,1,7
220128,1273,1,11
220128,1290,1,4
220128,1216,1,8
220128,490,1,7
220128,1209,1,11
220128,1214,1,4
220128,1422,1,8
220128,488,1,7
220128,1418,1,11
220128,1420,1,4
220128,440,2,6
220129,355,1,4
220129,1340,1,6
220129,481,1,6
220129,1330,1,8
220129,1338,1,4
220129,823,1,6
220129,514,1,6
220129,815,1,8
220129,821,1,4
220129,869,1,6
220129,496,1,6
220129,862,1,6
220129,867,1,6
220129,891,1,6
220129,500,1,6
220129,875,1,8
220129,889,1,4
220130,355,1,4
220130,1060,1,6
220130,514,1,6
220130,1048,1,8
220130,1058,1,4
220130,1107,1,6
220130,488,1,6
220130,1101,1,8
220130,1105,1,4
220130,1093,1,6
220130,516,1,6
220130,1074,1,8
220130,1090,1,4
220130,1366,1,6
220130,492,1,6
220130,1346,1,8
220130,1364,1,4
220131,355,1,4
220131,1379,2,8
220131,1384,1,8
220131,1387,1,8
220131,1390,1,6
220131,1203,1,10
220131,1206,1,9
220131,1209,1,7
220131,1214,1,4
220131,1349,2,8
220131,1355,1,10
220131,1361,1,8
220131,1364,1,4
220131,440,1,6
220132,355,1,10
220132,640,1,12
220132,643,1,10
220132,646,1,8
220132,711,1,10
220132,714,2,8
220132,458,1,8
220132,720,1,4
220132,943,1,10
220132,945,1,7
220132,947,1,7
220132,926,1,6
220133,355,1,10
220133,675,1,15
220133,678,1,10
220133,455,1,5
220133,978,1,15
220133,981,1,10
220133,969,2,5
220133,1203,1,10
220133,1206,1,10
220133,1209,1,7
220133,1214,1,3
220134,354,3,10
220134,1203,2,5
220134,1206,1,6
220134,1209,1,4
220134,1214,1,3
220134,728,2,4
220134,731,1,4
220134,734,1,6
220134,736,1,4
220134,1379,2,4
220134,1384,1,5
220134,1387,1,5
220134,1390,1,4
220134,1121,2,4
220134,1128,2,5
220134,1131,2,5
220134,1134,1,4
220134,1239,2,4
220134,1245,1,6
220134,1253,1,4
220134,1256,1,4
220135,354,3,10
220135,778,2,5
220135,781,1,5
220135,785,1,4
220135,783,2,4
220135,872,2,4
220135,878,1,6
220135,881,1,4
220135,889,1,4
220135,1071,2,4
220135,1077,1,5
220135,1084,1,5
220135,1090,1,4
220135,1443,2,5
220135,1446,1,5
220135,1450,1,5
220135,1456,1,3
220135,1404,2,4
220135,1410,1,5
220135,1418,1,5
220135,1420,1,4
220136,354,3,4
220136,1301,1,8
220136,1304,1,7
220136,1310,2,5
220136,1313,1,4
220136,1324,1,8
220136,1330,1,7
220136,1335,2,5
220136,1338,1,4
220136,1273,1,8
220136,1282,1,7
220136,1287,2,5
220136,1290,1,4
220136,1349,1,8
220136,1355,1,7
220136,1361,2,5
220136,1364,1,4
220137,354,3,10
220137,1523,1,1
220137,1518,1,8
220137,1517,1,8
220137,1512,2,6
220137,1515,2,7
220137,1379,1,10
220137,1384,2,8
220137,1387,2,8
220137,1390,1,4
220137,1121,1,10
220137,1128,2,8
220137,1131,2,8
220137,1134,1,4
220141,355,1,10
220141,1015,2,7
220141,1017,2,13
220141,1019,1,10
220141,789,2,6
220141,791,2,10
220141,793,1,8
220141,795,1,6
220141,1443,2,8
220141,1450,1,9
220141,1446,2,8
220141,1456,1,5
220142,355,1,10
220142,577,2,8
220142,580,2,12
220142,582,1,10
220142,675,2,8
220142,678,2,12
220142,455,1,10
220142,1121,2,7
220142,1128,2,9
220142,1131,2,9
220142,1134,1,5
220143,355,1,4
220143,610,2,7
220143,613,2,13
220143,455,1,10
220143,1035,2,9
220143,1037,2,7
220143,1039,1,8
220143,1041,1,6
220143,1379,2,10
220143,1384,2,8
220143,1387,2,8
220143,1390,1,4
220143,440,1,6
220144,355,1,4
220144,623,2,7
220144,626,2,9
220144,628,1,7
220144,452,2,7
220144,1156,2,10
220144,461,2,8
220144,1157,1,8
220144,1158,1,4
220144,1163,2,10
220144,1169,1,5
220144,458,2,7
220144,1165,1,8
220144,440,1,6
220145,355,1,4
220145,698,2,8
220145,702,1,10
220145,471,2,4
220145,452,1,8
220145,1173,2,10
220145,1176,2,10
220145,1181,1,7
220145,1184,1,3
220145,731,2,7
220145,734,1,9
220145,736,1,7
220145,461,2,7
220145,440,1,6
220146,355,1,4
220146,597,2,12
220146,600,1,10
220146,592,2,8
220146,686,2,12
220146,689,1,8
220146,692,1,4
220146,461,2,6
220146,1203,2,7
220146,1206,2,9
220146,1209,1,7
220146,1214,1,7
220146,440,1,6
220147,355,1,4
220147,840,2,7
220147,846,2,10
220147,849,1,5
220147,469,2,8
220147,813,2,6
220147,815,2,10
220147,817,1,8
220147,821,1,6
220147,1097,2,7
220147,1099,1,8
220147,1101,2,10
220147,1105,1,5
220147,440,1,6
220148,355,1,10
220148,711,1,10
220148,714,2,8
220148,458,2,8
220148,720,1,4
220148,872,2,7
220148,878,2,10
220148,881,1,8
220148,889,1,5
220148,1239,2,7
220148,1245,1,10
220148,1253,2,8
220148,1256,1,5
220149,355,1,10
220149,766,2,10
220149,770,1,7
220149,769,2,6
220149,425,2,7
220149,1008,1,7
220149,1006,2,10
220149,1010,2,8
220149,1012,1,5
220149,955,2,7
220149,958,2,10
220149,961,1,5
220149,963,2,8
220172,947,1,25
220172,941,1,20
220172,926,2,40
220172,925,3,15
220201,329,1,11
220201,325,2,9
220201,319,1,10
220201,280,2,10
220201,393,1,11
220201,341,1,9
220201,342,1,7
220201,347,2,8
220201,354,1,5
220201,222,2,7
220201,224,2,9
220201,219,1,4
220202,329,1,12
220202,393,2,6
220202,304,1,8
220202,281,1,10
220202,290,1,10
220202,385,2,8
220202,341,1,7
220202,348,1,8
220202,354,1,5
220202,226,2,8
220202,227,2,8
220202,228,2,10
220203,329,1,12
220203,271,1,10
220203,279,2,8
220203,393,1,10
220203,392,1,10
220203,396,1,7
220203,341,1,8
220203,348,1,10
220203,354,1,5
220203,222,2,8
220203,225,2,8
220203,219,1,4
221001,473,1,10
221001,475,1,25
221001,480,1,25
221001,349,1,12
221001,350,1,8
221001,354,2,5
221001,355,1,7
221001,342,1,8
221002,473,1,10
221002,475,1,25
221002,485,1,25
221002,349,1,12
221002,350,1,8
221002,354,2,5
221002,355,1,7
221002,342,1,8
221003,473,1,10
221003,480,1,25
221003,485,1,25
221003,349,1,12
221003,350,1,8
221003,354,2,5
221003,355,1,7
221003,342,1,8
221004,473,1,10
221004,490,1,25
221004,485,1,25
221004,349,1,12
221004,350,1,8
221004,354,2,5
221004,355,1,7
221004,342,1,8
221005,473,1,10
221005,475,1,25
221005,492,1,25
221005,349,1,12
221005,350,1,8
221005,354,2,5
221005,355,1,7
221005,342,1,8
221006,473,1,10
221006,492,1,25
221006,514,1,25
221006,349,1,12
221006,350,1,8
221006,354,2,5
221006,355,1,7
221006,342,1,8
221007,473,1,10
221007,490,1,25
221007,508,1,25
221007,349,1,12
221007,350,1,8
221007,354,2,5
221007,355,1,7
221007,342,1,8
221008,473,1,10
221008,494,1,25
221008,480,1,25
221008,349,1,12
221008,350,1,8
221008,354,2,5
221008,355,1,7
221008,342,1,8
221009,473,1,10
221009,496,1,25
221009,480,1,25
221009,349,1,12
221009,350,1,8
221009,354,2,5
221009,355,1,7
221009,342,1,8
221010,473,1,10
221010,496,1,25
221010,514,1,25
221010,349,1,12
221010,350,1,8
221010,354,2,5
221010,355,1,7
221010,342,1,8
221011,473,1,10
221011,498,1,50
221011,349,1,12
221011,350,1,8
221011,354,2,5
221011,355,1,7
221011,342,1,8
221012,473,1,10
221012,504,1,25
221012,475,1,25
221012,349,1,12
221012,350,1,8
221012,354,2,5
221012,355,1,7
221012,342,1,8
221013,473,1,10
221013,508,1,25
221013,485,1,25
221013,349,1,12
221013,350,1,8
221013,354,2,5
221013,355,1,7
221013,342,1,8
221015,473,1,10
221015,512,1,50
221015,349,1,12
221015,350,1,8
221015,354,2,5
221015,355,1,7
221015,342,1,8
221016,473,1,10
221016,510,1,50
221016,349,1,12
221016,350,1,8
221016,354,2,5
221016,355,1,7
221016,342,1,8
221017,473,1,10
221017,476,1,25
221017,481,1,25
221017,349,1,12
221017,350,1,8
221017,354,2,5
221017,355,1,7
221017,342,1,8
221018,473,1,10
221018,476,1,25
221018,488,1,25
221018,349,1,12
221018,350,1,8
221018,354,2,5
221018,355,1,7
221018,342,1,8
221019,473,1,10
221019,481,1,25
221019,488,1,25
221019,349,1,12
221019,350,1,8
221019,354,2,5
221019,355,1,7
221019,342,1,8
221020,473,1,10
221020,488,1,25
221020,485,1,25
221020,349,1,12
221020,350,1,8
221020,354,2,5
221020,355,1,7
221020,342,1,8
221021,473,1,10
221021,476,1,25
221021,492,1,25
221021,349,1,12
221021,350,1,8
221021,354,2,5
221021,355,1,7
221021,342,1,8
221022,473,1,10
221022,481,1,25
221022,492,1,25
221022,349,1,12
221022,350,1,8
221022,354,2,5
221022,355,1,7
221022,342,1,8
221023,473,1,10
221023,490,1,25
221023,506,1,25
221023,349,1,12
221023,350,1,8
221023,354,2,5
221023,355,1,7
221023,342,1,8
221024,473,1,10
221024,481,1,25
221024,496,1,25
221024,349,1,12
221024,350,1,8
221024,354,2,5
221024,355,1,7
221024,342,1,8
221025,473,1,10
221025,481,1,25
221025,494,1,25
221025,349,1,12
221025,350,1,8
221025,354,2,5
221025,355,1,7
221025,342,1,8
221026,473,1,10
221026,504,1,25
221026,476,1,25
221026,349,1,12
221026,350,1,8
221026,354,2,5
221026,355,1,7
221026,342,1,8
221027,473,1,10
221027,500,1,25
221027,481,1,25
221027,349,1,12
221027,350,1,8
221027,354,2,5
221027,355,1,7
221027,342,1,8
221028,473,1,10
221028,500,1,25
221028,488,1,25
221028,349,1,12
221028,350,1,8
221028,354,2,5
221028,355,1,7
221028,342,1,8
221029,473,1,10
221029,502,1,25
221029,488,1,25
221029,349,1,12
221029,350,1,8
221029,354,2,5
221029,355,1,7
221029,342,1,8
221030,473,1,10
221030,506,1,25
221030,476,1,25
221030,349,1,12
221030,350,1,8
221030,354,2,5
221030,355,1,7
221030,342,1,8
221031,473,1,10
221031,506,1,25
221031,481,1,25
221031,349,1,12
221031,350,1,8
221031,354,2,5
221031,355,1,7
221031,342,1,8
221032,473,1,10
221032,516,1,50
221032,349,1,12
221032,350,1,8
221032,354,2,5
221032,355,1,7
221032,342,1,8
221033,473,1,10
221033,506,1,25
221033,508,1,25
221033,349,1,12
221033,350,1,8
221033,354,2,5
221033,355,1,7
221033,342,1,8
222001,652,1,8
222001,651,1,10
222001,649,1,16
222001,648,1,20
222001,646,1,20
222001,425,1,14
222001,271,6,12
222002,652,1,12
222002,651,2,15
222002,649,1,30
222002,648,2,8
222002,646,2,15
222002,425,2,8
222002,271,6,12
222003,669,1,6
222003,668,1,10
222003,672,1,10
222003,671,1,16
222003,661,1,12
222003,666,1,22
222003,425,2,18
222003,322,6,6
222004,669,1,11
222004,668,2,6
222004,672,1,15
222004,671,2,10
222004,661,1,12
222004,666,1,22
222004,425,2,18
222004,322,6,6
222005,986,1,18
222005,985,1,20
222005,989,1,8
222005,988,1,10
222005,973,1,8
222005,414,1,8
222005,969,2,20
222005,371,3,8
222006,986,1,25
222006,985,2,8
222006,989,1,15
222006,988,2,8
222006,973,2,13
222006,414,2,13
222006,969,2,10
222006,371,3,8
222007,1189,1,20
222007,1188,1,30
222007,1192,2,5
222007,1191,2,10
222007,461,1,10
222007,415,1,10
222007,1180,2,2
222007,1181,1,10
222007,1184,1,3
222008,1189,1,22
222008,1188,3,32
222008,1192,2,5
222008,1191,3,10
222008,461,2,8
222008,415,2,6
222008,1181,1,12
222008,1184,1,5
222009,934,1,6
222009,933,1,11
222009,931,1,10
222009,930,1,14
222009,937,1,5
222009,936,1,10
222009,918,1,15
222009,923,1,10
222009,926,1,14
222009,425,2,5
222010,934,1,10
222010,933,2,4
222010,931,1,20
222010,930,2,8
222010,937,1,10
222010,918,2,15
222010,923,1,10
222010,926,1,18
222010,425,2,5
222011,1142,1,5
222011,1141,1,10
222011,1139,1,16
222011,1138,1,18
222011,1131,2,10
222011,1128,2,10
222011,1123,1,10
222011,1134,1,6
222011,414,2,8
222011,440,1,7
222012,1142,1,8
222012,1141,2,10
222012,1139,1,20
222012,1138,2,8
222012,1131,2,10
222012,1128,2,10
222012,1123,1,9
222012,1134,1,10
222012,414,2,5
222012,440,1,10
222013,1063,1,8
222013,1062,1,10
222013,1066,1,10
222013,1065,1,12
222013,1051,1,17
222013,1057,1,8
222013,1058,1,4
222013,328,4,10
222013,415,1,10
222013,440,1,6
222013,335,1,5
222014,1063,1,12
222014,1062,2,8
222014,1066,1,14
222014,1065,2,8
222014,1051,1,15
222014,1057,1,8
222014,1058,1,5
222014,328,4,9
222014,415,1,10
222014,440,1,6
222014,335,1,5
222015,746,1,10
222015,745,1,12
222015,749,1,10
222015,748,1,17
222015,737,1,8
222015,739,1,8
222015,741,1,15
222015,461,2,14
222015,440,1,6
222016,746,1,14
222016,745,2,8
222016,749,1,23
222016,748,2,8
222016,737,1,8
222016,739,1,8
222016,741,2,10
222016,461,2,14
222016,440,1,7
222017,1222,1,4
222017,1221,1,10
222017,1219,1,12
222017,1218,1,20
222017,1209,1,25
222017,1235,1,6
222017,1214,1,2
222017,415,1,13
222017,461,1,8
222018,1222,1,10
222018,1221,2,8
222018,1219,1,20
222018,1218,2,10
222018,1209,1,25
222018,1235,1,7
222018,1214,1,3
222018,415,2,9
222018,461,1,8
222019,1261,1,8
222019,1260,1,10
222019,1264,1,10
222019,1263,1,14
222019,1266,1,8
222019,1253,1,14
222019,1248,1,12
222019,394,6,8
222019,1255,1,5
222019,1256,1,3
222019,415,1,8
222020,1261,1,12
222020,1260,2,8
222020,1264,1,20
222020,1263,2,8
222020,1267,1,10
222020,1253,1,13
222020,1248,2,6
222020,394,6,8
222020,1255,1,7
222020,1256,1,5
222020,415,2,3
222021,1398,1,4
222021,1397,1,10
222021,1395,1,14
222021,1394,1,20
222021,1400,2,10
222021,1387,2,10
222021,1389,1,8
222021,1390,1,6
222021,415,1,10
222021,440,1,8
222022,1398,1,10
222022,1397,2,6
222022,1395,1,21
222022,1394,2,6
222022,1401,2,10
222022,1387,2,10
222022,1389,1,10
222022,1390,1,7
222022,415,1,10
222022,440,1,10
222023,1369,1,5
222023,1368,1,10
222023,1372,1,13
222023,1371,1,15
222023,1352,2,10
222023,1355,1,13
222023,1359,4,5
222023,1361,1,15
222023,1364,1,3
222023,1363,1,5
222023,415,2,6
222024,1369,1,12
222024,1368,2,8
222024,1372,1,23
222024,1371,2,6
222024,1352,2,10
222024,1355,1,13
222024,1359,4,5
222024,1361,1,13
222024,1364,1,5
222024,1363,1,5
222030,429,1,18
222030,429,2,5
222030,409,1,18
222030,408,2,5
222030,433,4,8
222030,432,4,8
222030,99,12,10
222030,346,1,13
222030,347,1,10
222030,354,1,5
222031,429,1,18
222031,429,2,5
222031,424,1,18
222031,423,2,5
222031,436,4,16
222031,99,12,10
222031,346,1,13
222031,347,1,10
222031,354,1,5
222032,429,1,10
222032,429,2,15
222032,413,1,10
222032,414,1,8
222032,347,2,8
222032,348,1,12
222032,353,1,14
222032,354,1,8
222032,340,1,10
222032,341,1,5
222033,429,1,10
222033,429,2,15
222033,424,2,10
222033,425,1,8
222033,347,2,8
222033,348,1,12
222033,353,1,14
222033,354,1,8
222033,340,1,10
222033,341,1,5
222034,430,1,18
222034,430,2,5
222034,429,2,13
222034,414,2,5
222034,415,1,8
222034,348,1,10
222034,349,1,8
222034,354,1,10
222034,355,1,8
222034,341,1,10
222034,342,1,5
222035,430,1,18
222035,430,2,5
222035,429,2,13
222035,425,2,5
222035,425,1,8
222035,348,1,10
222035,349,1,8
222035,354,1,10
222035,355,1,8
222035,341,1,10
222035,342,1,5
222036,430,2,8
222036,430,1,15
222036,429,3,10
222036,415,1,10
222036,415,2,5
222036,349,1,10
222036,350,1,8
222036,355,2,15
222036,341,2,6
222036,342,1,8
222036,358,1,5
222037,430,2,8
222037,430,1,15
222037,429,3,10
222037,425,2,10
222037,425,1,5
222037,349,1,10
222037,350,1,8
222037,355,2,15
222037,341,2,6
222037,342,1,8
222037,358,1,5
230001,330,1,10
230001,271,2,12
230001,293,3,9
230001,385,2,8
230001,401,1,7
230001,342,1,10
230001,349,1,10
230001,355,1,5
230001,358,1,5
230001,221,2,8
230001,222,2,8
230001,223,2,8
230002,330,1,10
230002,329,2,8
230002,322,3,10
230002,280,2,10
230002,279,2,8
230002,428,1,6
230002,342,1,12
230002,343,1,8
230002,349,1,10
230002,222,2,5
230002,224,2,10
230002,220,1,3
230007,99,4,8
230007,386,3,10
230007,387,2,8
230007,393,2,9
230007,428,1,6
230007,343,1,8
230007,349,1,10
230007,350,1,8
230007,354,1,8
230007,355,1,5
230007,221,1,8
230007,224,1,9
230007,220,1,3
230008,330,1,12
230008,329,2,9
230008,401,1,8
230008,280,2,11
230008,393,2,8
230008,343,1,8
230008,349,2,10
230008,354,1,8
230008,355,1,5
230008,222,2,8
230008,224,2,10
230008,220,1,3
230009,330,1,12
230009,304,2,8
230009,281,2,8
230009,290,2,10
230009,291,1,8
230009,385,2,8
230009,343,1,7
230009,349,1,8
230009,355,1,5
230009,226,2,8
230009,227,2,8
230009,228,2,10
230012,327,1,6
230012,331,1,12
230012,335,1,10
230012,303,2,6
230012,304,2,6
230012,274,2,10
230012,343,1,8
230012,351,1,8
230012,356,1,6
230012,358,1,5
230012,222,2,10
230012,228,2,10
230012,220,1,3
230013,322,3,12
230013,333,1,5
230013,332,2,8
230013,276,2,12
230013,343,1,10
230013,349,1,12
230013,350,1,10
230013,354,1,8
230013,355,1,5
230013,225,2,8
230013,227,2,7
230013,220,1,3
230014,330,1,12
230014,271,2,12
230014,279,3,10
230014,393,2,9
230014,390,1,8
230014,402,1,7
230014,343,1,8
230014,349,1,10
230014,355,1,5
230014,222,2,8
230014,225,2,8
230014,220,1,3
230015,306,3,8
230015,338,1,11
230015,327,1,7
230015,331,1,10
230015,350,1,13
230015,351,1,10
230015,344,1,8
230015,355,1,9
230015,356,1,5
230015,224,1,7
230015,228,1,9
230015,220,1,3
230016,529,2,16
230016,529,1,10
230016,528,2,14
230016,45,4,12
230016,265,1,8
230016,266,1,10
230016,305,6,10
230016,526,1,5
230016,526,2,15
230018,529,2,30
230018,529,1,12
230018,528,4,12
230018,531,1,15
230018,530,2,7
230018,45,2,12
230018,281,5,6
230018,322,2,6
230019,525,1,10
230019,525,2,20
230019,523,4,10
230019,524,2,15
230019,45,4,30
230019,423,2,15
230021,422,1,22
230021,533,3,12
230021,532,3,16
230021,534,1,17
230021,408,1,18
230021,45,3,15
230023,422,1,22
230023,535,2,20
230023,535,3,10
230023,413,2,12
230023,45,3,20
230023,294,6,8
230023,292,6,8
230024,543,4,10
230024,543,2,20
230024,541,4,10
230024,541,2,22
230024,539,1,22
230024,538,2,16
230025,547,1,40
230025,546,2,10
230025,544,1,10
230025,538,2,15
230025,539,1,15
230025,539,2,10
230026,552,3,14
230026,552,2,20
230026,549,4,7
230026,549,2,16
230026,551,4,18
230026,539,1,15
230026,538,2,10
230027,557,3,10
230027,557,2,22
230027,554,3,22
230027,554,2,12
230027,556,4,10
230027,558,3,10
230027,539,2,10
230027,538,3,4
230028,574,2,20
230028,573,4,10
230028,573,2,15
230028,571,6,17
230028,571,10,5
230028,421,2,22
230028,420,4,11
230029,588,2,20
230029,587,4,12
230029,590,2,14
230029,571,6,17
230029,571,10,5
230029,421,2,22
230029,420,4,10
230030,421,2,24
230030,420,2,10
230030,590,2,25
230030,571,6,4
230030,571,10,10
230030,588,2,20
230030,587,4,7
230031,593,2,20
230031,595,4,6
230031,571,2,20
230031,571,6,12
230031,571,10,3
230031,592,4,7
230031,421,2,22
230031,420,4,10
230032,631,2,20
230032,633,4,10
230032,631,4,8
230032,421,2,20
230032,420,4,12
230032,407,8,6
230032,322,6,14
230032,302,8,10
230033,606,2,20
230033,608,4,6
230033,603,4,25
230033,603,10,8
230033,603,20,5
230033,605,4,7
230033,421,3,15
230033,420,4,14
230034,619,2,20
230034,621,4,6
230034,616,3,25
230034,616,6,8
230034,616,15,5
230034,618,4,7
230034,421,4,15
230034,420,4,14
230035,566,1,22
230035,568,1,16
230035,567,3,5
230035,570,1,8
230035,569,1,10
230035,565,2,16
230035,413,4,12
230035,99,16,11
230036,561,2,25
230036,561,3,15
230036,560,3,20
230036,538,3,10
230036,539,3,6
230036,539,2,10
230036,437,3,14
230037,806,1,35
230037,805,2,13
230037,809,1,5
230037,808,2,10
230037,437,2,25
230037,369,6,6
230037,370,4,6
230038,755,1,25
230038,755,2,5
230038,754,2,15
230038,753,2,10
230038,756,1,10
230038,45,4,12
230038,424,2,13
230038,292,6,10
230039,976,2,23
230039,976,1,13
230039,435,4,23
230039,435,2,13
230039,434,6,9
230039,407,4,8
230039,413,1,5
230039,969,3,6
230040,435,2,23
230040,435,4,10
230040,991,2,28
230040,991,4,12
230040,434,6,10
230040,970,1,5
230040,274,5,6
230040,424,1,6
230041,837,1,24
230041,836,3,10
230041,536,2,14
230041,835,4,10
230041,838,2,16
230041,408,2,12
230041,45,4,14
230042,895,2,12
230042,895,1,26
230042,536,2,18
230042,894,2,20
230042,45,4,10
230042,306,2,6
230042,327,1,3
230042,335,1,5
230043,776,2,10
230043,776,1,34
230043,775,4,15
230043,435,6,15
230043,434,6,10
230043,424,4,8
230043,322,4,8
230044,940,2,8
230044,940,1,15
230044,939,1,38
230044,437,3,15
230044,436,4,10
230044,322,5,10
230044,322,7,4
230046,764,2,13
230046,764,1,30
230046,435,2,15
230046,424,2,25
230046,271,3,7
230046,292,3,10
230047,563,1,23
230047,562,2,25
230047,387,2,10
230047,539,1,12
230047,539,2,15
230047,538,2,15
230048,520,2,18
230048,520,1,13
230048,519,2,13
230048,409,2,8
230048,413,1,13
230048,45,5,25
230048,305,7,10
230049,522,1,8
230049,522,2,20
230049,521,4,10
230049,45,2,20
230049,407,4,8
230049,272,10,8
230049,277,5,7
230049,447,1,3
230049,446,1,7
230049,445,2,9
230051,292,4,25
230051,293,2,17
230051,293,3,8
230051,297,2,17
230051,297,3,8
230051,298,1,17
230051,298,2,8
230056,343,1,5
230056,392,1,8
230056,330,1,12
230056,322,2,17
230056,274,2,25
230056,310,3,15
230056,280,2,10
230056,303,2,8
230057,373,2,8
230057,373,3,7
230057,364,4,22
230057,375,4,18
230057,372,2,12
230057,367,4,15
230057,259,2,10
230057,260,2,8
230064,327,1,4
230064,331,1,8
230064,330,1,15
230064,335,1,10
230064,329,2,12
230064,343,1,12
230064,344,1,6
230064,350,1,12
230064,351,1,8
230064,356,1,8
230064,358,1,5
230065,327,1,6
230065,338,1,11
230065,331,1,13
230065,330,2,8
230065,335,1,8
230065,343,1,13
230065,344,1,8
230065,351,1,12
230065,352,1,8
230065,356,1,8
230065,358,1,5
230070,445,5,10
230070,82,3,10
230070,70,5,16
230070,87,4,10
230070,26,2,7
230070,36,2,13
230070,34,3,13
230070,28,2,7
230070,446,2,6
230070,447,1,5
230070,345,1,3
230071,292,4,26
230071,294,4,14
230071,294,5,5
230071,295,4,6
230071,297,4,16
230071,298,1,10
230071,752,1,8
230071,751,1,15
230072,343,1,6
230072,393,2,18
230072,280,3,20
230072,333,1,5
230072,330,1,14
230072,350,1,14
230072,351,1,8
230072,355,1,11
230072,356,1,4
230073,343,1,7
230073,342,1,14
230073,329,2,12
230073,330,1,14
230073,332,1,9
230073,333,1,3
230073,350,1,9
230073,290,2,13
230073,291,1,10
230073,355,1,9
230073,358,1,4
230076,1653,1,22
230076,1654,1,35
230076,1657,1,12
230076,1655,1,18
230076,1656,1,10
230076,333,2,3
230077,1658,1,22
230077,1659,1,35
230077,1661,1,12
230077,1660,1,18
230077,1662,1,10
230077,333,2,3
230078,1663,1,22
230078,1664,1,35
230078,1666,1,12
230078,1665,1,18
230078,1667,1,10
230078,333,2,3
230081,416,1,8
230081,415,1,12
230081,414,1,15
230081,433,8,9
230081,432,8,9
230081,99,16,8
230081,349,1,10
230081,350,1,12
230081,355,1,7
230081,342,1,10
230082,417,1,10
230082,416,1,12
230082,415,4,7
230082,433,8,7
230082,432,8,7
230082,351,2,5
230082,351,1,15
230082,352,1,8
230082,355,1,9
230082,356,1,6
230082,343,1,9
230082,358,1,5
230083,417,1,14
230083,416,1,18
230083,433,8,6
230083,432,8,6
230083,351,2,10
230083,352,1,12
230083,352,2,3
230083,355,1,8
230083,356,1,10
230083,344,1,8
230083,358,1,5
230084,426,1,12
230084,425,2,16
230084,437,1,10
230084,99,12,8
230084,349,1,12
230084,350,1,8
230084,355,1,9
230084,341,1,12
230084,342,1,8
230084,358,1,5
230085,426,1,10
230085,426,2,8
230085,425,3,9
230085,437,1,12
230085,351,2,4
230085,351,1,11
230085,352,1,8
230085,355,1,10
230085,356,1,5
230085,341,1,10
230085,343,1,8
230085,358,1,5
230086,426,1,10
230086,426,2,10
230086,425,3,6
230086,437,1,13
230086,351,2,6
230086,352,1,12
230086,355,1,11
230086,356,1,7
230086,343,1,12
230086,344,1,8
230086,358,1,5
230087,419,1,8
230087,419,2,4
230087,443,1,10
230087,443,2,8
230087,350,1,14
230087,351,1,8
230087,355,1,12
230087,355,2,10
230087,342,1,12
230087,343,1,8
230087,358,1,6
230088,444,1,8
230088,443,1,12
230088,419,1,10
230088,419,2,5
230088,351,2,6
230088,352,1,10
230088,352,2,5
230088,355,2,10
230088,356,1,8
230088,343,1,12
230088,344,1,8
230088,358,1,6
230089,350,2,12
230089,351,1,16
230089,354,3,10
230089,355,2,10
230089,355,1,13
230089,342,2,12
230089,343,1,15
230089,447,2,7
230089,447,3,2
230089,345,2,3
230090,351,2,8
230090,351,1,10
230090,352,1,14
230090,355,2,12
230090,356,1,14
230090,343,1,15
230090,344,1,10
230090,358,1,5
230090,447,3,9
230090,448,1,3
230091,1541,2,12
230091,1545,1,17
230091,1548,1,12
230091,1552,1,8
230091,419,2,16
230091,444,1,20
230091,443,2,13
230091,1553,1,2
230092,1556,2,5
230092,1564,1,13
230092,1559,1,13
230092,1566,1,14
230092,419,1,20
230092,444,1,20
230092,443,2,13
230092,1553,1,2
230093,1579,2,12
230093,1576,1,15
230093,1584,2,15
230093,1585,1,8
230093,419,1,15
230093,444,1,20
230093,443,2,13
230093,1553,1,2
230094,333,1,40
230094,704,1,30
230094,699,1,10
230094,471,2,10
230094,453,1,10
230096,1670,1,10
230096,1673,1,15
230096,1669,2,6
230096,1672,2,6
230096,1675,2,20
230096,1677,2,10
230096,352,1,6
230096,352,2,3
230096,1688,2,10
230096,356,2,7
230096,343,1,7
230097,1587,1,10
230097,1587,2,5
230097,1586,2,8
230097,351,2,7
230097,352,1,10
230097,352,2,5
230097,356,1,12
230097,356,2,6
230097,343,1,15
230097,344,1,14
230097,358,1,8
230098,1632,1,10
230098,1642,1,17
230098,1644,1,8
230098,1643,2,8
230098,1631,2,10
230098,1641,2,10
230098,352,1,9
230098,352,2,4
230098,356,1,8
230098,356,2,6
230098,343,1,10
230099,1649,1,18
230099,1648,1,18
230099,1651,1,20
230099,419,2,25
230099,443,2,16
230099,1652,1,3
230100,1693,1,12
230100,1691,1,14
230100,1695,1,8
230100,1697,1,13
230100,1699,1,8
230100,1701,1,13
230100,1703,1,3
230100,1702,1,4
230100,1705,2,25
230101,355,1,6
230101,598,2,8
230101,601,1,6
230101,593,2,4
230101,637,2,6
230101,635,1,8
230101,631,2,4
230101,624,2,6
230101,627,1,5
230101,619,2,4
230101,453,1,3
230101,611,2,6
230101,614,1,5
230101,606,2,4
230101,456,1,3
230101,578,2,6
230101,581,2,5
230101,583,1,3
230101,585,1,4
230101,439,1,4
230102,355,2,4
230102,806,2,8
230102,812,2,12
230102,809,1,10
230102,1174,2,11
230102,1177,2,10
230102,1182,1,6
230102,1185,1,3
230102,814,2,7
230102,816,1,10
230102,818,2,9
230102,822,1,4
230102,441,1,6
230103,355,2,4
230103,578,2,6
230103,581,2,5
230103,583,1,3
230103,585,1,4
230103,790,2,9
230103,792,2,7
230103,794,1,6
230103,796,1,4
230103,699,2,7
230103,701,2,6
230103,704,1,7
230103,453,1,6
230103,1271,2,9
230103,1274,2,8
230103,1277,1,7
230103,1291,1,2
230104,355,2,4
230104,611,2,6
230104,614,1,5
230104,606,2,4
230104,456,1,3
230104,979,2,9
230104,982,2,8
230104,974,1,4
230104,970,1,5
230104,857,2,7
230104,863,2,7
230104,865,1,6
230104,868,1,6
230104,1036,2,9
230104,1038,2,8
230104,1040,1,5
230104,1042,1,4
230105,355,2,10
230105,641,2,12
230105,644,2,10
230105,647,1,8
230105,676,2,10
230105,679,2,7
230105,681,1,8
230105,456,1,5
230105,1036,2,9
230105,1038,2,7
230105,1040,1,8
230105,1042,1,6
230106,356,1,10
230106,1162,2,9
230106,491,2,13
230106,1159,2,11
230106,1160,1,8
230106,1161,1,4
230106,1002,2,8
230106,483,2,13
230106,997,2,11
230106,1000,1,8
230106,972,1,5
230107,356,1,4
230107,709,2,5
230107,715,2,7
230107,712,1,8
230107,721,1,4
230107,1240,2,5
230107,1246,1,9
230107,1254,2,7
230107,1257,1,3
230107,1207,2,5
230107,1204,2,9
230107,1210,1,7
230107,1215,1,3
230107,1380,2,5
230107,1385,2,9
230107,1388,1,7
230107,1391,1,3
230108,356,1,4
230108,732,2,5
230108,729,1,8
230108,740,1,6
230108,462,1,5
230108,956,2,6
230108,959,1,8
230108,966,1,4
230108,954,1,6
230108,1174,1,9
230108,1177,1,9
230108,1182,1,4
230108,1185,1,2
230108,1271,2,6
230108,1274,1,9
230108,1277,1,7
230108,1291,1,2
230109,356,1,4
230109,841,2,9
230109,847,2,8
230109,850,1,5
230109,470,1,8
230109,1122,2,9
230109,1129,2,8
230109,1132,1,10
230109,1135,1,3
230109,873,2,9
230109,879,2,10
230109,882,1,8
230109,890,1,3
230109,441,1,6
230110,356,1,4
230110,1164,2,11
230110,1166,1,9
230110,459,2,7
230110,1170,1,3
230110,1075,2,9
230110,1085,1,6
230110,1081,2,12
230110,1091,1,3
230110,1350,2,11
230110,1356,1,9
230110,1362,2,7
230110,1365,1,3
230110,441,1,6
230111,356,1,4
230111,1162,2,9
230111,491,2,8
230111,1160,2,9
230111,1161,1,4
230111,1259,2,10
230111,503,2,7
230111,1249,2,9
230111,1257,1,4
230111,1293,2,11
230111,489,2,8
230111,1274,2,7
230111,1291,1,4
230111,441,1,6
230112,356,1,4
230112,1046,2,9
230112,482,2,8
230112,1040,2,7
230112,1042,1,6
230112,1393,2,11
230112,479,2,7
230112,1385,2,8
230112,1391,1,4
230112,1367,2,11
230112,493,2,8
230112,1347,2,7
230112,1365,1,4
230112,441,1,6
230113,356,1,4
230113,773,2,10
230113,482,2,8
230113,772,2,9
230113,771,1,5
230113,1137,2,11
230113,478,2,9
230113,1122,2,8
230113,1135,1,4
230113,1341,2,11
230113,497,2,9
230113,1331,2,8
230113,1339,1,4
230114,356,1,4
230114,1116,2,10
230114,499,2,8
230114,1111,2,9
230114,1114,1,5
230114,1155,2,9
230114,479,2,8
230114,1151,2,8
230114,467,1,7
230114,1316,2,11
230114,505,2,9
230114,1305,2,8
230114,1314,1,4
230115,356,1,4
230115,1240,2,5
230115,1246,1,9
230115,1254,2,7
230115,1257,1,3
230115,968,2,7
230115,511,2,6
230115,954,2,7
230115,966,1,4
230115,1380,2,5
230115,1385,2,9
230115,1388,1,7
230115,1391,1,3
230115,1164,2,8
230115,1166,1,7
230115,459,2,6
230115,1170,1,3
230116,356,1,5
230116,1341,2,7
230116,497,2,5
230116,1331,2,5
230116,1339,1,2
230116,1293,2,7
230116,489,2,5
230116,1274,2,5
230116,1291,1,2
230116,1316,2,7
230116,505,2,5
230116,1305,2,5
230116,1314,1,2
230116,1367,2,7
230116,493,2,5
230116,1347,2,5
230116,1365,1,2
230116,1435,2,7
230116,479,2,5
230116,1427,2,5
230116,1430,1,2
230131,356,1,10
230131,732,2,8
230131,729,2,13
230131,742,2,9
230131,740,1,7
230131,462,1,8
230131,1347,2,13
230131,1350,2,11
230131,1356,1,10
230131,1362,2,7
230131,1365,1,4
230132,356,1,10
230132,659,2,13
230132,664,2,9
230132,664,1,5
230132,661,2,8
230132,667,1,10
230132,1147,2,11
230132,1145,2,10
230132,1151,1,7
230132,467,1,10
230132,1149,1,7
230133,356,1,4
230133,1207,2,7
230133,1204,2,8
230133,1210,1,6
230133,1215,1,3
230133,1380,2,8
230133,1385,2,7
230133,1388,1,6
230133,1391,1,3
230133,1122,2,8
230133,1129,2,7
230133,1132,1,6
230133,1135,1,3
230133,1492,2,10
230133,1497,2,3
230133,1488,1,4
230133,1490,1,7
230134,356,1,4
230134,892,2,10
230134,501,2,7
230134,879,2,9
230134,890,1,4
230134,1075,2,9
230134,1085,1,7
230134,1081,2,11
230134,1091,1,3
230134,1217,2,10
230134,491,2,7
230134,1210,2,9
230134,1215,1,4
230134,441,1,6
230135,356,1,4
230135,1259,2,10
230135,503,2,7
230135,1249,2,9
230135,1257,1,4
230135,1499,2,11
230135,1494,2,8
230135,1503,1,7
230135,1501,1,4
230135,1477,2,11
230135,1474,2,10
230135,1485,1,6
230135,1482,1,3
230135,441,1,6
230136,356,1,4
230136,1435,2,11
230136,479,2,8
230136,1427,2,7
230136,1430,1,4
230136,1423,2,11
230136,484,2,8
230136,1408,2,7
230136,1421,1,4
230136,1525,2,11
230136,507,2,8
230136,1516,2,7
230136,1508,1,4
230136,441,1,6
230137,356,1,5
230137,1367,2,7
230137,493,2,5
230137,1347,2,5
230137,1365,1,2
230137,1293,2,7
230137,489,2,5
230137,1274,2,5
230137,1291,1,2
230137,1341,2,7
230137,497,2,5
230137,1331,2,5
230137,1339,1,2
230137,1316,2,7
230137,505,2,5
230137,1305,2,5
230137,1314,1,2
230137,1691,2,7
230137,1701,2,5
230137,1695,2,4
230137,1703,1,3
230151,416,1,4
230151,415,1,6
230151,414,1,7
230151,433,8,4
230151,432,8,4
230151,99,16,4
230151,349,1,5
230151,350,1,6
230151,355,1,4
230151,342,1,5
230151,1156,2,14
230151,1157,1,18
230151,1158,1,10
230151,332,1,6
230151,440,1,3
230152,417,1,5
230152,416,1,6
230152,415,4,3
230152,433,8,3
230152,432,8,3
230152,351,2,3
230152,351,1,8
230152,352,1,4
230152,355,1,4
230152,356,1,3
230152,343,1,4
230152,358,1,2
230152,1163,2,11
230152,1165,1,15
230152,1167,1,13
230152,1169,1,6
230152,335,1,4
230152,440,1,3
230153,417,1,5
230153,416,1,6
230153,415,4,4
230153,433,8,3
230153,432,8,3
230153,351,2,3
230153,351,1,7
230153,352,1,6
230153,355,1,4
230153,356,1,3
230153,343,1,4
230153,358,1,2
230153,1426,1,11
230153,1424,2,8
230153,1431,2,7
230153,1428,1,6
230153,1434,1,4
230153,1429,1,4
230153,1432,1,7
230153,440,1,3
230154,426,1,7
230154,425,2,8
230154,437,1,6
230154,99,12,6
230154,349,1,7
230154,350,1,5
230154,355,1,5
230154,341,1,6
230154,342,1,4
230154,358,1,2
230154,766,2,11
230154,769,1,14
230154,770,1,9
230154,768,2,10
230155,417,1,5
230155,416,1,6
230155,415,4,4
230155,433,8,3
230155,432,8,3
230155,351,2,3
230155,351,1,7
230155,352,1,4
230155,355,1,4
230155,356,1,3
230155,343,1,4
230155,358,1,2
230155,1144,2,9
230155,1146,1,8
230155,1148,1,10
230155,1150,2,9
230155,1153,1,7
230155,1152,1,6
230155,440,1,3
230156,416,1,4
230156,415,1,6
230156,414,1,7
230156,433,8,4
230156,432,8,4
230156,99,16,4
230156,349,1,5
230156,350,1,6
230156,355,1,3
230156,342,1,5
230156,1035,2,10
230156,1037,1,7
230156,1039,2,10
230156,1041,1,12
230156,1043,1,10
230156,440,1,3
230157,99,4,4
230157,386,3,5
230157,387,2,4
230157,393,2,4
230157,428,1,3
230157,343,1,4
230157,349,1,5
230157,350,1,4
230157,354,1,4
230157,355,1,2
230157,221,1,4
230157,224,1,4
230157,220,1,2
230157,1006,2,9
230157,1008,1,12
230157,1010,1,14
230157,1012,2,10
230157,538,2,6
230158,351,2,4
230158,351,1,5
230158,352,1,8
230158,355,2,6
230158,356,1,7
230158,343,1,7
230158,344,1,5
230158,358,1,2
230158,447,3,5
230158,448,1,2
230158,1690,2,8
230158,1692,2,6
230158,1694,1,7
230158,1696,1,8
230158,1698,1,9
230158,1700,1,8
230158,1702,1,3
230171,1430,1,12
230171,1429,1,58
230171,1427,1,30
230172,948,1,25
230172,942,1,20
230172,927,2,40
230172,926,3,15
231001,474,1,10
231001,477,1,25
231001,482,1,25
231001,350,2,8
231001,351,1,8
231001,355,2,3
231001,356,1,5
231001,343,1,6
231001,473,1,10
231002,474,1,10
231002,482,1,25
231002,486,1,25
231002,350,2,8
231002,351,1,8
231002,355,2,3
231002,356,1,5
231002,343,1,6
231002,473,1,10
231003,474,1,10
231003,511,1,50
231003,351,2,8
231003,352,2,8
231003,355,2,3
231003,356,1,5
231003,343,1,6
231003,473,1,10
231004,474,1,10
231004,482,1,25
231004,495,1,25
231004,350,2,8
231004,351,1,8
231004,355,2,3
231004,356,1,5
231004,343,1,6
231004,473,1,10
231005,474,1,10
231005,478,1,25
231005,505,1,25
231005,351,2,8
231005,352,2,8
231005,355,2,3
231005,356,1,5
231005,343,1,6
231005,473,1,10
231006,474,1,10
231006,486,1,25
231006,491,1,25
231006,350,2,8
231006,351,1,8
231006,355,2,3
231006,356,1,5
231006,343,1,6
231006,473,1,10
231007,474,1,10
231007,499,1,50
231007,351,2,8
231007,352,2,8
231007,355,2,3
231007,356,1,5
231007,343,1,6
231007,473,1,10
231008,474,1,10
231008,486,1,25
231008,509,1,25
231008,350,2,8
231008,351,1,8
231008,355,2,3
231008,356,1,5
231008,343,1,6
231008,473,1,10
231009,474,1,10
231009,497,1,25
231009,515,1,25
231009,351,2,8
231009,352,2,8
231009,355,2,3
231009,356,1,5
231009,343,1,6
231009,473,1,10
231010,474,1,10
231010,513,1,50
231010,351,2,8
231010,352,2,8
231010,355,2,3
231010,356,1,5
231010,343,1,6
231010,473,1,10
231011,474,1,10
231011,483,1,25
231011,478,1,25
231011,351,2,8
231011,352,2,8
231011,355,2,3
231011,356,1,5
231011,343,1,6
231011,473,1,10
231012,474,1,10
231012,483,1,25
231012,497,1,25
231012,351,2,8
231012,352,2,8
231012,355,2,3
231012,356,1,5
231012,343,1,6
231012,473,1,10
231013,474,1,10
231013,491,1,25
231013,509,1,25
231013,351,2,8
231013,352,2,8
231013,355,2,3
231013,356,1,5
231013,343,1,6
231013,473,1,10
231014,474,1,10
231014,493,1,25
231014,515,1,25
231014,351,2,4
231014,352,2,12
231014,355,2,3
231014,356,1,5
231014,343,1,6
231014,473,1,10
231015,474,1,10
231015,478,1,25
231015,486,1,25
231015,351,2,8
231015,352,2,8
231015,355,2,3
231015,356,1,5
231015,343,1,6
231015,473,1,10
231016,474,1,10
231016,478,1,25
231016,493,1,25
231016,351,2,8
231016,352,2,8
231016,355,2,3
231016,356,1,5
231016,343,1,6
231016,473,1,10
231017,474,1,10
231017,483,1,25
231017,486,1,25
231017,351,2,8
231017,352,2,8
231017,355,2,3
231017,356,1,5
231017,343,1,6
231017,473,1,10
231018,474,1,10
231018,484,1,25
231018,493,1,25
231018,351,2,4
231018,352,2,12
231018,355,2,3
231018,356,1,5
231018,343,1,6
231018,473,1,10
231019,474,1,10
231019,484,1,25
231019,495,1,25
231019,351,2,4
231019,352,2,12
231019,355,2,3
231019,356,1,5
231019,343,1,6
231019,473,1,10
231020,474,1,10
231020,479,1,25
231020,484,1,25
231020,351,2,4
231020,352,2,12
231020,355,2,3
231020,356,1,5
231020,343,1,6
231020,473,1,10
231021,474,1,10
231021,479,1,25
231021,489,1,25
231021,351,2,4
231021,352,2,12
231021,355,2,3
231021,356,1,5
231021,343,1,6
231021,473,1,10
231022,474,1,10
231022,489,1,25
231022,487,1,25
231022,351,2,4
231022,352,2,12
231022,355,2,3
231022,356,1,5
231022,343,1,6
231022,473,1,10
231023,474,1,10
231023,489,1,25
231023,503,1,25
231023,351,2,4
231023,352,2,12
231023,355,2,3
231023,356,1,5
231023,343,1,6
231023,473,1,10
231024,474,1,10
231024,517,1,50
231024,351,2,4
231024,352,2,12
231024,355,2,3
231024,356,1,5
231024,343,1,6
231024,473,1,10
231025,474,1,10
231025,493,1,25
231025,509,1,25
231025,351,2,4
231025,352,2,12
231025,355,2,3
231025,356,1,5
231025,343,1,6
231025,473,1,10
231026,474,1,10
231026,484,1,25
231026,501,1,25
231026,351,2,4
231026,352,2,12
231026,355,2,3
231026,356,1,5
231026,343,1,6
231026,473,1,10
231027,474,1,10
231027,484,1,25
231027,487,1,25
231027,351,2,4
231027,352,2,12
231027,355,2,3
231027,356,1,5
231027,343,1,6
231027,473,1,10
231028,474,1,10
231028,491,1,25
231028,513,1,25
231028,351,2,4
231028,352,2,12
231028,355,2,3
231028,356,1,5
231028,343,1,6
231028,473,1,10
231029,474,1,10
231029,484,1,25
231029,497,1,25
231029,351,2,4
231029,352,2,12
231029,355,2,3
231029,356,1,5
231029,343,1,6
231029,473,1,10
231030,474,1,10
231030,479,1,25
231030,505,1,25
231030,351,2,4
231030,352,2,12
231030,355,2,3
231030,356,1,5
231030,343,1,6
231030,473,1,10
231031,474,1,10
231031,487,1,25
231031,493,1,25
231031,351,2,4
231031,352,2,12
231031,355,2,3
231031,356,1,5
231031,343,1,6
231031,473,1,10
231032,474,1,10
231032,489,1,25
231032,501,1,25
231032,351,2,4
231032,352,2,12
231032,355,2,3
231032,356,1,5
231032,343,1,6
231032,473,1,10
231033,474,1,10
231033,484,1,25
231033,507,1,25
231033,351,2,4
231033,352,2,12
231033,355,2,3
231033,356,1,5
231033,343,1,6
231033,473,1,10
231034,474,1,10
231034,507,1,25
231034,479,1,25
231034,351,2,4
231034,352,2,12
231034,355,2,3
231034,356,1,5
231034,343,1,6
231034,473,1,10
231035,474,1,10
231035,491,1,25
231035,507,1,25
231035,351,2,4
231035,352,2,12
231035,355,2,3
231035,356,1,5
231035,343,1,6
231035,473,1,10
231036,474,1,10
231036,507,1,25
231036,509,1,25
231036,351,2,4
231036,352,2,12
231036,355,2,3
231036,356,1,5
231036,343,1,6
231036,473,1,10
231037,474,1,10
231037,509,1,25
231037,483,1,25
231037,351,2,8
231037,352,2,8
231037,355,2,3
231037,356,1,5
231037,343,1,6
231037,473,1,10
231038,474,1,10
231038,491,1,25
231038,509,1,25
231038,351,2,4
231038,352,2,12
231038,355,2,3
231038,356,1,5
231038,343,1,6
231038,473,1,10
231039,474,1,10
231039,486,1,25
231039,491,1,25
231039,351,2,8
231039,352,2,8
231039,355,2,3
231039,356,1,5
231039,343,1,6
231039,473,1,10
232001,653,1,8
232001,652,1,10
232001,650,1,16
232001,649,1,20
232001,647,1,20
232001,426,1,14
232001,271,6,12
232002,653,1,12
232002,652,2,15
232002,650,1,30
232002,649,2,8
232002,647,2,15
232002,426,2,8
232002,271,6,12
232003,670,1,6
232003,669,1,10
232003,673,1,10
232003,672,1,16
232003,661,2,12
232003,667,1,22
232003,426,2,18
232003,322,6,6
232004,670,1,11
232004,669,2,6
232004,673,1,15
232004,672,2,10
232004,661,2,12
232004,667,1,22
232004,426,2,18
232004,322,6,6
232005,987,1,18
232005,986,1,20
232005,990,1,8
232005,989,1,10
232005,974,1,8
232005,416,1,8
232005,970,2,20
232005,371,3,8
232006,987,1,25
232006,986,2,8
232006,990,1,15
232006,989,2,8
232006,974,2,13
232006,416,2,13
232006,970,2,10
232006,371,3,8
232007,1190,1,20
232007,1189,1,30
232007,1193,2,5
232007,1192,2,10
232007,462,1,10
232007,416,1,10
232007,1181,2,2
232007,1182,1,10
232007,1185,1,3
232008,1190,1,22
232008,1189,3,32
232008,1193,2,5
232008,1192,3,10
232008,462,2,8
232008,416,2,6
232008,1182,1,12
232008,1185,1,5
232009,935,1,6
232009,934,1,11
232009,932,1,10
232009,931,1,14
232009,938,1,5
232009,937,1,10
232009,919,1,15
232009,924,1,10
232009,927,1,14
232009,426,2,5
232010,935,1,10
232010,934,2,4
232010,932,1,20
232010,931,2,8
232010,938,1,10
232010,919,2,15
232010,924,1,10
232010,927,1,18
232010,426,2,5
232011,1143,1,5
232011,1142,1,10
232011,1140,1,15
232011,1139,1,18
232011,1132,2,10
232011,1129,2,10
232011,1124,1,10
232011,1134,1,5
232011,416,2,8
232011,441,1,7
232011,1135,1,2
232012,1143,1,8
232012,1142,2,8
232012,1140,1,20
232012,1139,2,8
232012,1132,2,10
232012,1129,2,10
232012,1124,1,9
232012,1134,1,9
232012,416,2,5
232012,441,1,10
232012,1135,1,3
232013,1064,1,10
232013,1063,1,14
232013,1067,1,12
232013,1066,1,21
232013,1052,1,17
232013,417,1,10
232013,441,1,6
232013,327,1,5
232013,1058,1,3
232013,1059,1,2
232014,1064,1,15
232014,1063,2,11
232014,1067,1,17
232014,1066,2,11
232014,1052,1,17
232014,417,1,10
232014,441,1,6
232014,327,1,5
232014,1058,1,5
232014,1059,1,3
232015,747,1,10
232015,746,1,12
232015,750,1,10
232015,749,1,17
232015,738,1,8
232015,740,1,8
232015,742,1,15
232015,462,2,14
232015,441,1,6
232016,747,1,14
232016,746,2,8
232016,750,1,23
232016,749,2,8
232016,738,1,8
232016,740,1,8
232016,742,2,10
232016,462,2,14
232016,441,1,7
232017,1223,1,4
232017,1222,1,10
232017,1220,1,12
232017,1219,1,20
232017,1210,1,25
232017,1235,1,6
232017,1215,1,2
232017,417,1,13
232017,462,1,8
232018,1223,1,10
232018,1222,2,8
232018,1220,1,20
232018,1219,2,10
232018,1210,1,25
232018,1235,1,7
232018,1215,1,3
232018,417,2,9
232018,462,1,8
232019,1262,1,8
232019,1261,1,10
232019,1265,1,10
232019,1264,1,14
232019,1267,1,8
232019,1254,1,14
232019,1249,1,12
232019,394,6,8
232019,1256,1,5
232019,1257,1,3
232019,417,1,8
232020,1262,1,12
232020,1261,2,8
232020,1265,1,20
232020,1264,2,8
232020,1268,1,10
232020,1254,1,13
232020,1249,2,6
232020,394,6,8
232020,1256,1,7
232020,1257,1,5
232020,417,2,3
232021,1399,1,8
232021,1398,1,10
232021,1396,1,14
232021,1395,1,20
232021,1402,1,10
232021,1388,2,10
232021,1390,1,8
232021,1391,1,2
232021,417,1,10
232021,441,1,8
232022,1399,1,14
232022,1398,2,6
232022,1396,1,21
232022,1395,2,6
232022,1402,2,10
232022,1388,2,10
232022,1390,1,10
232022,1391,1,3
232022,417,1,10
232022,441,1,10
232023,1370,1,8
232023,1369,1,10
232023,1373,1,15
232023,1372,1,15
232023,1353,2,10
232023,1356,1,14
232023,1362,1,14
232023,1365,1,3
232023,1364,1,5
232023,417,2,6
232024,1370,1,13
232024,1369,2,8
232024,1373,1,24
232024,1372,2,6
232024,1353,2,11
232024,1356,1,14
232024,1362,1,14
232024,1365,1,5
232024,1364,1,5
232025,724,1,16
232025,725,1,21
232025,719,1,8
232025,715,1,16
232025,459,1,8
232025,721,1,11
232025,720,1,13
232025,416,1,7
232026,724,1,20
232026,725,2,13
232026,719,1,8
232026,715,1,18
232026,459,1,8
232026,721,1,13
232026,720,1,14
232026,416,1,6
232027,1004,1,12
232027,993,2,6
232027,997,1,18
232027,1005,1,18
232027,1000,1,16
232027,999,2,6
232027,416,1,14
232027,970,1,10
232028,1004,1,24
232028,993,2,6
232028,997,1,22
232028,1005,2,18
232028,999,2,6
232028,416,1,14
232028,970,1,10
232029,1342,1,18
232029,1343,1,12
232029,1331,1,18
232029,1328,2,6
232029,1333,1,10
232029,1336,1,23
232029,1339,1,2
232029,1338,1,3
232029,417,1,8
232030,1342,1,18
232030,1343,1,12
232030,1331,1,18
232030,1328,2,6
232030,1333,1,10
232030,1336,1,21
232030,1339,1,3
232030,1338,1,4
232030,417,1,8
232031,1294,1,18
232031,1295,1,22
232031,1277,1,12
232031,1280,2,10
232031,1282,1,10
232031,1288,2,12
232031,1291,1,2
232031,1290,1,6
232031,417,1,8
232032,1294,2,18
232032,1295,1,22
232032,1277,1,12
232032,1280,2,10
232032,1283,1,8
232032,1288,2,12
232032,1291,1,3
232032,1290,1,7
232032,417,1,8
232033,1317,1,26
232033,1318,1,23
232033,1299,1,6
232033,1305,1,15
232033,1311,1,17
232033,1314,1,3
232033,1313,1,4
232033,426,1,6
232034,1317,1,26
232034,1318,1,23
232034,1299,1,4
232034,1305,1,15
232034,1311,1,17
232034,1314,1,4
232034,1313,1,5
232034,426,1,6
232035,1437,1,19
232035,1427,1,12
232035,1436,1,36
232035,417,1,10
232035,1430,1,4
232035,1429,1,7
232035,1434,2,7
232035,441,1,5
232036,1437,1,19
232036,1427,1,8
232036,1436,2,36
232036,417,2,10
232036,1430,1,5
232036,1429,1,7
232036,1434,2,10
232036,441,1,5
232041,430,2,7
232041,416,1,12
232041,415,2,10
232041,350,2,13
232041,351,1,9
232041,355,1,13
232041,356,1,10
232041,342,2,12
232041,343,1,9
232041,358,1,5
232042,430,2,7
232042,426,1,12
232042,425,2,10
232042,350,2,13
232042,351,1,9
232042,355,1,13
232042,356,1,10
232042,342,2,12
232042,343,1,9
232042,358,1,5
232043,431,1,10
232043,431,2,8
232043,416,2,8
232043,417,1,11
232043,351,2,12
232043,352,1,9
232043,356,1,10
232043,356,2,6
232043,343,2,12
232043,344,1,9
232043,358,1,5
232044,431,1,10
232044,431,2,8
232044,426,2,8
232044,426,1,11
232044,351,2,12
232044,352,1,9
232044,356,1,10
232044,356,2,6
232044,343,2,12
232044,344,1,9
232044,358,1,5
232045,352,3,8
232045,352,4,10
232045,431,2,8
232045,417,3,8
232045,351,4,8
232045,356,2,10
232045,356,3,7
232045,355,7,6
232045,355,9,4
232045,343,3,10
232045,344,2,12
232045,448,1,9
232046,356,3,8
232046,356,4,10
232046,355,7,6
232046,355,9,4
232046,431,2,8
232046,426,3,8
232046,351,3,8
232046,352,2,10
232046,352,3,7
232046,343,3,10
232046,344,2,12
232046,448,1,9
300000,271,1,10
300000,56,1,20
300000,9,1,30
300000,70,1,25
300000,50,1,15
310001,50,1,20
310001,1807,1,20
310001,374,1,20
310001,45,1,40
310002,1807,1,30
310002,2138,1,45
310002,2138,2,5
310002,374,1,20
310003,1807,1,30
310003,2139,1,45
310003,2139,2,5
310003,374,1,20
310004,1807,1,30
310004,2140,1,45
310004,2140,2,5
310004,374,1,20
310005,1808,1,30
310005,2141,1,45
310005,2141,2,5
310005,445,1,20
310006,1808,1,30
310006,2142,1,45
310006,2142,2,5
310006,445,3,20
310007,1810,1,30
310007,2143,1,45
310007,2143,2,5
310007,445,3,20
310008,50,2,30
310008,445,3,30
310008,45,2,40
310009,1809,1,30
310009,2146,1,45
310009,2146,2,5
310009,446,1,20
310010,1811,1,30
310010,2147,1,45
310010,2147,2,5
310010,446,1,20
310011,1811,1,30
310011,2148,1,45
310011,2148,2,5
310011,447,1,20
310101,50,2,100
310102,2138,2,100
310103,2139,2,100
310104,2140,2,100
310105,2141,2,100
310106,2142,2,100
310107,2143,2,100
310108,50,3,100
310109,2146,2,100
310110,2147,2,100
310111,2148,2,100
310201,50,1,100
310202,2138,1,100
310203,2139,1,100
310204,2140,1,100
310205,2141,1,100
310206,2142,1,100
310207,2143,1,100
310208,50,2,100
310209,2146,1,100
310210,2147,1,100
310211,2148,1,100
320001,50,1,20
320001,1807,1,20
320001,374,1,20
320001,45,1,40
320002,1807,1,30
320002,2144,1,45
320002,2144,2,5
320002,374,1,20
320003,1810,1,30
320003,2145,1,45
320003,2145,2,5
320003,445,1,20
320005,1809,1,30
320005,2149,1,45
320005,2149,2,5
320005,445,3,20
320006,1809,1,30
320006,2150,1,45
320006,2150,2,5
320006,446,1,20
320101,50,2,100
320102,2144,2,100
320103,2145,2,100
320105,2149,2,100
320106,2150,2,100
320201,50,1,100
320202,2144,1,100
320203,2145,1,100
320205,2149,1,100
320206,2150,1,100
400001,50,1,20
400001,271,1,20
400001,374,1,20
400001,45,1,40
400002,50,1,20
400002,271,1,20
400002,374,1,20
400002,69,1,40
400003,50,1,20
400003,271,1,20
400003,374,1,20
400003,363,1,40
400101,50,2,100
400102,50,2,100
400103,50,2,100
400201,50,1,100
400202,50,1,100
400203,50,1,100
510001,1773,1,100
510002,1773,2,100
510003,1776,1,100
510004,1776,2,100
510005,287,3,10
510005,287,2,50
510005,287,1,40
510006,381,2,50
510006,381,1,50
510007,312,2,50
510007,312,1,50
510008,301,2,50
510008,301,1,50
510009,397,2,50
510009,397,1,50
510010,313,2,50
510010,313,1,50
510011,284,2,50
510011,284,1,50
510012,377,2,50
510012,377,1,50
510013,286,2,50
510013,286,1,50
510014,1751,2,50
510014,1751,1,50
510015,1752,2,50
510015,1752,1,50
510016,379,2,50
510016,379,1,50
510017,376,2,50
510017,376,1,50
510018,1234,1,100
510019,1750,2,50
510019,1750,1,50
510101,353,2,50
510101,445,3,45
510101,449,1,5
510102,271,10,60
510102,354,2,35
510102,449,1,5
510103,969,10,50
510103,445,5,45
510103,449,1,5
510104,45,10,50
510104,354,5,45
510104,449,2,5
510105,45,10,50
510105,445,5,45
510105,449,1,5
510106,603,20,100
510107,460,5,50
510107,691,3,50
510108,450,5,50
510108,602,2,50
510109,969,5,50
510109,973,5,50
510110,413,3,70
510110,864,1,20
510110,866,2,10
510111,472,6,70
510111,1112,1,30
510112,471,6,50
510112,324,4,30
510112,703,1,20
510113,616,20,100
520001,1774,1,100
520002,1774,2,100
520003,1777,1,100
520004,1777,2,100
520005,1805,2,50
520005,1805,1,50
520006,336,3,50
520006,336,2,50
520007,288,3,50
520007,288,2,50
520008,400,2,50
520008,400,1,50
520009,55,2,50
520009,55,1,50
520010,1820,2,50
520010,1820,1,50
520011,1818,3,50
520011,1818,2,50
520012,1819,3,50
520012,1819,2,50
520013,1821,2,50
520013,1821,1,50
520014,1822,2,50
520014,1822,1,50
520015,1823,2,50
520015,1823,1,50
520016,1824,2,50
520016,1824,1,50
520017,1825,2,50
520017,1825,1,50
520018,1826,2,50
520018,1826,1,50
520019,1235,1,100
520020,1236,1,100
520021,1805,3,50
520021,1805,2,50
520022,1805,4,50
520022,1805,3,50
520101,355,3,92
520101,449,2,8
520103,781,2,50
520103,778,3,50
520104,475,2,75
520104,480,2,25
520105,1496,2,100
520106,508,2,25
520106,485,2,75
521001,1837,2,25
521001,1837,1,75
521002,1837,3,25
521002,1837,2,75
521003,1838,2,25
521003,1838,1,75
521004,1838,3,25
521004,1838,2,75
521005,1839,2,25
521005,1839,1,75
521006,1839,3,25
521006,1839,2,75
521007,473,1,10
521007,475,1,45
521007,480,1,45
521008,473,1,10
521008,475,1,45
521008,485,1,45
521009,473,1,10
521009,480,1,45
521009,485,1,45
521010,473,1,10
521010,475,1,45
521010,492,1,45
521011,473,1,10
521011,475,1,45
521011,504,1,45
521012,473,1,10
521012,475,1,45
521012,510,1,45
521013,473,1,10
521013,480,1,45
521013,496,1,45
521014,473,1,10
521014,480,1,45
521014,508,1,45
521015,473,1,10
521015,480,1,45
521015,512,1,45
521016,473,1,10
521016,485,1,45
521016,490,1,45
521017,473,1,10
521017,485,1,45
521017,498,1,45
521018,473,1,10
521018,485,1,45
521018,508,1,45
521019,473,1,10
521019,490,1,45
521019,508,1,45
521020,473,1,10
521020,496,1,45
521020,514,1,45
521022,473,1,10
521022,480,1,30
521022,485,1,30
521022,492,1,30
521023,473,1,10
521023,481,1,45
521023,476,1,45
521024,473,1,10
521024,481,1,45
521024,488,1,45
521025,473,1,10
521025,481,1,45
521025,490,1,45
521026,473,1,10
521026,481,1,45
521026,492,1,45
521027,473,1,10
521027,481,1,45
521027,494,1,45
521028,473,1,10
521028,481,1,45
521028,496,1,45
521029,473,1,10
521029,476,1,45
521029,492,1,45
521030,473,1,10
521030,476,1,45
521030,504,1,45
521031,473,1,10
521031,488,1,45
521031,485,1,45
521032,473,1,10
521032,488,1,45
521032,500,1,45
521033,473,1,10
521033,488,1,45
521033,502,1,45
521034,473,1,10
521034,516,1,45
521034,485,1,45
521035,473,1,10
521035,481,1,30
521035,476,1,30
521035,488,1,30
521036,473,1,10
521036,481,1,30
521036,476,1,30
521036,504,1,30
521037,473,1,10
521037,481,1,30
521037,488,1,30
521037,496,1,30
521038,473,1,10
521038,481,1,30
521038,488,1,30
521038,500,1,30
521039,473,1,10
521039,481,1,30
521039,488,1,30
521039,502,1,30
521040,473,1,10
521040,481,1,30
521040,488,1,30
521040,506,1,30
521041,473,1,10
521041,481,1,40
521041,490,1,10
521041,508,1,40
521042,473,1,10
521042,481,1,30
521042,502,1,30
521042,500,1,30
521043,473,1,10
521043,481,1,30
521043,498,1,30
521043,500,1,30
521044,473,1,10
521044,481,1,25
521044,490,1,25
521044,512,1,40
521045,473,1,10
521045,476,1,25
521045,488,1,25
521045,516,1,40
521046,473,1,10
521046,490,1,45
521046,506,1,45
521047,473,1,10
521047,506,1,45
521047,508,1,45
521048,473,1,10
521048,481,1,20
521048,496,1,25
521048,476,1,20
521048,485,1,25
521049,473,1,10
521049,506,1,40
521049,490,1,25
521049,508,1,25
521050,473,1,10
521050,506,1,45
521050,476,1,45
522001,1843,2,100
522002,1844,2,100
522003,1845,2,100
522004,1846,2,100
522005,1847,2,100
522006,1848,2,100
522007,1849,2,100
522008,1850,2,100
522009,1851,2,100
522010,1852,2,100
522011,1858,2,100
522012,1859,2,100
522013,1860,2,100
522014,1861,2,100
522015,1862,2,100
522016,1863,2,100
522017,1864,2,100
522018,1865,2,100
522019,1866,2,100
522020,1867,2,100
522021,1873,2,100
522022,1874,2,100
522023,1875,2,100
522024,1876,2,100
522025,1877,2,100
522026,1878,2,100
522027,1879,2,100
522028,1880,2,100
522029,1881,2,100
522030,1882,2,100
522031,1888,2,100
522032,1889,2,100
522033,1890,2,100
522034,1891,2,100
522035,1892,2,100
522036,1893,2,100
522037,1894,2,100
522038,1895,2,100
522039,1896,2,100
522040,1897,2,100
522041,1903,2,100
522042,1904,2,100
522043,1905,2,100
522044,1906,2,100
522045,1907,2,100
522046,1908,2,100
522047,1909,2,100
522048,1910,2,100
522049,1911,2,100
522050,1912,2,100
522051,1918,2,100
522052,1919,2,100
522053,1920,2,100
522054,1921,2,100
522055,1922,2,100
522056,1923,2,100
522057,1924,2,100
522058,1925,2,100
522059,1926,2,100
522060,1927,2,100
522061,1933,2,100
522062,1934,2,100
522063,1935,2,100
522064,1936,2,100
522065,1937,2,100
522066,1938,2,100
522067,1939,2,100
522068,1940,2,100
522069,1941,2,100
522070,1942,2,100
522071,1948,2,100
522072,1949,2,100
522073,1950,2,100
522074,1951,2,100
522075,1952,2,100
522076,1953,2,100
522077,1954,2,100
522078,1955,2,100
522079,1956,2,100
522080,1957,2,100
522081,1963,2,100
522082,1964,2,100
522083,1965,2,100
522084,1966,2,100
522085,1967,2,100
522086,1968,2,100
522087,1969,2,100
522088,1970,2,100
522089,1971,2,100
522090,1972,2,100
522091,1978,2,100
522092,1979,2,100
522093,1980,2,100
522094,1981,2,100
522095,1982,2,100
522096,1983,2,100
522097,1984,2,100
522098,1985,2,100
522099,1986,2,100
522100,1987,2,100
522101,1993,2,100
522102,1994,2,100
522103,1995,2,100
522104,1996,2,100
522105,1997,2,100
522106,1998,2,100
522107,1999,2,100
522108,2000,2,100
522109,2001,2,100
522110,2002,2,100
522111,2008,2,100
522112,2009,2,100
522113,2010,2,100
522114,2011,2,100
522115,2012,2,100
522116,2013,2,100
522117,2014,2,100
522118,2015,2,100
522119,2016,2,100
522120,2017,2,100
522201,1847,1,50
522201,1848,1,50
522202,1848,2,50
522202,1849,2,30
522202,1850,2,20
522203,1850,2,40
522203,1851,2,35
522203,1852,2,25
522204,1862,1,50
522204,1863,1,50
522205,1863,2,50
522205,1864,2,30
522205,1865,2,20
522206,1865,2,40
522206,1866,2,35
522206,1867,2,25
522207,1877,1,50
522207,1878,1,50
522208,1878,2,50
522208,1879,2,30
522208,1880,2,20
522209,1880,2,40
522209,1881,2,35
522209,1882,2,25
522210,1892,1,50
522210,1893,1,50
522211,1893,2,50
522211,1894,2,30
522211,1895,2,20
522212,1895,2,40
522212,1896,2,35
522212,1897,2,25
522213,1907,1,50
522213,1908,1,50
522214,1908,2,50
522214,1909,2,30
522214,1910,2,20
522215,1910,2,40
522215,1911,2,35
522215,1912,2,25
522216,1922,1,50
522216,1923,1,50
522217,1923,2,50
522217,1924,2,30
522217,1925,2,20
522218,1925,2,40
522218,1926,2,35
522218,1927,2,25
522219,1937,1,50
522219,1938,1,50
522220,1938,2,50
522220,1939,2,30
522220,1940,2,20
522221,1940,2,40
522221,1941,2,35
522221,1942,2,25
522222,1952,1,50
522222,1953,1,50
522223,1953,2,50
522223,1954,2,30
522223,1955,2,20
522224,1955,2,40
522224,1956,2,35
522224,1957,2,25
522225,1965,1,50
522225,1966,1,50
522226,1966,1,50
522226,1967,1,30
522226,1968,1,20
522227,1968,2,50
522227,1969,2,30
522227,1970,2,20
522228,1970,2,40
522228,1971,2,35
522228,1972,2,25
522229,1982,1,50
522229,1983,1,50
522230,1983,2,50
522230,1984,2,30
522230,1985,2,20
522231,1985,2,40
522231,1986,2,35
522231,1987,2,25
522232,1997,1,50
522232,1998,1,50
522233,1998,2,50
522233,1999,2,30
522233,2000,2,20
522234,2000,2,40
522234,2001,2,35
522234,2002,2,25
522235,2012,1,50
522235,2013,1,50
522236,2013,2,50
522236,2014,2,30
522236,2015,2,20
522237,2015,2,40
522237,2016,2,35
522237,2017,2,25
530002,1775,2,100
530003,1778,1,100
530004,1778,2,100
530005,1806,2,50
530005,1806,1,50
530006,1806,3,50
530006,1806,2,50
530007,1806,4,50
530007,1806,3,50
530008,1782,1,100
530009,1782,2,100
530010,1779,1,100
530020,1237,1,100
530031,2151,1,30
530031,2151,2,50
530031,2151,3,20
530032,2151,3,30
530032,2151,4,50
530032,2151,5,20
530033,2151,6,30
530033,2151,7,50
530033,2151,8,20
530034,2151,9,30
530034,2151,10,50
530034,2151,11,20
530037,2151,1,30
530037,2151,2,50
530037,2151,3,20
530038,2151,3,30
530038,2151,4,50
530038,2151,5,20
530039,2151,3,30
530039,2151,4,50
530039,2151,5,20
530040,2151,6,30
530040,2151,7,50
530040,2151,8,20
530041,2151,6,30
530041,2151,7,50
530041,2151,8,20
530042,2151,6,30
530042,2151,7,50
530042,2151,8,20
530043,2151,9,30
530043,2151,10,50
530043,2151,11,20
530044,2151,9,30
530044,2151,10,50
530044,2151,11,20
530045,2151,9,30
530045,2151,10,50
530045,2151,11,20
530046,2151,9,30
530046,2151,10,50
530046,2151,11,20
530051,1756,3,50
530051,1756,2,50
530055,1832,2,50
530055,1832,1,50
530056,1833,2,50
530056,1833,1,50
530057,1761,2,50
530057,1761,1,50
530058,1755,3,50
530058,1755,2,50
530059,1762,3,50
530059,1762,2,50
530060,1763,3,50
530060,1763,2,50
530061,1760,3,50
530061,1760,2,50
530062,1758,3,50
530062,1758,2,50
530063,1757,3,50
530063,1757,2,50
530064,1759,3,50
530064,1759,2,50
530071,1778,1,100
530072,1778,2,100
530074,1782,2,100
530075,1775,1,100
530101,1170,1,70
530101,1166,3,30
530102,1652,1,30
530102,1651,2,70
531001,1840,2,25
531001,1840,1,75
531003,1841,2,25
531003,1841,1,75
531004,1841,3,25
531004,1841,2,75
531005,1842,2,25
531005,1842,1,75
531006,1842,3,25
531006,1842,2,75
531007,474,1,10
531007,473,2,10
531007,477,1,40
531007,482,1,40
531008,474,1,10
531008,473,2,10
531008,482,1,40
531008,486,1,40
531009,474,1,10
531009,473,2,10
531009,478,1,40
531009,511,1,40
531010,474,1,10
531010,473,2,10
531010,482,1,40
531010,495,1,40
531011,474,1,10
531011,473,2,10
531011,478,1,40
531011,505,1,40
531012,474,1,10
531012,473,2,10
531012,486,1,40
531012,491,1,40
531013,474,1,10
531013,473,2,10
531013,486,1,40
531013,499,1,40
531014,474,1,10
531014,473,2,10
531014,486,1,40
531014,509,1,40
531015,474,1,10
531015,473,2,10
531015,497,1,40
531015,515,1,40
531016,474,1,10
531016,473,2,10
531016,483,1,40
531016,513,1,40
531017,474,1,10
531017,473,2,10
531017,483,1,40
531017,478,1,40
531018,474,1,10
531018,473,2,10
531018,483,1,40
531018,497,1,40
531019,474,1,10
531019,473,2,10
531019,491,1,40
531019,509,1,40
531020,474,1,10
531020,473,2,10
531020,493,1,40
531020,515,1,40
531021,474,1,10
531021,473,2,10
531021,478,1,40
531021,486,1,40
531022,474,1,10
531022,473,2,10
531022,478,1,40
531022,493,1,40
531023,474,1,10
531023,473,2,10
531023,483,1,40
531023,486,1,40
531024,474,1,10
531024,473,2,10
531024,484,1,40
531024,493,1,40
531025,474,1,10
531025,473,2,10
531025,484,1,40
531025,495,1,40
531026,474,1,10
531026,473,2,10
531026,484,1,40
531026,479,1,40
531027,474,1,10
531027,473,2,10
531027,479,1,40
531027,489,1,40
531028,474,1,10
531028,473,2,10
531028,489,1,40
531028,487,1,40
531029,474,1,10
531029,473,2,10
531029,489,1,40
531029,503,1,40
531030,474,1,10
531030,473,2,10
531030,517,1,40
531030,487,1,40
531031,474,1,10
531031,473,2,10
531031,493,1,40
531031,509,1,40
531032,474,1,10
531032,473,2,10
531032,484,1,40
531032,501,1,40
531033,474,1,10
531033,473,2,10
531033,484,1,40
531033,487,1,40
531034,474,1,10
531034,473,2,10
531034,491,1,40
531034,513,1,40
531035,474,1,10
531035,473,2,10
531035,484,1,40
531035,497,1,40
531036,474,1,10
531036,473,2,10
531036,479,1,40
531036,505,1,40
531037,474,1,10
531037,473,2,10
531037,487,1,40
531037,493,1,40
531038,474,1,10
531038,473,2,10
531038,489,1,40
531038,501,1,40
531039,474,1,10
531039,473,2,10
531039,484,1,40
531039,507,1,40
531040,474,1,10
531040,473,2,10
531040,507,1,40
531040,479,1,40
531041,474,1,10
531041,473,2,10
531041,491,1,40
531041,507,1,40
531042,474,1,10
531042,473,2,10
531042,507,1,40
531042,509,1,40
531043,474,1,15
531043,473,2,10
531043,507,1,35
531043,491,1,20
531043,509,1,20
531044,474,1,10
531044,473,2,10
531044,483,1,30
531044,509,1,25
531044,495,1,25
531045,474,1,10
531045,473,2,10
531045,483,1,30
531045,491,1,25
531045,509,1,25
531046,474,1,10
531046,473,2,10
531046,509,1,25
531046,491,1,25
531046,513,1,30
531047,474,1,15
531047,473,2,10
531047,491,1,25
531047,503,1,25
531047,501,1,25
531048,474,1,10
531048,473,2,10
531048,484,1,20
531048,479,1,30
531048,493,1,30
531049,474,1,10
531049,473,2,10
531049,484,1,25
531049,479,1,25
531049,497,1,30
531050,474,1,15
531050,473,2,10
531050,499,1,25
531050,479,1,25
531050,505,1,25
531051,474,1,10
531051,473,2,10
531051,483,1,40
531051,509,1,40
532006,1853,2,100
532007,1854,2,100
532008,1855,2,100
532009,1856,2,100
532010,1857,2,100
532011,1857,3,100
532016,1868,2,100
532017,1869,2,100
532018,1870,2,100
532019,1871,2,100
532020,1872,2,100
532021,1872,3,100
532026,1883,2,100
532027,1884,2,100
532028,1885,2,100
532029,1886,2,100
532030,1887,2,100
532031,1887,3,100
532036,1898,2,100
532037,1899,2,100
532038,1900,2,100
532039,1901,2,100
532040,1902,2,100
532041,1902,3,100
532046,1913,2,100
532047,1914,2,100
532048,1915,2,100
532049,1916,2,100
532050,1917,2,100
532051,1917,3,100
532056,1928,2,100
532057,1929,2,100
532058,1930,2,100
532059,1931,2,100
532060,1932,2,100
532061,1932,3,100
532066,1943,2,100
532067,1944,2,100
532068,1945,2,100
532069,1946,2,100
532070,1947,2,100
532071,1947,3,100
532076,1958,2,100
532077,1959,2,100
532078,1960,2,100
532079,1961,2,100
532080,1962,2,100
532081,1962,3,100
532086,1973,2,100
532087,1974,2,100
532088,1975,2,100
532089,1976,2,100
532090,1977,2,100
532091,1977,3,100
532096,1988,2,100
532097,1989,2,100
532098,1990,2,100
532099,1991,2,100
532100,1992,2,100
532101,1992,3,100
532106,2003,2,100
532107,2004,2,100
532108,2005,2,100
532109,2006,2,100
532110,2007,2,100
532111,2007,3,100
532116,2018,2,100
532117,2019,2,100
532118,2020,2,100
532119,2021,2,100
532120,2022,2,100
532121,2022,3,100
532126,2023,2,100
532127,2024,2,100
532128,2025,2,100
532129,2026,2,100
532130,2027,2,100
532131,2027,3,100
532136,2028,2,100
532137,2029,2,100
532138,2030,2,100
532139,2031,2,100
532140,2032,2,100
532141,2032,3,100
532146,2033,2,100
532147,2034,2,100
532148,2035,2,100
532149,2036,2,100
532150,2037,2,100
532151,2037,3,100
532156,2038,2,100
532157,2039,2,100
532158,2040,2,100
532159,2041,2,100
532160,2042,2,100
532161,2042,3,100
532166,2043,2,100
532167,2044,2,100
532168,2045,2,100
532169,2046,2,100
532170,2047,2,100
532171,2047,3,100
532176,2048,2,100
532177,2049,2,100
532178,2050,2,100
532179,2051,2,100
532180,2052,2,100
532181,2052,3,100
532202,1853,2,50
532202,1854,2,30
532202,1855,2,20
532203,1855,2,40
532203,1856,2,35
532203,1857,2,25
532204,1853,2,40
532204,1854,2,35
532204,1855,2,25
532205,1868,2,50
532205,1869,2,30
532205,1870,2,20
532206,1870,2,40
532206,1871,2,35
532206,1872,2,25
532207,1868,2,40
532207,1869,2,35
532207,1870,2,25
532208,1883,2,50
532208,1884,2,30
532208,1885,2,20
532209,1885,2,40
532209,1886,2,35
532209,1887,2,25
532210,1883,2,40
532210,1884,2,35
532210,1885,2,25
532211,1898,2,50
532211,1899,2,30
532211,1900,2,20
532212,1900,2,40
532212,1901,2,35
532212,1902,2,25
532213,1898,2,40
532213,1899,2,35
532213,1900,2,25
532214,1913,2,50
532214,1914,2,30
532214,1915,2,20
532215,1915,2,40
532215,1916,2,35
532215,1917,2,25
532216,1913,2,40
532216,1914,2,35
532216,1915,2,25
532217,1928,2,50
532217,1929,2,30
532217,1930,2,20
532218,1930,2,40
532218,1931,2,35
532218,1932,2,25
532219,1928,2,40
532219,1929,2,35
532219,1930,2,25
532220,1943,2,50
532220,1944,2,30
532220,1945,2,20
532221,1945,2,40
532221,1946,2,35
532221,1947,2,25
532222,1943,2,40
532222,1944,2,35
532222,1945,2,25
532223,1958,2,50
532223,1959,2,30
532223,1960,2,20
532224,1960,2,40
532224,1961,2,35
532224,1962,2,25
532225,1958,2,40
532225,1959,2,35
532225,1960,2,25
532227,1973,2,50
532227,1974,2,30
532227,1975,2,20
532228,1975,2,40
532228,1976,2,35
532228,1977,2,25
532229,1973,2,40
532229,1974,2,35
532229,1975,2,25
532230,1988,2,50
532230,1989,2,30
532230,1990,2,20
532231,1990,2,40
532231,1991,2,35
532231,1992,2,25
532232,1988,2,40
532232,1989,2,35
532232,1990,2,25
532233,2003,2,50
532233,2004,2,30
532233,2005,2,20
532234,2005,2,40
532234,2006,2,35
532234,2007,2,25
532235,2003,2,40
532235,2004,2,35
532235,2005,2,25
532236,2018,2,50
532236,2019,2,30
532236,2020,2,20
532237,2020,2,40
532237,2021,2,35
532237,2022,2,25
532238,2018,2,40
532238,2019,2,35
532238,2020,2,25
532239,2023,2,50
532239,2024,2,30
532239,2025,2,20
532240,2025,2,40
532240,2026,2,35
532240,2027,2,25
532241,2023,2,40
532241,2024,2,35
532241,2025,2,25
532242,2028,2,50
532242,2029,2,30
532242,2030,2,20
532243,2030,2,40
532243,2031,2,35
532243,2032,2,25
532244,2028,2,40
532244,2029,2,35
532244,2030,2,25
532245,2033,2,50
532245,2034,2,30
532245,2035,2,20
532246,2035,2,40
532246,2036,2,35
532246,2037,2,25
532247,2033,2,40
532247,2034,2,35
532247,2035,2,25
532248,2038,2,50
532248,2039,2,30
532248,2040,2,20
532249,2040,2,40
532249,2041,2,35
532249,2042,2,25
532250,2038,2,40
532250,2039,2,35
532250,2040,2,25
532251,2043,2,50
532251,2044,2,30
532251,2045,2,20
532252,2045,2,40
532252,2046,2,35
532252,2047,2,25
532253,2043,2,40
532253,2044,2,35
532253,2045,2,25
532254,2048,2,50
532254,2049,2,30
532254,2050,2,20
532255,2050,2,40
532255,2051,2,35
532255,2052,2,25
532256,2048,2,40
532256,2049,2,35
532256,2050,2,25
610010,328,3,5
610010,328,2,12
610010,1050,2,12
610010,1047,2,18
610010,1055,1,14
610010,1057,1,8
610010,413,1,16
610010,326,1,15
610011,328,8,100
611001,354,1,8
611001,413,1,10
611001,409,1,13
611001,408,2,8
611001,346,2,10
611001,347,1,14
611001,353,1,10
611001,339,2,8
611001,340,1,12
611001,446,1,7
620001,440,1,5
620001,728,2,14
620001,731,2,20
620001,737,1,8
620001,739,1,8
620001,741,2,10
620001,450,6,5
620001,461,2,12
620001,734,1,10
620001,736,1,8
620002,2908,3,10
620002,2908,2,50
620002,2908,1,40
620003,2908,1,25
620003,2908,3,5
620003,2908,2,20
620003,461,1,20
620003,734,1,15
620003,736,1,15
620004,461,1,5
620004,1173,2,10
620004,1176,1,22
620004,1178,2,10
620004,1235,2,10
620004,414,1,15
620004,432,5,10
620004,1180,2,5
620004,1181,1,8
620004,1184,1,5
620005,2909,2,50
620005,2909,1,50
620006,414,3,80
620006,1235,1,15
620006,1184,1,5
620007,2909,1,40
620007,2909,2,10
620007,805,2,10
620007,808,1,20
620007,408,1,10
620007,369,3,5
620007,370,2,5
620008,1315,1,25
620008,504,1,30
620008,1298,2,5
620008,1301,1,8
620008,1304,1,6
620008,1308,2,6
620008,1310,2,6
620008,1313,1,8
620008,425,2,6
620009,2910,3,10
620009,2910,2,50
620009,2910,1,40
620010,2910,1,25
620010,2910,3,5
620010,2910,2,20
620010,473,1,5
620010,476,1,25
620010,504,1,20
620011,355,1,5
620011,675,2,12
620011,678,2,10
620011,680,2,8
620011,455,1,10
620011,1048,2,8
620011,1051,1,10
620011,1055,1,10
620011,1057,1,7
620011,1058,1,5
620011,328,3,15
620012,2912,2,50
620012,2912,1,50
620013,1340,1,25
620013,496,1,30
620013,1321,2,6
620013,1324,1,8
620013,1330,1,8
620013,1327,2,5
620013,1335,2,5
620013,1338,1,8
620013,415,2,5
620014,2913,2,50
620014,2913,1,50
620015,2913,1,35
620015,2913,2,15
620015,473,1,10
620015,481,1,20
620015,496,1,20
620016,1464,1,25
620016,506,1,30
620016,1443,2,6
620016,1440,1,8
620016,1450,2,5
620016,1446,1,8
620016,1459,1,10
620016,1456,1,8
620017,2914,2,50
620017,2914,1,50
620018,2914,1,35
620018,2914,2,15
620018,473,1,5
620018,481,1,15
620018,488,1,15
620018,506,1,15
620019,1584,1,12
620019,1569,1,20
620019,1578,2,15
620019,1571,2,8
620019,1583,1,8
620019,1581,2,8
620019,1585,1,5
620019,443,1,18
620019,418,2,6
620020,2915,3,10
620020,2915,2,50
620020,2915,1,40
620021,2915,1,25
620021,2915,3,5
620021,2915,2,20
620021,1575,1,25
620021,1584,2,10
620021,443,1,15
620022,1470,1,20
620022,1467,2,16
620022,1476,1,16
620022,1473,1,12
620022,1484,1,10
620022,1478,1,8
620022,1480,1,7
620022,1481,1,5
620022,1486,2,6
620023,2916,2,50
620023,2916,1,50
620024,833,1,25
620024,492,1,30
620024,827,1,8
620024,825,1,8
620024,829,2,8
620024,831,1,8
620024,414,2,5
620024,440,1,8
620025,2917,3,10
620025,2917,2,50
620025,2917,1,40
620026,2917,1,25
620026,2917,3,5
620026,2917,2,20
620026,473,1,10
620026,476,1,15
620026,475,2,10
620026,492,1,15
620027,1335,1,15
620027,1321,2,15
620027,1324,1,15
620027,1330,1,22
620027,1327,2,8
620027,1332,1,6
620027,1338,1,5
620027,1337,1,8
620027,415,2,6
620028,2918,3,10
620028,2918,2,50
620028,2918,1,40
620029,415,3,45
620029,1338,1,5
620029,2918,1,50
620030,2918,1,25
620030,2918,3,5
620030,2918,2,20
620030,1321,1,20
620030,1324,1,20
620030,355,1,10
620031,891,1,25
620031,500,1,30
620031,872,2,5
620031,875,1,8
620031,878,2,6
620031,886,2,6
620031,881,2,6
620031,889,1,8
620031,802,2,6
620032,2919,3,10
620032,2919,2,50
620032,2919,1,40
620033,2919,1,25
620033,2919,3,5
620033,2919,2,20
620033,473,1,10
620033,488,1,20
620033,500,1,20
620034,1287,1,15
620034,1270,2,15
620034,1273,1,18
620034,1276,1,12
620034,1279,2,9
620034,1282,1,12
620034,1290,1,5
620034,1289,1,8
620034,415,2,6
620035,2920,3,10
620035,2920,2,50
620035,2920,1,40
620036,2920,1,25
620036,2920,3,5
620036,2920,2,20
620036,1270,1,20
620036,1273,1,20
620036,355,1,10
620051,787,1,25
620051,504,1,30
620051,778,2,8
620051,781,2,10
620051,783,2,6
620051,785,1,13
620051,425,2,8
620052,2927,2,50
620052,2927,1,50
620053,355,1,10
620053,1301,2,7
620053,1304,1,10
620053,1310,1,8
620053,1313,1,5
620053,711,1,10
620053,714,2,6
620053,458,1,7
620053,720,1,7
620053,1071,2,8
620053,1077,1,10
620053,1084,1,7
620053,1090,1,5
620054,2930,3,10
620054,2930,2,50
620054,2930,1,40
620055,2930,1,25
620055,2930,3,5
620055,2930,2,20
620055,425,1,20
620055,415,1,20
620055,355,1,10
620056,743,1,25
620056,508,1,30
620056,728,2,8
620056,731,1,10
620056,736,1,7
620056,734,1,10
620056,440,1,10
620057,2931,3,10
620057,2931,2,50
620057,2931,1,40
620058,2931,1,25
620058,2931,3,5
620058,2931,2,20
620058,473,1,10
620058,490,1,20
620058,508,1,20
620059,1537,1,12
620059,1540,2,20
620059,1550,2,8
620059,1550,1,18
620059,1542,1,10
620059,1552,1,5
620059,443,1,18
620059,418,2,9
620060,2932,2,50
620060,2932,1,50
620061,2933,3,10
620061,2933,2,50
620061,2933,1,40
620062,2933,1,25
620062,2933,3,5
620062,2933,2,20
620062,473,1,10
620062,506,1,20
620062,476,1,20
620063,1033,1,25
620063,494,1,30
620063,1021,2,6
620063,1023,1,8
620063,1029,1,7
620063,1025,2,7
620063,1027,1,7
620063,1031,1,10
620064,2935,2,50
620064,2935,1,50
620065,853,1,25
620065,494,1,30
620065,843,2,6
620065,840,1,8
620065,846,2,8
620065,849,1,8
620065,471,4,7
620065,440,1,8
620066,2936,2,50
620066,2936,1,50
620067,967,1,25
620067,510,1,30
620067,955,2,5
620067,958,2,5
620067,963,2,7
620067,965,1,8
620067,961,1,10
620067,440,1,10
620068,2937,2,50
620068,2937,1,50
620069,1392,1,25
620069,476,1,30
620069,1379,2,7
620069,1376,2,7
620069,1384,2,5
620069,1387,2,6
620069,1390,1,10
620069,440,1,10
620070,2938,2,50
620070,2938,1,50
620071,2938,1,35
620071,2938,2,15
620071,473,1,10
620071,481,1,20
620071,476,1,20
620072,355,1,4
620072,686,1,10
620072,683,2,6
620072,689,1,8
620072,692,1,6
620072,1203,1,10
620072,1206,1,9
620072,1209,1,7
620072,1214,1,4
620072,1379,2,8
620072,1384,1,8
620072,1387,1,8
620072,1390,1,6
620072,440,1,6
620073,2939,2,50
620073,2939,1,50
620074,354,1,4
620074,623,2,6
620074,626,1,10
620074,628,1,6
620074,597,2,6
620074,600,1,10
620074,602,1,6
620074,610,2,6
620074,613,1,10
620074,615,1,6
620074,577,2,6
620074,580,1,10
620074,582,1,6
620074,438,1,8
620075,2941,3,10
620075,2941,2,50
620075,2941,1,40
620076,2941,1,25
620076,2941,3,5
620076,2941,2,20
620076,354,2,20
620076,446,1,20
620076,438,1,10
620077,2942,3,10
620077,2942,2,50
620077,2942,1,40
620078,2942,1,35
620078,2942,2,15
620078,708,2,7
620078,711,1,10
620078,718,2,5
620078,714,1,10
620078,458,1,6
620078,720,1,12
620079,355,1,10
620079,1340,1,8
620079,496,1,7
620079,1321,2,6
620079,1324,1,9
620079,1330,1,10
620079,1338,1,5
620079,1136,1,8
620079,485,1,7
620079,1121,2,6
620079,1118,1,9
620079,1128,1,10
620079,1134,1,5
620080,2943,2,50
620080,2943,1,50
620081,1590,1,12
620081,1588,2,13
620081,1594,2,12
620081,1596,2,10
620081,1598,1,16
620081,1592,1,12
620081,1600,1,10
620081,335,2,5
620081,1586,2,10
620082,2944,2,50
620082,2944,1,50
620083,1522,1,10
620083,1522,2,10
620083,1521,2,20
620083,1506,2,12
620083,1509,2,12
620083,1512,2,8
620083,1517,1,20
620083,1523,1,8
620084,1226,1,14
620084,1224,1,30
620084,1235,1,10
620084,1228,1,13
620084,1236,1,12
620084,461,1,12
620084,415,2,6
620084,1214,1,3
620085,1194,1,25
620085,1196,1,20
620085,1235,1,10
620085,1198,1,12
620085,1236,1,12
620085,461,1,12
620085,415,2,6
620085,1184,1,3
620086,1498,1,18
620086,1491,2,8
620086,1489,2,10
620086,1493,2,12
620086,1487,1,10
620086,1496,1,20
620086,1502,1,12
620086,1500,1,10
620087,722,1,25
620087,512,1,30
620087,708,2,6
620087,711,1,9
620087,716,2,5
620087,714,2,5
620087,458,1,5
620087,720,1,15
620088,869,1,25
620088,496,1,30
620088,856,2,8
620088,859,2,6
620088,862,2,9
620088,867,2,10
620088,440,1,12
620089,983,1,25
620089,480,1,30
620089,978,2,8
620089,981,1,10
620089,973,1,10
620089,414,2,5
620089,969,3,12
620090,1001,1,25
620090,480,1,30
620090,993,2,8
620090,996,1,10
620090,999,2,10
620090,971,1,12
620090,414,2,5
620091,1093,1,25
620091,516,1,30
620091,1071,2,6
620091,1074,2,8
620091,1077,1,10
620091,1084,2,4
620091,1090,1,7
620091,1080,5,4
620091,415,2,6
620092,1258,1,25
620092,502,1,30
620092,1239,2,6
620092,1253,1,10
620092,1242,1,10
620092,1248,2,10
620092,1256,1,5
620092,415,2,4
620093,1528,2,7
620093,1528,1,15
620093,1527,2,8
620093,1530,1,15
620093,1534,1,10
620093,1532,1,22
620093,332,1,18
620093,28,1,5
620094,1555,1,26
620094,1563,1,16
620094,1561,2,10
620094,1561,1,5
620094,1567,1,7
620094,418,2,10
620094,443,1,18
620094,442,2,8
620095,1602,1,16
620095,1604,2,12
620095,1608,2,12
620095,1610,1,12
620095,1612,1,16
620095,1606,1,12
620095,1614,1,10
620095,1586,2,10
620096,1633,1,10
620096,1631,2,12
620096,1641,1,18
620096,1637,2,10
620096,1643,2,10
620096,1639,1,10
620096,1635,1,10
620096,1645,1,8
620096,443,2,12
620097,1616,2,8
620097,1618,1,18
620097,1620,1,20
620097,1624,1,10
620097,1622,1,17
620097,443,2,12
620097,1629,1,3
620097,1627,1,12
620098,1678,2,8
620098,1680,1,26
620098,1682,2,17
620098,1683,2,12
620098,1688,1,32
620098,1685,1,5
620099,355,1,5
620099,789,2,6
620099,791,1,10
620099,793,1,8
620099,795,1,6
620099,778,2,8
620099,781,1,10
620099,785,1,6
620099,783,2,6
620099,1491,2,6
620099,1496,1,8
620099,1487,1,10
620099,1495,1,6
620099,425,2,5
620100,355,1,5
620100,1315,1,5
620100,504,1,5
620100,1304,1,4
620100,1313,1,5
620100,1292,1,5
620100,500,1,5
620100,1273,1,4
620100,1290,1,5
620100,1340,1,5
620100,481,1,5
620100,1330,1,4
620100,1338,1,5
620100,1366,1,5
620100,492,1,5
620100,1349,1,4
620100,1364,1,5
620100,1524,1,5
620100,476,1,5
620100,1506,1,4
620100,1523,1,5
620101,473,1,10
620101,504,1,5
620101,476,1,15
620101,500,1,5
620101,488,1,5
620101,481,1,5
620101,496,1,5
620101,492,1,5
620101,506,1,5
620101,349,1,12
620101,350,1,8
620101,354,2,5
620101,355,1,7
620101,342,1,8
620102,355,1,5
620102,909,1,7
620102,481,1,6
620102,897,2,5
620102,905,1,6
620102,907,1,6
620102,833,1,7
620102,492,1,6
620102,827,2,5
620102,829,1,6
620102,831,1,6
620102,1093,1,7
620102,516,1,6
620102,1071,2,5
620102,1074,1,6
620102,1090,1,6
620102,440,1,5
620103,473,1,10
620103,481,1,10
620103,492,1,20
620103,476,1,10
620103,516,1,20
620103,349,1,10
620103,350,1,6
620103,354,2,3
620103,355,1,5
620103,342,1,6
620105,445,5,8
620105,82,2,12
620105,70,5,18
620105,87,3,10
620105,26,1,8
620105,36,2,10
620105,34,2,15
620105,28,1,8
620105,446,1,8
620105,447,1,3
620106,577,1,22
620106,580,1,30
620106,582,1,12
620106,584,2,10
620106,573,2,8
620106,420,2,8
620106,438,1,10
620107,1304,1,12
620107,1298,2,18
620107,1301,1,25
620107,1306,2,8
620107,1310,1,20
620107,1313,1,3
620107,1312,1,10
620107,425,2,4
620108,1097,1,20
620108,1095,2,12
620108,1101,1,17
620108,1099,1,12
620108,1103,1,13
620108,1105,1,6
620108,415,2,10
620108,440,1,10
620109,1216,1,25
620109,490,1,30
620109,1206,1,10
620109,1203,2,8
620109,1209,2,8
620109,1235,1,8
620109,1214,1,6
620109,415,2,5
620110,355,1,5
620110,1121,2,4
620110,1128,2,4
620110,1131,2,5
620110,1134,1,5
620110,1379,2,4
620110,1384,2,4
620110,1387,2,4
620110,1390,1,6
620110,1224,2,5
620110,1226,2,5
620110,1228,1,3
620110,1214,1,5
620110,1194,2,4
620110,1196,2,4
620110,1198,1,5
620110,1184,1,5
620110,1239,2,4
620110,1253,2,4
620110,1245,1,5
620110,1256,1,5
620110,440,2,5
620111,355,1,5
620111,1203,2,4
620111,1206,2,4
620111,1209,1,5
620111,1214,1,5
620111,1239,2,4
620111,1253,2,4
620111,1245,1,5
620111,1256,1,5
620111,1071,2,4
620111,1077,1,4
620111,1084,1,5
620111,1090,1,5
620111,872,2,4
620111,878,1,5
620111,881,1,4
620111,889,1,5
620111,1506,2,4
620111,1509,2,4
620111,1517,1,5
620111,1523,1,5
620111,440,2,5
620112,1777,2,100
620113,1777,2,100
620114,355,1,5
620114,853,1,8
620114,494,1,7
620114,846,2,9
620114,849,1,6
620114,823,1,8
620114,514,1,7
620114,815,1,9
620114,821,1,6
620114,891,1,8
620114,500,1,7
620114,875,1,11
620114,889,1,4
620114,440,2,5
620115,473,1,10
620115,494,1,10
620115,481,1,20
620115,496,1,10
620115,514,1,10
620115,500,1,10
620115,349,1,10
620115,350,1,6
620115,354,2,3
620115,355,1,5
620115,342,1,6
620116,355,1,5
620116,897,2,6
620116,903,1,10
620116,901,2,8
620116,907,1,6
620116,958,1,8
620116,955,1,7
620116,963,1,9
620116,961,1,6
620116,872,2,7
620116,878,1,10
620116,886,2,8
620116,889,1,5
620116,440,2,5
620117,1051,1,14
620117,1048,2,12
620117,1055,2,15
620117,1057,1,12
620117,1058,1,5
620117,328,4,18
620117,414,2,8
620117,440,1,8
620117,335,1,8
620118,897,1,17
620118,899,2,12
620118,896,2,8
620118,901,2,8
620118,903,1,13
620118,907,1,20
620118,328,4,8
620118,415,2,6
620118,440,1,8
620121,2954,2,50
620121,2954,1,50
620122,2954,2,15
620122,2954,1,35
620122,1035,1,20
620122,1037,1,15
620122,1041,1,15
620125,2973,3,10
620125,2973,2,50
620125,2973,1,40
620126,2966,2,50
620126,2966,1,50
620127,2966,2,15
620127,2966,1,35
620127,1156,1,20
620127,461,1,15
620127,1157,1,15
620128,2972,3,10
620128,2972,2,50
620128,2972,1,40
620132,2974,2,50
620132,2974,1,50
620133,2975,2,50
620133,2975,1,50
621001,355,1,8
621001,414,1,10
621001,413,1,12
621001,409,2,8
621001,347,2,10
621001,348,1,12
621001,354,2,10
621001,340,2,10
621001,341,1,12
621001,446,1,8
621002,355,1,10
621002,415,1,15
621002,414,1,14
621002,413,4,6
621002,347,2,6
621002,348,1,14
621002,349,1,12
621002,341,1,10
621002,358,1,5
621002,446,1,5
621002,447,1,3
621003,347,2,14
621003,348,2,10
621003,348,1,14
621003,353,3,10
621003,354,2,12
621003,340,2,9
621003,341,1,20
621003,446,1,8
621003,345,1,3
621004,347,2,14
621004,348,2,14
621004,349,1,10
621004,354,2,10
621004,355,1,17
621004,341,2,10
621004,342,1,12
621004,446,1,7
621004,447,1,3
621004,345,1,3
621005,348,2,10
621005,349,2,15
621005,350,1,7
621005,355,2,8
621005,355,1,18
621005,341,2,12
621005,342,1,10
621005,358,1,5
621005,446,1,10
621005,447,1,5
621006,443,1,12
621006,442,1,15
621006,418,2,12
621006,349,1,14
621006,350,1,8
621006,355,1,8
621006,355,2,10
621006,342,2,8
621006,358,1,8
621006,447,1,5
630001,1423,2,15
630001,484,2,22
630001,1405,2,9
630001,1408,1,12
630001,1419,2,7
630001,1411,2,7
630001,1416,1,10
630001,1421,1,6
630001,1420,1,6
630001,417,2,6
630002,474,1,10
630002,484,2,20
630002,487,2,20
630002,351,2,4
630002,352,2,12
630002,356,1,6
630002,343,1,6
630002,344,1,4
630002,473,2,10
630002,447,2,8
630003,2948,3,10
630003,2948,2,50
630003,2948,1,40
630004,2948,3,5
630004,2948,2,20
630004,2948,1,25
630004,474,1,5
630004,473,2,5
630004,484,1,20
630004,487,1,20
630005,2953,2,50
630005,2953,1,50
630006,2953,2,15
630006,2953,1,35
630006,474,1,5
630006,473,2,5
630006,482,1,20
630006,487,1,20
630010,2955,2,50
630010,2955,1,50
630011,2955,2,15
630011,2955,1,35
630011,474,1,5
630011,473,2,5
630011,483,1,20
630011,513,1,20
630012,1094,2,15
630012,517,2,22
630012,1072,2,12
630012,1075,1,11
630012,1078,1,9
630012,1085,2,6
630012,1091,1,5
630012,1090,1,5
630012,1081,2,7
630012,417,2,8
630013,474,1,10
630013,517,2,20
630013,487,2,20
630013,351,2,4
630013,352,2,12
630013,356,1,6
630013,343,1,6
630013,344,1,4
630013,473,2,10
630013,447,2,8
630014,2950,2,50
630014,2950,1,50
630015,2950,1,10
630015,412,1,19
630015,331,1,21
630015,351,1,18
630015,356,1,17
630015,271,5,15
630016,2951,2,50
630016,2951,1,50
630017,2951,2,15
630017,2951,1,35
630017,474,1,5
630017,473,2,5
630017,482,1,20
630017,495,1,20
630018,2952,2,50
630018,2952,1,50
630019,2952,2,15
630019,2952,1,35
630019,1531,1,15
630019,1535,1,25
630019,333,1,10
630020,1538,2,8
630020,1541,2,24
630020,1551,2,16
630020,1543,1,19
630020,1552,1,5
630020,419,2,12
630020,443,2,5
630020,444,2,7
630020,1553,1,4
630021,2967,3,10
630021,2967,2,50
630021,2967,1,40
630022,2967,3,5
630022,2967,2,20
630022,2967,1,25
630022,1543,1,20
630022,1548,1,15
630022,444,1,15
630025,1259,2,12
630025,503,2,20
630025,1240,2,13
630025,1254,1,14
630025,1243,1,16
630025,1249,2,12
630025,1257,1,4
630025,417,2,9
630026,474,1,10
630026,489,2,20
630026,503,2,20
630026,351,2,4
630026,352,2,12
630026,356,1,6
630026,343,1,6
630026,344,1,4
630026,473,2,10
630026,447,2,8
630027,2957,3,10
630027,2957,2,50
630027,2957,1,40
630028,2957,3,5
630028,2957,2,20
630028,2957,1,25
630028,1195,1,27
630028,1197,1,18
630028,1199,1,5
630029,892,2,14
630029,501,2,19
630029,873,2,14
630029,876,1,16
630029,879,2,9
630029,887,2,8
630029,882,2,7
630029,890,1,5
630029,417,2,3
630029,803,2,5
630030,474,1,10
630030,484,2,20
630030,501,2,20
630030,351,2,4
630030,352,2,12
630030,356,1,6
630030,343,1,6
630030,344,1,4
630030,473,1,10
630030,447,2,8
630031,2962,3,10
630031,2962,2,50
630031,2962,1,40
630032,2962,3,5
630032,2962,2,20
630032,2962,1,25
630032,474,1,5
630032,473,2,5
630032,484,1,20
630032,501,1,20
630051,448,2,26
630051,448,3,51
630051,448,4,20
630051,448,5,3
630052,356,8,20
630052,356,7,30
630052,356,6,25
630052,355,7,11
630052,355,5,8
630052,354,10,6
630053,356,1,4
630053,767,2,10
630053,771,1,9
630053,772,2,7
630053,765,1,6
630053,1038,2,10
630053,1036,2,8
630053,1040,1,9
630053,1042,1,5
630053,699,2,9
630053,701,2,7
630053,704,1,9
630053,453,1,7
630054,356,1,4
630054,637,2,7
630054,635,1,8
630054,631,2,5
630054,779,2,12
630054,784,1,9
630054,786,1,8
630054,782,2,9
630054,1147,2,11
630054,1145,2,8
630054,1149,1,9
630054,467,1,10
630055,2151,19,30
630055,2151,20,50
630055,2151,21,20
630056,1293,2,18
630056,489,1,26
630056,1271,2,11
630056,1274,1,11
630056,1280,2,10
630056,1288,2,9
630056,1291,1,7
630056,417,2,8
630057,474,1,10
630057,489,2,20
630057,501,2,20
630057,351,2,4
630057,352,2,13
630057,356,1,6
630057,343,1,4
630057,344,1,4
630057,473,2,10
630057,447,2,6
630057,448,1,3
630058,1341,2,16
630058,497,1,24
630058,1322,2,9
630058,1325,1,12
630058,1331,1,11
630058,1328,2,8
630058,1336,2,7
630058,1339,1,7
630058,417,2,6
630059,474,1,10
630059,484,2,20
630059,497,2,20
630059,351,2,4
630059,352,2,13
630059,356,1,6
630059,343,1,4
630059,344,1,4
630059,473,2,10
630059,447,2,6
630059,448,1,3
630060,1316,2,15
630060,505,1,26
630060,1299,2,14
630060,1302,2,10
630060,1305,1,13
630060,1311,2,9
630060,1314,1,7
630060,426,2,6
630061,474,1,10
630061,479,2,20
630061,505,2,20
630061,351,2,4
630061,352,2,13
630061,356,1,6
630061,343,1,4
630061,344,1,4
630061,473,2,10
630061,447,2,6
630061,448,1,3
630062,1367,2,15
630062,479,1,26
630062,1347,2,10
630062,1350,1,13
630062,1353,2,10
630062,1362,1,11
630062,1365,1,7
630062,417,2,8
630063,474,1,10
630063,487,2,20
630063,493,2,20
630063,351,2,4
630063,352,2,13
630063,356,1,6
630063,343,1,4
630063,344,1,4
630063,473,2,10
630063,447,2,6
630063,448,1,3
630064,1511,1,7
630064,1511,2,11
630064,1522,2,10
630064,1521,2,18
630064,1507,2,9
630064,1510,2,8
630064,1514,2,12
630064,1517,1,10
630064,1508,1,8
630064,1523,1,7
630065,1463,2,15
630065,1451,1,21
630065,1441,2,28
630065,1448,2,12
630065,1461,1,16
630065,1455,1,5
630065,1457,1,3
630066,1072,2,12
630066,1075,1,17
630066,1081,2,12
630066,1082,2,14
630066,1079,1,10
630066,417,2,9
630066,1091,1,5
630066,1092,1,6
630066,1086,1,12
630066,1090,1,3
630067,1499,2,12
630067,1492,1,12
630067,1490,2,11
630067,1494,1,15
630067,1503,1,13
630067,1497,2,18
630067,1501,1,9
630067,1500,1,5
630067,426,5,5
630068,1693,2,10
630068,1691,2,15
630068,1695,2,13
630068,1703,1,5
630068,1702,1,7
630068,1698,2,15
630068,1705,2,12
630068,443,3,10
630068,444,2,13
630069,1782,2,100
630070,1707,2,18
630070,1708,2,20
630070,1711,2,18
630070,1712,1,13
630070,1709,1,14
630070,1714,1,12
630070,1713,1,5
630071,1471,2,15
630071,1468,2,23
630071,1477,2,14
630071,1474,1,14
630071,1485,1,9
630071,1479,1,13
630071,1481,1,7
630071,1482,1,5
630072,1556,2,18
630072,1564,1,16
630072,1562,2,14
630072,1562,1,12
630072,1567,1,5
630072,419,2,12
630072,444,2,12
630072,443,2,6
630072,1553,1,5
630073,1570,2,15
630073,1579,2,19
630073,1584,2,10
630073,1573,1,16
630073,1582,2,14
630073,1585,1,5
630073,419,1,9
630073,444,2,7
630073,1553,1,5
630074,1679,2,13
630074,1681,2,19
630074,1682,2,10
630074,1684,2,23
630074,1683,2,5
630074,1689,2,20
630074,1686,1,6
630074,1685,1,4
630075,1670,2,4
630075,1673,1,12
630075,1669,2,8
630075,1672,2,8
630075,1675,2,10
630075,1677,2,10
630075,352,1,13
630075,1688,2,12
630075,356,2,7
630075,344,2,9
630075,448,1,7
630076,1591,2,8
630076,1590,2,6
630076,1589,2,10
630076,1595,2,10
630076,1597,1,12
630076,1599,2,12
630076,1593,1,12
630076,1601,1,10
630076,1600,1,4
630076,327,2,8
630076,1587,2,8
630077,1603,2,12
630077,1602,2,6
630077,1605,2,10
630077,1609,2,12
630077,1611,1,11
630077,1613,2,15
630077,1607,1,12
630077,1615,1,10
630077,1614,1,4
630077,1587,2,8
630078,1649,2,18
630078,1648,2,25
630078,1651,2,10
630078,419,2,12
630078,418,3,8
630078,444,1,14
630078,443,2,8
630078,1652,1,5
630079,1649,2,15
630079,1648,1,16
630079,1651,1,19
630079,419,2,19
630079,444,2,16
630079,443,2,11
630079,1652,1,4
630080,1634,2,5
630080,1632,2,14
630080,1642,1,15
630080,1638,2,9
630080,1644,1,16
630080,1640,1,12
630080,1636,1,9
630080,1646,1,8
630080,1645,1,6
630080,444,2,6
630081,1617,2,8
630081,1616,2,6
630081,1619,2,13
630081,1621,2,16
630081,1625,1,13
630081,1623,1,14
630081,444,2,8
630081,1630,1,5
630081,1629,1,3
630081,1627,1,14
630082,1653,2,12
630082,1654,2,15
630082,419,2,14
630082,444,2,12
630082,1657,1,12
630082,1655,1,15
630082,1748,3,10
630082,1749,2,10
630083,1658,2,15
630083,1659,2,17
630083,419,2,14
630083,444,2,13
630083,1661,1,14
630083,1660,1,18
630083,333,2,9
630084,1834,2,50
630084,1834,1,50
630085,1663,2,15
630085,1664,2,17
630085,419,2,14
630085,444,2,13
630085,1666,1,14
630085,1665,1,18
630085,333,2,9
630086,1835,2,50
630086,1835,1,50
630087,356,3,5
630087,1217,3,4
630087,491,2,6
630087,1210,2,5
630087,1215,1,4
630087,1393,3,5
630087,479,2,6
630087,1385,2,4
630087,1391,1,4
630087,1137,3,4
630087,478,2,6
630087,1122,2,5
630087,1135,1,4
630087,892,3,5
630087,501,2,6
630087,879,2,4
630087,890,1,4
630087,1259,3,4
630087,503,2,6
630087,1249,2,5
630087,1257,1,4
630088,356,3,5
630088,1094,3,4
630088,517,2,6
630088,1085,2,5
630088,1091,1,4
630088,1465,3,5
630088,507,2,6
630088,1451,2,4
630088,1457,1,4
630088,1423,3,4
630088,484,2,6
630088,1408,2,5
630088,1421,1,4
630088,1367,3,5
630088,493,2,6
630088,1347,2,4
630088,1365,1,4
630088,1691,3,4
630088,1701,2,6
630088,1695,2,5
630088,1703,1,4
630089,1427,2,10
630089,1425,2,30
630089,1424,2,10
630089,417,1,15
630089,1430,1,6
630089,1429,1,12
630089,1434,1,10
630089,441,1,7
631001,355,1,8
631001,416,1,10
631001,415,1,12
631001,414,2,8
631001,350,2,10
631001,351,1,12
631001,355,2,10
631001,342,2,10
631001,343,1,12
631001,447,1,8
631002,356,1,9
631002,417,1,13
631002,416,1,12
631002,351,2,9
631002,352,1,14
631002,352,2,7
631002,343,2,8
631002,344,1,10
631002,358,1,5
631002,447,2,9
631002,448,1,4
631003,350,2,14
631003,351,2,10
631003,351,1,15
631003,354,3,10
631003,355,2,12
631003,342,2,11
631003,343,1,16
631003,447,1,9
631003,345,1,3
631004,351,2,10
631004,352,1,14
631004,352,2,7
631004,355,2,10
631004,356,1,17
631004,343,2,10
631004,344,1,13
631004,447,2,11
631004,448,1,5
631004,345,1,3
631005,351,3,7
631005,352,2,10
631005,352,1,17
631005,356,2,8
631005,356,1,16
631005,343,2,12
631005,344,1,10
631005,358,1,5
631005,447,2,10
631005,448,1,5
631006,444,1,10
631006,443,1,13
631006,419,2,12
631006,351,2,7
631006,352,1,12
631006,352,2,6
631006,355,2,8
631006,356,1,12
631006,344,2,8
631006,358,1,5
631006,448,1,7
710001,271,1,10
710001,292,1,15
710001,293,1,8
710001,277,1,10
710001,302,1,8
710001,272,1,14
710001,385,1,10
710001,320,1,5
710001,2630,1,16
710001,2630,2,4
710002,317,2,12
710002,322,1,10
710002,280,1,14
710002,279,1,8
710002,99,2,10
710002,296,1,12
710002,391,1,10
710002,339,1,4
710002,2630,1,16
710002,2630,2,4
710003,271,1,12
710003,292,1,12
710003,293,1,6
710003,275,1,10
710003,302,1,8
710003,272,1,16
710003,384,1,8
710003,339,1,8
710003,2630,1,16
710003,2630,2,4
710004,322,1,12
710004,317,1,12
710004,281,1,14
710004,276,1,12
710004,98,4,8
710004,272,1,8
710004,279,1,8
710004,346,1,6
710004,2630,1,16
710004,2630,2,4
710005,271,1,8
710005,278,1,12
710005,272,1,12
710005,305,1,12
710005,292,1,10
710005,296,1,14
710005,314,1,6
710005,346,1,6
710005,2630,1,16
710005,2630,2,4
710006,271,1,10
710006,292,1,12
710006,272,1,14
710006,386,1,10
710006,302,1,8
710006,318,1,12
710006,323,1,8
710006,353,1,6
710006,2630,1,16
710006,2630,2,4
710007,293,1,8
710007,294,1,10
710007,295,1,14
710007,297,1,12
710007,319,1,12
710007,321,1,10
710007,392,1,7
710007,340,1,7
710007,2630,1,16
710007,2630,2,4
710008,280,1,16
710008,303,1,8
710008,304,1,8
710008,306,1,10
710008,274,1,14
710008,325,1,8
710008,393,1,10
710008,347,1,6
710008,2630,1,16
710008,2630,2,4
710031,408,1,12
710031,408,2,3
710031,407,4,8
710031,433,4,12
710031,432,4,12
710031,99,12,8
710031,346,1,10
710031,339,1,5
710031,353,1,5
710031,2630,1,18
710031,2630,2,7
710032,424,1,12
710032,423,2,16
710032,436,2,9
710032,434,2,9
710032,99,12,8
710032,346,1,10
710032,339,1,6
710032,353,1,5
710032,2630,1,18
710032,2630,2,7
710033,407,3,20
710033,571,10,18
710033,99,12,21
710033,346,1,8
710033,339,1,8
710033,2630,1,18
710033,2630,2,7
710034,969,1,15
710034,409,1,12
710034,408,2,8
710034,434,3,12
710034,99,12,8
710034,346,1,14
710034,339,1,6
710034,2630,1,18
710034,2630,2,7
710035,353,1,15
710035,407,3,12
710035,571,10,10
710035,99,12,15
710035,346,1,10
710035,339,1,8
710035,2630,1,20
710035,2630,2,10
710036,353,1,15
710036,424,1,8
710036,423,2,10
710036,436,2,4
710036,434,2,4
710036,407,3,7
710036,571,10,6
710036,99,12,8
710036,346,1,5
710036,339,1,3
710036,2630,1,20
710036,2630,2,10
710037,353,1,15
710037,424,1,8
710037,423,2,10
710037,436,2,4
710037,434,2,4
710037,407,3,7
710037,571,10,6
710037,99,12,8
710037,346,1,5
710037,339,1,3
710037,2630,1,20
710037,2630,2,10
710051,2630,1,100
710101,2152,1,10
710101,272,3,15
710101,273,2,15
710101,275,2,20
710101,277,2,20
710101,278,3,10
710101,281,2,10
710102,2152,1,10
710102,292,3,28
710102,294,2,21
710102,294,3,10
710102,295,2,13
710102,297,2,18
710103,2152,1,10
710103,445,1,10
710103,82,1,18
710103,79,2,12
710103,70,3,20
710103,87,1,12
710103,86,2,18
710104,2152,1,10
710104,1783,1,20
710104,85,1,14
710104,265,1,8
710104,371,1,20
710104,278,1,16
710104,86,1,12
710105,2152,1,10
710105,320,1,5
710105,318,2,20
710105,319,1,19
710105,317,4,10
710105,56,2,12
710105,339,1,8
710105,346,1,8
710105,353,1,8
710106,2152,1,10
710106,363,1,15
710106,362,1,22
710106,367,1,16
710106,365,2,19
710106,259,2,10
710106,260,1,8
710107,2152,1,10
710107,2170,1,10
710107,523,2,20
710107,524,1,20
710107,45,3,25
710107,423,2,15
710108,2152,1,10
710108,2161,1,10
710108,548,2,10
710108,550,1,15
710108,553,1,15
710108,555,1,20
710108,558,1,5
710108,537,1,15
710109,2155,1,10
710109,2152,1,10
710109,2183,1,25
710109,576,1,15
710109,579,1,20
710109,572,2,10
710109,575,2,10
710110,2155,1,10
710110,2152,1,10
710110,2170,1,10
710110,753,1,30
710110,756,1,5
710110,45,2,15
710110,423,2,20
710111,2155,1,10
710111,2152,1,10
710111,445,1,10
710111,408,1,15
710111,384,2,10
710111,339,1,15
710111,346,1,10
710111,353,1,20
710112,2155,1,10
710112,2152,1,10
710112,991,2,10
710112,991,1,15
710112,434,4,25
710112,969,1,5
710112,274,5,15
710112,424,1,10
710113,374,1,1
710113,2155,1,10
710113,2152,1,10
710113,363,1,18
710113,362,2,15
710113,389,1,12
710113,371,1,16
710113,259,3,8
710113,260,1,10
710114,2155,1,10
710114,2152,1,10
710114,445,1,10
710114,82,1,18
710114,79,2,12
710114,70,3,15
710114,87,1,10
710114,86,2,15
710115,2155,1,10
710115,2152,1,10
710115,2152,2,5
710115,620,2,12
710115,620,4,6
710115,616,3,20
710115,616,6,5
710115,616,15,2
710115,617,2,15
710115,407,4,15
710116,2155,1,10
710116,2152,1,10
710116,2152,2,5
710116,445,1,15
710116,408,1,10
710116,384,2,10
710116,339,1,15
710116,346,1,10
710116,353,1,15
710117,2155,1,10
710117,2152,1,10
710117,2152,2,5
710117,893,2,6
710117,893,1,25
710117,45,2,6
710117,408,1,15
710117,306,2,10
710117,326,1,8
710117,325,2,5
710118,2155,1,10
710118,2152,1,10
710118,2152,2,5
710118,567,1,15
710118,569,1,6
710118,564,1,28
710118,408,2,14
710118,99,10,12
710119,2155,1,10
710119,2152,1,10
710119,2152,2,5
710119,2214,1,25
710119,685,1,8
710119,682,1,15
710119,450,2,5
710119,408,1,5
710119,693,1,12
710119,691,1,5
710120,2155,1,10
710120,2155,2,5
710120,2152,1,10
710120,2152,2,5
710120,2197,1,25
710120,642,1,8
710120,639,1,18
710120,645,1,10
710120,424,1,2
710120,423,3,3
710120,271,3,4
710121,2155,1,10
710121,2155,2,5
710121,2152,1,10
710121,2152,2,5
710121,2303,1,25
710121,977,1,14
710121,980,1,8
710121,409,1,5
710121,408,2,4
710121,969,1,10
710121,371,2,4
710122,2155,2,5
710122,2155,1,10
710122,2152,2,10
710122,2186,1,15
710122,2183,1,15
710122,596,1,5
710122,599,1,8
710122,594,2,4
710122,591,2,4
710122,576,1,6
710122,579,1,10
710122,584,1,4
710122,572,2,2
710122,575,2,2
710123,2155,2,5
710123,2155,1,10
710123,2152,2,10
710123,2240,1,15
710123,2194,1,15
710123,757,1,8
710123,760,1,10
710123,756,1,3
710123,622,1,6
710123,625,1,8
710123,620,2,3
710123,617,2,3
710123,616,3,4
710124,2152,1,10
710124,575,2,12
710124,575,4,6
710124,571,2,18
710124,571,6,12
710124,572,2,18
710124,572,4,6
710124,407,2,18
710125,2152,1,10
710125,322,2,15
710125,281,3,18
710125,276,2,18
710125,279,2,22
710125,321,1,10
710125,304,1,7
710126,2152,1,10
710126,2152,2,5
710126,2173,1,25
710126,532,2,20
710126,534,1,8
710126,408,1,10
710126,407,2,14
710126,45,3,8
710127,2152,1,10
710127,2152,2,5
710127,2161,1,10
710127,392,1,10
710127,391,1,18
710127,385,2,12
710127,386,2,15
710127,384,1,10
710127,387,1,10
710128,2152,1,10
710128,2152,2,5
710128,2183,1,25
710128,576,1,10
710128,579,1,14
710128,584,1,8
710128,572,2,7
710128,575,2,7
710128,407,2,14
710129,2155,2,5
710129,2155,1,10
710129,2152,2,10
710129,991,1,8
710129,434,4,12
710129,434,2,8
710129,969,1,3
710129,424,1,7
710129,893,1,15
710129,408,1,10
710129,306,2,5
710129,326,1,4
710129,325,2,3
710130,2155,2,5
710130,2155,1,10
710130,2152,2,10
710130,2240,1,15
710130,2197,1,15
710130,757,1,5
710130,760,1,6
710130,756,1,3
710130,642,1,8
710130,639,1,13
710130,645,1,6
710130,271,3,4
711001,2152,1,10
711001,2152,2,5
711001,620,2,14
711001,620,4,7
711001,616,6,12
711001,617,2,10
711001,407,4,10
711001,991,1,10
711001,434,4,12
711001,969,1,5
711001,424,1,5
711002,2152,1,10
711002,2152,2,5
711002,1783,1,20
711002,85,1,15
711002,265,1,10
711002,371,1,16
711002,278,1,14
711002,86,1,10
711003,271,1,15
711003,305,1,15
711003,275,1,15
711003,302,1,15
711003,272,1,20
711003,2630,1,16
711003,2630,2,4
711004,2155,2,5
711004,2155,1,10
711004,2152,2,10
711004,2194,1,15
711004,2211,1,15
711004,622,1,6
711004,625,1,8
711004,616,3,3
711004,451,1,3
711004,674,1,6
711004,677,1,8
711004,680,1,3
711004,454,1,5
711004,537,1,3
711005,2152,1,10
711005,2177,1,10
711005,548,2,8
711005,550,1,14
711005,537,1,10
711005,384,1,6
711005,385,2,5
711005,540,2,8
711005,542,1,14
711005,537,1,8
711005,386,1,7
711006,2155,2,5
711006,2155,1,10
711006,2152,2,10
711006,2271,1,25
711006,855,1,6
711006,858,1,6
711006,861,1,10
711006,864,1,2
711006,866,1,8
711006,409,1,18
711007,2152,2,10
711007,2152,1,15
711007,320,1,7
711007,318,2,16
711007,319,1,13
711007,56,2,11
711007,339,1,9
711007,346,1,9
711007,353,1,10
711101,2900,1,40
711101,2900,2,60
711102,2901,1,40
711102,2901,2,60
711103,2902,1,30
711103,2902,2,55
711103,2902,3,15
711104,2903,1,40
711104,2903,2,60
711105,2904,1,40
711105,2904,2,60
711106,2965,1,40
711106,2965,2,60
720001,271,2,8
720001,292,2,10
720001,293,1,8
720001,277,2,8
720001,302,2,8
720001,272,2,10
720001,385,2,8
720001,320,1,10
720001,329,1,5
720001,2631,1,10
720001,2630,1,10
720001,2630,2,5
720002,317,2,10
720002,322,2,8
720002,280,2,10
720002,279,1,8
720002,99,4,8
720002,296,2,10
720002,391,1,10
720002,340,1,5
720002,395,1,6
720002,2631,1,10
720002,2630,1,10
720002,2630,2,5
720003,271,1,12
720003,292,2,8
720003,293,1,6
720003,275,2,8
720003,302,2,8
720003,272,2,12
720003,384,1,8
720003,340,1,8
720003,329,1,5
720003,2631,1,10
720003,2630,1,10
720003,2630,2,5
720004,322,2,10
720004,317,4,8
720004,281,2,12
720004,276,2,10
720004,98,8,6
720004,272,2,8
720004,279,1,8
720004,347,1,8
720004,395,1,5
720004,2631,1,10
720004,2630,1,10
720004,2630,2,5
720005,271,2,8
720005,278,2,8
720005,272,2,10
720005,305,2,10
720005,292,2,8
720005,296,2,12
720005,315,1,5
720005,347,1,8
720005,329,1,6
720005,2631,1,10
720005,2630,1,10
720005,2630,2,5
720006,271,2,8
720006,292,2,8
720006,272,2,10
720006,386,1,8
720006,302,1,8
720006,325,1,10
720006,323,2,8
720006,354,1,9
720006,334,1,6
720006,2631,1,10
720006,2630,1,10
720006,2630,2,5
720008,303,1,8
720008,304,1,8
720008,306,2,8
720008,274,2,10
720008,326,1,10
720008,393,1,12
720008,349,1,5
720008,335,1,8
720008,355,1,6
720008,2631,1,10
720008,2630,1,10
720008,2630,2,5
720009,385,2,10
720009,384,1,12
720009,271,2,12
720009,329,1,10
720009,347,1,10
720009,348,1,8
720009,353,1,8
720009,354,1,5
720009,2631,1,10
720009,2630,1,10
720009,2630,2,5
720011,322,2,12
720011,396,1,10
720011,332,1,5
720011,276,2,12
720011,341,1,6
720011,348,1,10
720011,349,1,8
720011,353,1,8
720011,354,1,4
720011,2631,1,10
720011,2630,1,10
720011,2630,2,5
720012,306,2,8
720012,329,1,12
720012,325,1,10
720012,335,1,4
720012,334,1,6
720012,348,1,14
720012,349,1,10
720012,354,1,6
720012,355,1,5
720012,2631,1,10
720012,2630,1,10
720012,2630,2,5
720013,329,1,12
720013,325,2,6
720013,304,1,8
720013,281,1,10
720013,290,1,10
720013,385,2,8
720013,341,1,7
720013,348,1,8
720013,354,1,5
720013,2631,1,10
720013,2630,1,10
720013,2630,2,6
720014,329,1,11
720014,325,2,8
720014,319,1,9
720014,280,2,9
720014,393,1,10
720014,341,1,10
720014,342,1,8
720014,347,2,8
720014,354,1,5
720014,2631,1,9
720014,2630,1,9
720014,2630,2,4
720031,414,1,7
720031,413,1,11
720031,409,1,14
720031,433,6,9
720031,432,6,9
720031,99,12,5
720031,347,2,5
720031,348,1,5
720031,354,1,5
720031,341,1,5
720031,2631,1,10
720031,2631,2,5
720031,2630,1,10
720032,425,1,12
720032,424,2,8
720032,436,2,5
720032,434,2,5
720032,99,12,5
720032,347,2,5
720032,348,1,12
720032,349,1,8
720032,354,1,5
720032,341,1,5
720032,357,1,5
720032,2631,1,10
720032,2631,2,5
720032,2630,1,10
720033,407,3,20
720033,571,10,18
720033,99,12,21
720033,346,1,8
720033,339,1,8
720033,2631,1,10
720033,2631,2,5
720033,2630,1,10
720035,353,1,15
720035,407,3,12
720035,571,10,10
720035,99,12,15
720035,346,1,10
720035,339,1,8
720035,2631,1,12
720035,2631,2,8
720035,2630,1,10
720037,353,1,15
720037,424,1,8
720037,423,2,10
720037,436,2,4
720037,434,2,4
720037,407,3,7
720037,571,10,6
720037,99,12,8
720037,346,1,5
720037,339,1,3
720037,2631,1,12
720037,2631,2,8
720037,2630,1,10
720051,2631,1,100
720052,2631,1,100
720101,2153,1,10
720101,2155,2,5
720101,2162,1,10
720101,560,1,20
720101,560,2,10
720101,559,2,15
720101,537,2,8
720101,538,1,12
720101,436,2,10
720102,2153,1,10
720102,2155,2,5
720102,2162,1,10
720102,1015,1,15
720102,1017,1,20
720102,1019,1,6
720102,469,1,8
720102,538,1,12
720102,537,2,6
720102,387,2,8
720103,2153,1,10
720103,2155,2,5
720103,805,1,25
720103,808,1,5
720103,409,1,35
720103,369,6,10
720103,370,4,10
720104,2153,1,10
720104,2155,2,5
720104,836,1,18
720104,836,2,6
720104,835,3,12
720104,838,2,12
720104,408,2,14
720104,407,4,5
720104,45,4,18
720105,2153,1,10
720105,2153,2,5
720105,2155,2,5
720105,940,2,10
720105,940,1,15
720105,939,1,30
720105,436,3,15
720105,322,5,10
720106,2153,1,10
720106,2153,2,5
720106,2155,2,5
720106,2251,1,25
720106,789,1,10
720106,791,1,16
720106,795,1,6
720106,425,1,10
720106,469,1,8
720106,468,2,5
720107,374,1,1
720107,2153,1,10
720107,2153,2,5
720107,2155,2,5
720107,363,1,18
720107,362,2,15
720107,389,1,12
720107,371,1,16
720107,259,3,8
720107,260,1,10
720108,2153,1,10
720108,2153,2,5
720108,2155,2,5
720108,445,1,10
720108,82,1,16
720108,79,2,12
720108,70,3,18
720108,87,1,14
720108,86,2,10
720109,2153,1,10
720109,2153,2,5
720109,2155,2,5
720109,2192,1,25
720109,610,1,8
720109,613,1,14
720109,608,2,4
720109,605,2,4
720109,455,1,8
720109,455,2,3
720109,420,3,5
720109,438,1,3
720109,615,1,6
720110,2156,1,10
720110,2153,1,10
720110,2195,1,25
720110,623,1,8
720110,626,1,14
720110,618,2,4
720110,621,2,4
720110,452,1,8
720110,452,2,3
720110,420,4,5
720110,438,1,3
720110,628,1,6
720111,2156,1,10
720111,2153,1,10
720111,2225,1,25
720111,708,1,12
720111,711,1,15
720111,718,2,4
720111,714,1,10
720111,720,1,6
720111,414,1,8
720112,2156,1,10
720112,2153,1,10
720112,2205,1,25
720112,658,1,8
720112,663,1,12
720112,662,1,5
720112,661,1,12
720112,666,1,8
720112,425,2,5
720112,322,6,5
720113,2156,1,10
720113,2153,1,10
720113,329,1,15
720113,334,1,6
720113,324,1,10
720113,332,1,5
720113,446,1,5
720113,347,2,5
720113,348,1,10
720113,349,1,6
720113,354,1,10
720113,355,1,8
720114,2156,2,5
720114,2156,1,10
720114,2153,2,10
720114,2212,1,25
720114,675,1,8
720114,678,1,12
720114,680,2,5
720114,455,1,12
720114,425,2,8
720114,538,1,5
720115,2156,2,5
720115,2156,1,10
720115,2153,2,10
720115,2330,1,25
720115,1051,1,7
720115,1048,1,13
720115,1055,2,5
720115,328,4,8
720115,414,1,6
720115,440,1,5
720115,335,1,6
720116,2156,2,5
720116,2156,1,10
720116,2153,2,10
720116,565,1,18
720116,567,2,12
720116,569,1,6
720116,564,2,12
720116,413,2,14
720116,413,1,5
720116,99,16,8
720117,2156,2,5
720117,2156,1,10
720117,2153,2,5
720117,2241,1,10
720117,2184,1,10
720117,2192,1,10
720117,758,1,5
720117,761,1,8
720117,756,1,2
720117,577,1,5
720117,580,1,8
720117,582,1,3
720117,610,1,5
720117,613,1,7
720117,455,1,5
720117,615,1,2
720118,2153,1,10
720118,2155,2,5
720118,292,3,30
720118,294,2,16
720118,294,3,7
720118,295,2,7
720118,297,2,17
720118,298,1,8
720119,2153,1,10
720119,2155,2,5
720119,763,2,13
720119,763,1,25
720119,434,2,13
720119,424,2,20
720119,271,2,7
720119,292,3,7
720120,2153,1,10
720120,2155,2,5
720120,2187,1,30
720120,597,1,8
720120,600,1,12
720120,595,2,5
720120,592,2,5
720120,450,2,8
720120,450,4,4
720120,420,2,6
720120,438,1,3
720120,602,1,4
720121,2153,1,10
720121,2153,2,5
720121,2155,2,5
720121,445,2,10
720121,446,1,10
720121,409,1,14
720121,386,2,12
720121,292,2,10
720121,340,1,9
720121,347,2,6
720121,348,1,4
720121,354,1,5
720122,2153,1,10
720122,2153,2,5
720122,2155,2,5
720122,2189,1,25
720122,634,1,11
720122,633,1,5
720122,636,1,9
720122,630,2,5
720122,638,1,5
720122,420,2,5
720122,450,2,12
720122,438,1,3
720123,2153,1,10
720123,2153,2,5
720123,2155,2,5
720123,2162,1,25
720123,560,2,7
720123,560,3,5
720123,559,3,5
720123,436,3,5
720123,537,3,3
720123,538,3,3
720123,538,2,5
720123,546,1,11
720123,545,2,5
720123,544,1,6
720124,2153,1,10
720124,2153,2,5
720124,2155,2,5
720124,2243,1,30
720124,766,1,15
720124,770,1,4
720124,769,1,10
720124,425,1,9
720124,768,1,12
720125,2156,1,10
720125,2153,1,10
720125,562,1,23
720125,387,2,25
720125,538,1,22
720125,537,2,10
720126,2156,1,10
720126,2153,1,10
720126,2212,1,15
720126,2195,1,11
720126,675,1,9
720126,678,1,11
720126,680,2,7
720126,623,1,6
720126,626,1,7
720126,618,2,4
720126,621,2,4
720126,438,1,3
720126,628,1,3
720127,2156,2,5
720127,2156,1,10
720127,2153,2,10
720127,2364,1,25
720127,1156,1,14
720127,329,2,7
720127,414,1,7
720127,452,1,4
720127,461,1,4
720127,1157,1,10
720127,1158,1,4
720128,2156,2,5
720128,2156,1,10
720128,2153,2,10
720128,2343,1,25
720128,1095,1,6
720128,1097,1,10
720128,1101,1,7
720128,1099,1,5
720128,1103,1,6
720128,1105,1,2
720128,99,20,4
720128,415,1,7
720128,440,1,3
720129,2156,2,5
720129,2156,1,10
720129,2153,2,10
720129,2189,1,13
720129,2205,1,13
720129,634,1,8
720129,636,1,6
720129,630,2,3
720129,638,1,3
720129,658,1,6
720129,663,1,7
720129,662,1,3
720129,661,1,4
720129,666,1,6
720129,322,6,3
720130,2156,2,5
720130,2156,1,10
720130,2153,2,9
720130,2189,1,7
720130,2192,1,7
720130,2195,1,7
720130,2187,1,7
720130,634,1,6
720130,636,1,4
720130,638,1,2
720130,610,1,4
720130,613,1,6
720130,615,1,2
720130,623,1,4
720130,626,1,6
720130,628,1,2
720130,597,1,4
720130,600,1,6
720130,602,1,2
721001,271,1,20
721001,305,1,15
721001,275,1,15
721001,302,1,15
721001,272,1,10
721001,2631,1,10
721001,2630,1,10
721001,2630,2,5
721002,2153,1,10
721002,2155,2,5
721002,2241,1,10
721002,758,1,16
721002,761,1,20
721002,760,2,8
721002,756,1,6
721002,425,1,10
721002,424,2,5
721002,423,6,10
721003,2153,1,10
721003,2153,2,5
721003,2155,2,5
721003,775,1,30
721003,774,4,15
721003,434,6,15
721003,423,4,10
721003,322,4,10
721004,2156,1,10
721004,2153,2,5
721004,2212,1,15
721004,2184,1,15
721004,675,1,4
721004,678,1,8
721004,680,2,4
721004,455,1,7
721004,425,2,5
721004,538,1,4
721004,577,1,3
721004,580,1,8
721004,582,1,3
721004,584,1,6
721004,438,1,3
721005,2156,2,5
721005,2153,2,5
721005,2198,1,8
721005,2205,1,8
721005,2212,1,8
721005,2241,1,8
721005,643,1,4
721005,640,1,7
721005,646,1,5
721005,658,1,4
721005,663,1,7
721005,661,1,5
721005,666,1,4
721005,675,1,3
721005,678,1,5
721005,455,1,4
721005,758,1,4
721005,761,1,6
721006,2156,1,10
721006,2153,1,10
721006,335,1,4
721006,334,1,6
721006,329,1,10
721006,326,1,6
721006,325,2,10
721006,341,1,10
721006,342,1,5
721006,348,1,10
721006,349,1,7
721006,355,1,7
721006,358,1,5
721007,2156,2,5
721007,2156,1,10
721007,2153,2,10
721007,2258,1,25
721007,813,1,10
721007,815,1,8
721007,817,1,12
721007,802,1,4
721007,801,2,6
721007,414,1,10
721008,2156,2,5
721008,2156,1,10
721008,2153,2,10
721008,2371,1,25
721008,1176,1,12
721008,461,1,8
721008,432,10,5
721008,1178,2,10
721008,414,1,7
721008,1180,2,5
721008,1181,1,3
721009,2156,2,5
721009,2156,1,10
721009,2153,2,10
721009,2380,1,25
721009,1206,1,5
721009,1203,1,15
721009,1209,1,8
721009,415,1,10
721009,461,1,5
721009,432,5,7
721010,2156,2,5
721010,2156,1,10
721010,2153,2,10
721010,2353,1,25
721010,1121,1,5
721010,1118,1,14
721010,1131,2,8
721010,1125,2,6
721010,1123,1,7
721010,414,1,10
721011,2153,1,10
721011,2198,1,8
721011,2205,1,8
721011,2212,1,8
721011,643,1,6
721011,640,1,9
721011,646,1,7
721011,658,1,6
721011,663,1,7
721011,666,1,9
721011,675,1,6
721011,678,1,10
721011,455,1,6
721101,2911,1,40
721101,2911,2,60
721102,2926,1,40
721102,2926,2,60
721103,2928,1,40
721103,2928,2,60
721104,2929,1,40
721104,2929,2,60
721105,2934,1,40
721105,2934,2,60
721106,2940,1,40
721106,2940,2,60
721107,2945,1,40
721107,2945,2,60
721108,2963,1,40
721108,2963,2,60
730003,330,1,10
730003,271,3,11
730003,292,2,11
730003,384,3,9
730003,401,1,7
730003,349,2,7
730003,341,1,7
730003,343,1,7
730003,355,1,3
730003,2632,1,12
730003,2632,2,7
730003,2631,1,9
730007,293,3,9
730007,294,3,9
730007,297,2,9
730007,332,1,5
730007,333,1,2
730007,392,2,8
730007,401,1,10
730007,402,1,8
730007,351,1,5
730007,354,1,3
730007,355,1,3
730007,2632,1,12
730007,2632,2,7
730007,2631,1,10
730008,327,1,6
730008,331,1,12
730008,335,1,10
730008,303,2,6
730008,304,2,6
730008,274,2,10
730008,343,1,6
730008,351,1,6
730008,356,1,6
730008,358,1,4
730008,2632,1,12
730008,2632,2,7
730008,2631,1,9
730009,385,2,10
730009,384,2,12
730009,271,3,13
730009,333,1,3
730009,330,1,10
730009,349,1,6
730009,350,1,6
730009,354,1,7
730009,355,1,5
730009,2632,1,12
730009,2632,2,7
730009,2631,1,9
730010,99,4,8
730010,386,3,10
730010,387,2,8
730010,393,2,9
730010,428,1,6
730010,343,1,8
730010,349,1,7
730010,350,1,5
730010,354,1,6
730010,355,1,5
730010,2632,1,12
730010,2632,2,7
730010,2631,1,9
730013,330,1,12
730013,304,2,8
730013,281,2,8
730013,290,2,10
730013,291,1,8
730013,385,2,8
730013,343,1,6
730013,349,1,7
730013,355,1,5
730013,2632,1,12
730013,2632,2,7
730013,2631,1,9
730014,330,1,12
730014,329,2,9
730014,401,1,8
730014,280,2,11
730014,393,2,8
730014,343,1,5
730014,349,2,6
730014,354,1,7
730014,355,1,5
730014,2632,1,12
730014,2632,2,8
730014,2631,1,9
730015,330,1,12
730015,271,2,9
730015,279,3,9
730015,393,2,8
730015,390,1,8
730015,402,1,7
730015,343,1,7
730015,349,1,6
730015,355,1,5
730015,2632,1,12
730015,2632,2,8
730015,2631,1,9
730031,416,1,6
730031,415,1,10
730031,414,1,12
730031,433,8,5
730031,432,8,5
730031,99,16,5
730031,349,1,6
730031,350,1,8
730031,355,1,5
730031,342,1,7
730031,2632,1,10
730031,2632,2,11
730031,2631,2,10
730032,271,5,5
730032,305,5,5
730032,421,1,5
730032,448,1,3
730032,426,1,6
730032,425,2,8
730032,437,1,5
730032,349,1,5
730032,350,1,4
730032,355,1,5
730032,341,1,5
730032,342,1,4
730032,358,1,3
730032,2632,1,12
730032,2632,2,15
730032,2631,3,10
730033,539,1,12
730033,459,1,5
730033,538,2,5
730033,458,1,8
730033,457,2,10
730033,537,2,10
730033,349,1,5
730033,350,1,5
730033,355,1,5
730033,342,1,5
730033,2632,1,12
730033,2632,2,8
730033,2631,1,10
730034,470,1,8
730034,539,1,9
730034,538,2,5
730034,469,1,7
730034,538,1,9
730034,387,2,8
730034,355,1,7
730034,349,1,6
730034,342,1,6
730034,2632,1,10
730034,2632,2,15
730034,2631,3,10
730035,421,1,8
730035,407,8,11
730035,571,13,11
730035,99,15,13
730035,349,1,5
730035,350,1,5
730035,355,1,6
730035,342,1,5
730035,2632,1,11
730035,2632,2,15
730035,2631,3,10
730051,2632,1,100
730052,2632,1,100
730101,2154,1,10
730101,2154,2,5
730101,2179,1,25
730101,543,4,10
730101,543,2,16
730101,541,3,18
730101,539,1,9
730101,538,2,7
730102,2154,1,11
730102,2154,2,6
730102,2156,2,5
730102,446,1,10
730102,447,1,5
730102,82,1,16
730102,80,1,5
730102,70,5,18
730102,87,2,14
730102,86,3,10
730103,2154,1,10
730103,2154,2,5
730103,2193,1,25
730103,606,2,12
730103,608,4,5
730103,603,4,12
730103,603,10,6
730103,603,20,3
730103,605,4,5
730103,421,3,9
730103,420,4,8
730104,2154,1,17
730104,2154,2,13
730104,2156,2,10
730104,764,2,9
730104,764,1,15
730104,435,2,10
730104,424,2,13
730104,271,3,5
730104,292,3,8
730105,2154,1,11
730105,2154,2,5
730105,292,4,15
730105,293,3,14
730105,297,3,14
730105,298,2,14
730105,294,3,12
730105,296,3,12
730105,752,1,3
730106,2154,1,10
730106,2154,2,5
730106,2268,1,25
730106,844,1,8
730106,847,1,12
730106,841,1,15
730106,850,1,8
730106,470,1,7
730106,852,1,5
730106,471,3,5
730107,2157,1,10
730107,2154,2,5
730107,2196,1,25
730107,624,1,8
730107,627,1,13
730107,619,2,6
730107,626,2,5
730107,453,2,7
730107,421,4,7
730107,439,1,5
730107,438,1,3
730107,628,1,6
730108,2157,1,20
730108,2154,2,16
730108,895,2,8
730108,536,2,6
730108,894,2,7
730108,45,4,4
730108,327,1,3
730108,335,1,4
730108,435,3,10
730108,991,3,8
730108,434,6,5
730108,970,1,5
730108,424,1,4
730109,2157,1,10
730109,2154,2,5
730109,2320,1,25
730109,1009,1,8
730109,1007,1,14
730109,1006,2,6
730109,1011,1,10
730109,539,2,7
730109,1013,1,7
730109,459,1,8
730110,2157,2,5
730110,2157,1,10
730110,2278,1,25
730110,873,1,6
730110,876,1,12
730110,879,1,6
730110,878,2,5
730110,887,1,10
730110,882,1,6
730110,417,1,10
730110,802,2,5
730111,2157,2,5
730111,2157,1,10
730111,2190,1,25
730111,635,1,13
730111,634,1,5
730111,637,1,10
730111,631,2,5
730111,638,1,5
730111,421,2,5
730111,450,2,11
730111,439,1,3
730111,438,1,3
730112,2157,2,5
730112,2157,1,10
730112,2163,1,12
730112,1016,1,7
730112,1018,1,17
730112,1017,2,7
730112,1020,1,13
730112,470,1,11
730112,539,1,12
730112,538,2,6
730113,2157,2,5
730113,2157,1,10
730113,2368,1,25
730113,1164,1,13
730113,1163,2,6
730113,1168,1,8
730113,1166,1,6
730113,1169,1,3
730113,459,2,7
730113,462,1,7
730113,417,2,7
730113,441,1,3
730114,2157,2,5
730114,2157,1,10
730114,2193,1,7
730114,2242,1,7
730114,2199,1,7
730114,2206,1,7
730114,611,1,6
730114,614,1,7
730114,759,1,6
730114,762,1,7
730114,644,1,7
730114,647,1,9
730114,664,1,6
730114,667,1,9
730115,2157,1,15
730115,2154,2,10
730115,2156,2,5
730115,446,1,10
730115,447,1,5
730115,82,1,14
730115,80,1,5
730115,70,5,15
730115,87,3,12
730115,86,5,9
731001,2157,1,10
731001,2154,2,5
731001,2420,1,25
731001,1347,1,10
731001,1350,1,15
731001,1353,2,8
731001,1356,1,9
731001,1359,4,3
731001,1362,1,10
731001,417,1,5
731002,2154,1,10
731002,2154,2,5
731002,2206,1,25
731002,659,1,10
731002,664,1,15
731002,663,1,5
731002,661,2,7
731002,667,1,13
731002,426,2,5
731002,322,6,5
731003,2154,1,10
731003,2154,2,5
731003,2244,1,25
731003,767,1,11
731003,766,2,5
731003,771,1,6
731003,770,1,7
731003,772,1,11
731003,426,1,9
731003,765,1,11
731004,2154,1,10
731004,2154,2,5
731004,2190,1,25
731004,635,1,12
731004,634,1,5
731004,637,1,9
731004,631,2,6
731004,638,1,6
731004,421,2,6
731004,450,2,10
731004,439,1,3
731004,438,1,3
731005,2157,1,10
731005,2154,2,5
731005,2368,1,25
731005,1164,1,15
731005,1163,2,4
731005,1168,1,8
731005,1166,1,5
731005,1169,1,3
731005,459,2,8
731005,462,1,7
731005,417,2,7
731005,441,1,3
731006,2154,1,10
731006,2154,2,5
731006,2320,1,25
731006,1009,1,9
731006,1007,1,16
731006,1006,2,5
731006,1011,1,10
731006,539,2,6
731006,1013,1,5
731006,459,1,9
731008,426,1,10
731008,425,2,13
731008,437,1,8
731008,99,12,5
731008,349,1,6
731008,350,1,5
731008,355,1,7
731008,341,1,6
731008,342,1,5
731008,358,1,5
731008,2632,1,12
731008,2632,2,8
731008,2631,1,10
731101,2946,1,40
731101,2946,2,60
731102,2947,1,40
731102,2947,2,60
731103,2949,1,40
731103,2949,2,60
731104,2959,1,40
731104,2959,2,60
731105,2961,1,40
731105,2961,2,60
731106,2976,1,40
731106,2976,2,60
